submission_id,platform,campaign_type,days_live,creator_followers,avg_views_30d,video_length_sec,views,likes,comments,shares,saves,reach,avg_watch_time_sec,completion_rate,tier1_audience_pct,profile_traffic_pct,search_traffic_pct,fyp_reels_explore_pct,graph_pattern,retention_pattern,max_view_jump_pct,flatline_hours_before_jump,like_freeze_flag,late_like_spike_flag,no_matching_engagement_flag,comment_quality,suspicious_comment_pct,repeated_comment_pct,bot_like_profile_pct,views_to_avg_multiplier,like_rate,comment_rate,share_rate,engagement_rate,reach_view_ratio,fraud_risk_score,risk_level,label,decision_recommendation,likely_fraud_type,reviewer_reason,suggested_action,source_type,source_note
OBS-0001,TikTok,3 month rule,7,8664,2176,15,102146,105,0,75,209,53595,0.86,0.0574,0.4348,0.0385,0.0512,0.9103,vertical_spike_no_engagement,unknown,3.2,16,True,False,True,none,0.3619,0.0037,0.4894,46.9421,0.001028,0.0,0.000734,0.001762,0.52469,96,Critical,botted,Reject,fake_views,large sudden view jump; views rise without matching engagement; high views with almost no comments; likes freeze while views increase,Reject; escalate only if analytics confirms deliberate botting.,observed_screenshot,"User-provided screenshot example: rejected submission with 102,146 views, 105 likes, 0 comments, 75 shares."
OBS-0002,TikTok,TripRank [CAR SLIDESHOWS] #2,4,679,7145,20,304209,2441,9,1,1165,83136,5.61,0.2807,0.6501,0.4888,0.2789,0.2323,flat_then_spike,unknown,2.8,72,False,False,True,mixed,0.4575,0.0141,0.2004,42.5765,0.008024,3e-05,3e-06,0.008057,0.273286,93,Critical,botted,Reject,fake_boost,large sudden view jump; views rise without matching engagement,Reject; escalate only if analytics confirms deliberate botting.,observed_screenshot,"User-provided screenshot example: rejected submission with flat period then jump; 304,209 views, 9 comments, 1 share."
OBS-0003,TikTok,Match My Top Speed,9,7771,696,45,15637,280,8,0,55,6394,22.43,0.4985,0.3679,0.3874,0.0551,0.5575,step_like_batches,unknown,1.5,8,False,True,True,mixed,0.4362,0.3517,0.486,22.467,0.017906,0.000512,0.0,0.018418,0.408902,78,High,suspicious,Reject and ask for analytics in ticket,possible_autoswipe,large sudden view jump; views rise without matching engagement; late like spike,Reject and write: Send analytics in ticket.,observed_screenshot,User-provided screenshot example: rejected submission with step-like graph and low shares.
OBS-0004,TikTok,TripRank [CAR SLIDESHOWS] #2,6,7318,221552,15,1348911,184982,1131,6411,3036,710653,6.75,0.45,0.5155,0.08,0.03,0.86,normal_viral_smooth,unknown,0.32,0,False,False,False,relevant_discussion,0.4812,0.3941,0.3348,6.0885,0.137134,0.000838,0.004753,0.142726,0.526835,16,Low,clean,Approve / monitor later,none,metrics and graph pattern move proportionally,"Approve, but monitor high-view posts after approval.",observed_screenshot,User-provided screenshot example labeled real engagement; smooth graph and strong engagement.
SYN-0045,Instagram,Anime Edit,14,33306,44164,60,309366,33858,1400,1022,1035,187898,32.32,0.5387,0.4412,0.1152,0.0817,0.7232,smooth_gradual,strong_retention,0.0864,0,False,False,False,short_but_relevant,0.0186,0.0725,0.0393,7.0049,0.109443,0.004525,0.003304,0.117272,0.607365,5,Low,clean,Approve / monitor later,none,metrics and graph pattern move proportionally,"Approve, but monitor high-view posts after approval.",synthetic,Synthetic clean example generated from review rules.
SYN-0134,YouTube Shorts,Tech Gadget,1,3564,1440,20,42995,616,6,27,0,27565,6.23,0.3117,0.6422,0.1899,0.2515,0.5266,late_like_spike,flat_or_odd,0.984,31,False,True,False,mixed,0.2952,0.3957,0.4124,29.8576,0.014327,0.00014,0.000628,0.015095,0.641121,48,Medium,suspicious,Needs Manual Review,needs_analytics,late like spike,"Manually review graph, comments, traffic source, geography, and account history.",synthetic,Synthetic suspicious example generated from review rules.
SYN-0185,YouTube Shorts,AI App Demo,9,42730,8167,15,252356,2562,11,12,213,175045,4.0,0.2664,0.3914,0.335,0.0983,0.4994,step_like_batches,flat_or_odd,1.3713,36,True,False,False,unrelated,0.4629,0.2324,0.5804,30.8995,0.010152,4.4e-05,4.8e-05,0.010243,0.693643,73,High,suspicious,Reject and ask for analytics in ticket,possible_fake_views,large sudden view jump; likes freeze while views increase; comment quality: unrelated,Reject and write: Send analytics in ticket.,synthetic,Synthetic suspicious example generated from review rules.
SYN-0239,TikTok,Mobile Game Speedrun,4,1513,168,45,22984,5,3,6,18,13442,3.03,0.0673,0.1691,0.879,0.4691,0.0,vertical_spike_no_engagement,flat_retention,2.6811,8,False,False,True,unrelated,0.8404,0.7726,0.8368,136.8095,0.000218,0.000131,0.000261,0.000609,0.584842,99,Critical,botted,Reject,autoclick_autoswipe,large sudden view jump; views rise without matching engagement; high views with almost no comments; high profile/search-style traffic,Reject; escalate only if analytics confirms deliberate botting.,synthetic,Synthetic botted example generated from review rules.
SYN-0119,YouTube Shorts,Travel Hook,1,30141,11253,10,325688,3066,2,190,158,115495,0.81,0.0806,0.5496,0.2302,0.1462,0.5975,flat_then_spike,low_watch_time,0.9103,27,False,False,True,generic_repeated,0.5432,0.4282,0.4083,28.9423,0.009414,6e-06,0.000583,0.010003,0.354619,51,Medium,suspicious,Needs Manual Review,needs_analytics,views rise without matching engagement; high views with almost no comments; comment quality: generic_repeated,"Manually review graph, comments, traffic source, geography, and account history.",synthetic,Synthetic suspicious example generated from review rules.
SYN-0110,TikTok,Tech Gadget,6,1581,348,10,16556,263,1,27,44,13320,3.8,0.3798,0.1695,0.4563,0.0746,0.3707,step_like_batches,sudden_drop,0.9299,5,False,False,True,unrelated,0.3782,0.1108,0.4545,47.5747,0.015885,6e-05,0.001631,0.017577,0.804542,73,High,suspicious,Reject and ask for analytics in ticket,needs_analytics,views rise without matching engagement; high views with almost no comments; comment quality: unrelated,Reject and write: Send analytics in ticket.,synthetic,Synthetic suspicious example generated from review rules.
SYN-0088,Instagram,Tech Gadget,5,5326,848,25,4145,423,10,18,22,3603,12.94,0.5175,0.621,0.1009,0.1067,0.7361,smooth_gradual,gradual_drop,0.1583,4,False,False,False,relevant_discussion,0.0224,0.0338,0.0269,4.888,0.102051,0.002413,0.004343,0.108806,0.86924,5,Low,clean,Approve / monitor later,none,metrics and graph pattern move proportionally,"Approve, but monitor high-view posts after approval.",synthetic,Synthetic clean example generated from review rules.
SYN-0277,Instagram,Mobile Game Speedrun,4,2195,2583,12,341702,1590,17,65,1286,32360,0.14,0.012,0.4921,0.8242,0.3061,0.0,flat_then_spike,broken_or_missing,1.3439,20,False,False,True,generic_repeated,0.4914,0.8503,0.8149,132.2888,0.004653,5e-05,0.00019,0.004893,0.094702,99,Critical,botted,Reject,fake_boost,large sudden view jump; views rise without matching engagement; low reach-to-view ratio; high profile/search-style traffic,Reject; escalate only if analytics confirms deliberate botting.,synthetic,Synthetic botted example generated from review rules.
SYN-0080,YouTube Shorts,Car Slideshows,11,219,50,8,208,2,0,1,0,178,5.27,0.6583,0.7341,0.1876,0.0521,0.7158,smooth_gradual,strong_retention,0.164,4,False,False,False,short_but_relevant,0.0207,0.0722,0.0245,4.16,0.009615,0.0,0.004808,0.014423,0.855769,5,Low,clean,Approve / monitor later,none,metrics and graph pattern move proportionally,"Approve, but monitor high-view posts after approval.",synthetic,Synthetic clean example generated from review rules.
SYN-0075,Instagram,Tech Gadget,2,44784,11022,45,40933,3229,321,27,42,34669,29.93,0.6652,0.4238,0.1774,0.092,0.6739,normal_viral_smooth,strong_retention,0.25,1,False,False,False,relevant_discussion,0.0955,0.0782,0.0843,3.7138,0.078885,0.007842,0.00066,0.087387,0.846969,5,Low,clean,Approve / monitor later,none,metrics and graph pattern move proportionally,"Approve, but monitor high-view posts after approval.",synthetic,Synthetic clean example generated from review rules.
SYN-0145,Instagram,Car Slideshows,1,38631,27178,12,320603,7271,186,405,1211,42092,1.21,0.1012,0.4829,0.504,0.3139,0.1005,late_like_spike,flat_or_odd,0.8174,4,False,True,False,mixed,0.5849,0.1313,0.214,11.7964,0.022679,0.00058,0.001263,0.024523,0.13129,64,High,suspicious,Reject and ask for analytics in ticket,possible_fake_boost,late like spike; low reach-to-view ratio; high profile/search-style traffic,Reject and write: Send analytics in ticket.,synthetic,Synthetic suspicious example generated from review rules.
SYN-0056,YouTube Shorts,Finance Explainer,9,6371,800,25,984,8,1,5,0,844,9.84,0.3937,0.5672,0.0602,0.0518,0.8765,smooth_gradual,gradual_drop,0.3444,4,False,False,False,relevant_discussion,0.097,0.0728,0.0836,1.23,0.00813,0.001016,0.005081,0.014228,0.857724,5,Low,clean,Approve / monitor later,none,metrics and graph pattern move proportionally,"Approve, but monitor high-view posts after approval.",synthetic,Synthetic clean example generated from review rules.
SYN-0108,YouTube Shorts,Fitness Clip,3,178715,162452,10,600000,6409,218,112,565,371687,3.79,0.3795,0.4741,0.4261,0.0665,0.4506,low_engagement_smooth,flat_or_odd,0.439,24,False,False,False,emoji_spam,0.2467,0.1318,0.5227,3.6934,0.010682,0.000363,0.000187,0.011232,0.619478,49,Medium,suspicious,Needs Manual Review,needs_analytics,comment quality: emoji_spam,"Manually review graph, comments, traffic source, geography, and account history.",synthetic,Synthetic suspicious example generated from review rules.
SYN-0032,YouTube Shorts,AI App Demo,13,219964,88437,8,409895,4619,111,666,179,385865,3.83,0.4785,0.7922,0.1363,0.0956,0.7498,normal_viral_smooth,gradual_drop,0.157,0,False,False,False,relevant_discussion,0.0619,0.0426,0.1423,4.6349,0.011269,0.000271,0.001625,0.013164,0.941375,5,Low,clean,Approve / monitor later,none,metrics and graph pattern move proportionally,"Approve, but monitor high-view posts after approval.",synthetic,Synthetic clean example generated from review rules.
SYN-0084,TikTok,Tech Gadget,5,111,156,15,436,61,2,6,3,408,11.62,0.7747,0.6969,0.1341,0.0165,0.8023,smooth_gradual,strong_retention,0.3379,4,False,False,False,relevant_discussion,0.0853,0.0461,0.0718,2.7949,0.139908,0.004587,0.013761,0.158257,0.93578,5,Low,clean,Approve / monitor later,none,metrics and graph pattern move proportionally,"Approve, but monitor high-view posts after approval.",synthetic,Synthetic clean example generated from review rules.
SYN-0158,TikTok,Tech Gadget,2,2719,3214,30,120570,687,38,46,386,88162,6.63,0.2211,0.5968,0.4906,0.0694,0.3841,low_engagement_smooth,low_watch_time,1.5484,30,False,False,False,emoji_spam,0.3228,0.4491,0.4736,37.514,0.005698,0.000315,0.000382,0.006395,0.73121,72,High,suspicious,Reject and ask for analytics in ticket,possible_engagement_pod,large sudden view jump; comment quality: emoji_spam,Reject and write: Send analytics in ticket.,synthetic,Synthetic suspicious example generated from review rules.
SYN-0021,Instagram,Finance Explainer,4,356280,323608,45,928353,39507,5065,5732,375,873390,19.75,0.4389,0.447,0.1443,0.0738,0.7191,normal_viral_smooth,strong_retention,0.3469,2,False,False,False,short_but_relevant,0.0282,0.0174,0.1487,2.8688,0.042556,0.005456,0.006174,0.054186,0.940795,5,Low,clean,Approve / monitor later,none,metrics and graph pattern move proportionally,"Approve, but monitor high-view posts after approval.",synthetic,Synthetic clean example generated from review rules.
SYN-0020,YouTube Shorts,Anime Edit,5,996,1367,8,5025,130,5,14,5,4315,3.62,0.4522,0.7959,0.1647,0.1186,0.6902,smooth_gradual,gradual_drop,0.3193,0,False,False,False,relevant_discussion,0.0256,0.0403,0.0923,3.6759,0.025871,0.000995,0.002786,0.029652,0.858706,5,Low,clean,Approve / monitor later,none,metrics and graph pattern move proportionally,"Approve, but monitor high-view posts after approval.",synthetic,Synthetic clean example generated from review rules.
SYN-0267,TikTok,Anime Edit,12,153,64,15,10000,247,1,5,24,3533,0.39,0.0263,0.3137,0.4206,0.3731,0.1064,likes_freeze,flat_retention,2.1552,42,True,False,True,emoji_spam,0.9673,0.3964,0.5179,156.25,0.0247,0.0001,0.0005,0.0253,0.3533,99,Critical,botted,Reject,fake_views,large sudden view jump; views rise without matching engagement; high views with almost no comments; likes freeze while views increase,Reject; escalate only if analytics confirms deliberate botting.,synthetic,Synthetic botted example generated from review rules.
SYN-0283,TikTok,Car Slideshows,6,2938,4309,20,301964,20272,1,22,276,130235,2.19,0.1096,0.2783,0.7141,0.4637,0.0,vertical_spike_no_engagement,very_low_watch_time,3.0764,11,True,False,True,none,0.7208,0.622,0.5678,70.0775,0.067134,3e-06,7.3e-05,0.06721,0.431293,99,Critical,botted,Reject,fake_views,large sudden view jump; views rise without matching engagement; high views with almost no comments; likes freeze while views increase,Reject; escalate only if analytics confirms deliberate botting.,synthetic,Synthetic botted example generated from review rules.
SYN-0122,YouTube Shorts,Mobile Game Speedrun,10,32957,30798,8,385415,2092,37,243,162,346086,2.51,0.3132,0.2367,0.4514,0.114,0.3806,late_like_spike,low_watch_time,0.8943,13,True,True,False,unrelated,0.213,0.2749,0.3984,12.5143,0.005428,9.6e-05,0.00063,0.006154,0.897957,50,Medium,suspicious,Needs Manual Review,possible_engagement_pod,likes freeze while views increase; late like spike; comment quality: unrelated,"Manually review graph, comments, traffic source, geography, and account history.",synthetic,Synthetic suspicious example generated from review rules.
SYN-0148,TikTok,Mobile Game Speedrun,1,267,288,45,17008,360,4,22,55,13593,10.57,0.2349,0.6583,0.2069,0.1073,0.6476,low_engagement_smooth,sudden_drop,1.3111,18,False,False,True,generic_repeated,0.3406,0.3291,0.2902,59.0556,0.021167,0.000235,0.001294,0.022695,0.799212,45,Medium,suspicious,Needs Manual Review,possible_fake_views,large sudden view jump; views rise without matching engagement; comment quality: generic_repeated,"Manually review graph, comments, traffic source, geography, and account history.",synthetic,Synthetic suspicious example generated from review rules.
SYN-0184,Instagram,Car Slideshows,10,21019,31276,10,600000,7213,13,248,2836,98395,1.99,0.1987,0.1743,0.4539,0.3125,0.1805,low_engagement_smooth,sudden_drop,1.4868,21,False,False,False,generic_repeated,0.3592,0.3657,0.5604,19.184,0.012022,2.2e-05,0.000413,0.012457,0.163992,58,Medium,suspicious,Needs Manual Review,needs_analytics,large sudden view jump; low reach-to-view ratio; comment quality: generic_repeated,"Manually review graph, comments, traffic source, geography, and account history.",synthetic,Synthetic suspicious example generated from review rules.
SYN-0120,YouTube Shorts,Mobile Game Speedrun,3,249399,233367,25,600000,6362,208,328,223,351807,9.18,0.367,0.5867,0.5222,0.2023,0.2154,low_engagement_smooth,sudden_drop,1.3844,17,True,False,False,emoji_spam,0.4846,0.2844,0.299,2.5711,0.010603,0.000347,0.000547,0.011497,0.586345,45,Medium,suspicious,Needs Manual Review,possible_fake_boost,large sudden view jump; likes freeze while views increase; high profile/search-style traffic; comment quality: emoji_spam,"Manually review graph, comments, traffic source, geography, and account history.",synthetic,Synthetic suspicious example generated from review rules.
SYN-0163,YouTube Shorts,Car Slideshows,14,260852,148558,20,600000,8437,140,517,501,403964,3.94,0.1971,0.4634,0.358,0.0583,0.52,step_like_batches,low_watch_time,0.5851,8,False,False,False,generic_repeated,0.4138,0.4021,0.2309,4.0388,0.014062,0.000233,0.000862,0.015157,0.673273,56,Medium,suspicious,Needs Manual Review,possible_fake_views,comment quality: generic_repeated,"Manually review graph, comments, traffic source, geography, and account history.",synthetic,Synthetic suspicious example generated from review rules.
SYN-0009,TikTok,Travel Hook,9,42507,24435,25,60404,8311,129,888,154,34005,18.49,0.7396,0.8081,0.0296,0.0934,0.8345,normal_viral_smooth,gradual_drop,0.3644,0,False,False,False,short_but_relevant,0.0583,0.0045,0.0705,2.472,0.13759,0.002136,0.014701,0.154427,0.562959,5,Low,clean,Approve / monitor later,none,metrics and graph pattern move proportionally,"Approve, but monitor high-view posts after approval.",synthetic,Synthetic clean example generated from review rules.
SYN-0168,YouTube Shorts,Finance Explainer,14,105304,18464,15,600000,6447,14,753,55,447821,5.41,0.3609,0.4178,0.5763,0.2008,0.1338,flat_then_spike,low_watch_time,0.7068,27,False,False,True,mixed,0.4069,0.2317,0.3948,32.4957,0.010745,2.3e-05,0.001255,0.012023,0.746368,50,Medium,suspicious,Needs Manual Review,possible_autoswipe,views rise without matching engagement; high profile/search-style traffic,"Manually review graph, comments, traffic source, geography, and account history.",synthetic,Synthetic suspicious example generated from review rules.
SYN-0132,TikTok,Car Slideshows,1,1596,672,15,10000,159,5,5,25,7121,4.31,0.2875,0.4912,0.3563,0.1578,0.4344,low_engagement_smooth,low_watch_time,1.2662,12,False,False,True,emoji_spam,0.1885,0.1433,0.4728,14.881,0.0159,0.0005,0.0005,0.0169,0.7121,59,Medium,suspicious,Needs Manual Review,possible_fake_views,large sudden view jump; views rise without matching engagement; comment quality: emoji_spam,"Manually review graph, comments, traffic source, geography, and account history.",synthetic,Synthetic suspicious example generated from review rules.
SYN-0141,TikTok,AI App Demo,1,3631,1933,15,83844,885,7,128,350,73489,4.41,0.2938,0.5741,0.1589,0.3698,0.3948,low_engagement_smooth,flat_or_odd,1.2446,13,False,False,False,emoji_spam,0.3283,0.3901,0.2128,43.3751,0.010555,8.3e-05,0.001527,0.012165,0.876497,74,High,suspicious,Reject and ask for analytics in ticket,possible_engagement_pod,large sudden view jump; comment quality: emoji_spam,Reject and write: Send analytics in ticket.,synthetic,Synthetic suspicious example generated from review rules.
SYN-0233,TikTok,Mobile Game Speedrun,2,154,50,12,10000,797,1,1,48,4331,2.46,0.2053,0.2787,0.4061,0.5066,0.0628,step_like_batches,very_low_watch_time,2.88,60,False,True,True,none,0.4572,0.7454,0.4731,200.0,0.0797,0.0001,0.0001,0.0799,0.4331,99,Critical,botted,Reject,view_injection,large sudden view jump; views rise without matching engagement; high views with almost no comments; late like spike,Reject; escalate only if analytics confirms deliberate botting.,synthetic,Synthetic botted example generated from review rules.
SYN-0033,Instagram,Travel Hook,4,4289,3786,10,5878,185,15,68,16,5486,6.59,0.6586,0.6933,0.0696,0.1443,0.7821,normal_viral_smooth,strong_retention,0.3911,1,False,False,False,short_but_relevant,0.0813,0.0292,0.1638,1.5526,0.031473,0.002552,0.011569,0.045594,0.933311,5,Low,clean,Approve / monitor later,none,metrics and graph pattern move proportionally,"Approve, but monitor high-view posts after approval.",synthetic,Synthetic clean example generated from review rules.
SYN-0287,TikTok,Mobile Game Speedrun,10,1118,820,8,33213,719,6,22,78,18239,1.61,0.2007,0.4346,0.3639,0.2238,0.4077,step_like_batches,flat_retention,2.2046,49,False,False,False,none,0.9304,0.9258,0.5749,40.5037,0.021648,0.000181,0.000662,0.022491,0.549152,84,Critical,botted,Reject,view_injection,large sudden view jump; comment quality: none,Reject; escalate only if analytics confirms deliberate botting.,synthetic,Synthetic botted example generated from review rules.
SYN-0049,YouTube Shorts,Anime Edit,6,5480,1813,8,8873,177,15,18,1,3118,3.25,0.4064,0.4219,0.0341,0.0499,0.8431,normal_viral_smooth,strong_retention,0.2182,1,False,False,False,mixed,0.0008,0.0773,0.08,4.8941,0.019948,0.001691,0.002029,0.023667,0.351403,5,Low,clean,Approve / monitor later,none,metrics and graph pattern move proportionally,"Approve, but monitor high-view posts after approval.",synthetic,Synthetic clean example generated from review rules.
SYN-0147,YouTube Shorts,Mobile Game Speedrun,12,15783,18694,20,600000,1163,7,552,594,557169,5.94,0.2971,0.5055,0.5981,0.343,0.0,late_like_spike,sudden_drop,1.6399,23,True,True,False,emoji_spam,0.4733,0.2061,0.3772,32.0959,0.001938,1.2e-05,0.00092,0.00287,0.928615,51,Medium,suspicious,Needs Manual Review,possible_engagement_pod,large sudden view jump; likes freeze while views increase; late like spike; high profile/search-style traffic,"Manually review graph, comments, traffic source, geography, and account history.",synthetic,Synthetic suspicious example generated from review rules.
SYN-0284,Instagram,Car Slideshows,2,65,50,8,10000,38,1,2,41,666,1.42,0.1778,0.4004,0.8562,0.4491,0.0,flat_then_spike,broken_or_missing,2.5715,35,False,False,True,none,0.9932,0.8578,0.8835,200.0,0.0038,0.0001,0.0002,0.0041,0.0666,99,Critical,botted,Reject,fake_likes,large sudden view jump; views rise without matching engagement; high views with almost no comments; low reach-to-view ratio,Reject; escalate only if analytics confirms deliberate botting.,synthetic,Synthetic botted example generated from review rules.
SYN-0081,Instagram,Travel Hook,12,5682,6972,60,15721,778,61,16,66,8759,36.84,0.614,0.8239,0.1691,0.0177,0.7833,smooth_gradual,strong_retention,0.0742,0,False,False,False,short_but_relevant,0.0627,0.0582,0.133,2.2549,0.049488,0.00388,0.001018,0.054386,0.557153,5,Low,clean,Approve / monitor later,none,metrics and graph pattern move proportionally,"Approve, but monitor high-view posts after approval.",synthetic,Synthetic clean example generated from review rules.
SYN-0010,Instagram,Finance Explainer,2,895,1256,45,2697,199,8,2,10,2426,27.59,0.6132,0.4898,0.1574,0.1222,0.7023,normal_viral_smooth,gradual_drop,0.1321,4,False,False,False,mixed,0.0078,0.0329,0.0404,2.1473,0.073786,0.002966,0.000742,0.077494,0.899518,5,Low,clean,Approve / monitor later,none,metrics and graph pattern move proportionally,"Approve, but monitor high-view posts after approval.",synthetic,Synthetic clean example generated from review rules.
SYN-0028,Instagram,Mobile Game Speedrun,1,414,359,12,523,42,2,5,1,310,5.69,0.4741,0.4257,0.1639,0.0262,0.7329,normal_viral_smooth,strong_retention,0.1808,4,False,False,False,mixed,0.0063,0.0586,0.1753,1.4568,0.080306,0.003824,0.00956,0.09369,0.592734,5,Low,clean,Approve / monitor later,none,metrics and graph pattern move proportionally,"Approve, but monitor high-view posts after approval.",synthetic,Synthetic clean example generated from review rules.
SYN-0271,TikTok,Travel Hook,3,24103,7308,30,850000,3144,117,30,4564,703548,1.4,0.0465,0.4168,0.3922,0.3936,0.1485,likes_freeze,flat_retention,1.6153,24,True,False,False,emoji_spam,0.9207,0.7605,0.931,116.3109,0.003699,0.000138,3.5e-05,0.003872,0.827704,99,Critical,botted,Reject,fake_likes,large sudden view jump; likes freeze while views increase; comment quality: emoji_spam,Reject; escalate only if analytics confirms deliberate botting.,synthetic,Synthetic botted example generated from review rules.
SYN-0183,TikTok,Mobile Game Speedrun,14,18237,2475,10,61899,1358,19,4,66,55294,3.28,0.3278,0.6639,0.1914,0.2455,0.5,flat_then_spike,sudden_drop,0.7906,20,False,False,True,mixed,0.5188,0.4855,0.4073,25.0097,0.021939,0.000307,6.5e-05,0.022311,0.893294,50,Medium,suspicious,Needs Manual Review,possible_engagement_pod,views rise without matching engagement,"Manually review graph, comments, traffic source, geography, and account history.",synthetic,Synthetic suspicious example generated from review rules.
SYN-0228,TikTok,Anime Edit,8,5006,5150,60,207221,1542,7,15,1122,114687,12.24,0.2039,0.1657,0.5984,0.1997,0.1883,step_like_batches,very_low_watch_time,1.7607,9,False,True,False,unrelated,0.758,0.6499,0.9468,40.2371,0.007441,3.4e-05,7.2e-05,0.007547,0.553453,89,Critical,botted,Reject,fake_likes,large sudden view jump; late like spike; high profile/search-style traffic; comment quality: unrelated,Reject; escalate only if analytics confirms deliberate botting.,synthetic,Synthetic botted example generated from review rules.
SYN-0087,YouTube Shorts,AI App Demo,14,143,52,12,178,1,1,0,0,71,3.39,0.2829,0.7656,0.0914,0.0907,0.7275,normal_viral_smooth,strong_retention,0.2739,2,False,False,False,short_but_relevant,0.0745,0.0261,0.139,3.4231,0.005618,0.005618,0.0,0.011236,0.398876,5,Low,clean,Approve / monitor later,none,metrics and graph pattern move proportionally,"Approve, but monitor high-view posts after approval.",synthetic,Synthetic clean example generated from review rules.
SYN-0290,TikTok,Fitness Clip,8,148,59,25,10000,7,1,3,9,9289,5.03,0.2013,0.3066,0.4276,0.4188,0.1153,vertical_spike_no_engagement,very_low_watch_time,1.6938,44,False,False,True,generic_repeated,0.785,0.4,0.7814,169.4915,0.0007,0.0001,0.0003,0.0011,0.9289,99,Critical,botted,Reject,view_injection,large sudden view jump; views rise without matching engagement; high views with almost no comments; comment quality: generic_repeated,Reject; escalate only if analytics confirms deliberate botting.,synthetic,Synthetic botted example generated from review rules.
SYN-0194,Instagram,Car Slideshows,3,40180,4029,8,176760,2091,5,2,579,74627,2.74,0.3428,0.4119,0.5257,0.1717,0.3006,low_engagement_smooth,sudden_drop,1.695,29,False,False,True,mixed,0.5575,0.1016,0.4345,43.8719,0.01183,2.8e-05,1.1e-05,0.011869,0.422194,45,Medium,suspicious,Needs Manual Review,possible_engagement_pod,large sudden view jump; views rise without matching engagement; high profile/search-style traffic,"Manually review graph, comments, traffic source, geography, and account history.",synthetic,Synthetic suspicious example generated from review rules.
SYN-0115,TikTok,Fitness Clip,1,1327,1889,45,118513,844,75,129,344,57823,13.37,0.2972,0.5156,0.2765,0.0981,0.5861,step_like_batches,sudden_drop,0.761,14,False,False,False,mixed,0.2365,0.3453,0.2243,62.7385,0.007122,0.000633,0.001088,0.008843,0.487904,53,Medium,suspicious,Needs Manual Review,needs_analytics,mixed signals require analytics,"Manually review graph, comments, traffic source, geography, and account history.",synthetic,Synthetic suspicious example generated from review rules.
SYN-0213,YouTube Shorts,AI App Demo,10,19852,4652,8,522785,3459,9,15,47,357697,0.62,0.0779,0.0866,0.7655,0.562,0.0,step_like_batches,broken_or_missing,1.3341,16,True,False,False,emoji_spam,0.8548,0.8332,0.9317,112.3785,0.006616,1.7e-05,2.9e-05,0.006662,0.684214,99,Critical,botted,Reject,view_injection,large sudden view jump; likes freeze while views increase; high profile/search-style traffic; comment quality: emoji_spam,Reject; escalate only if analytics confirms deliberate botting.,synthetic,Synthetic botted example generated from review rules.
SYN-0166,Instagram,Travel Hook,6,29537,37618,20,600000,3296,237,732,3146,205933,3.78,0.1892,0.4072,0.5359,0.339,0.0983,late_like_spike,flat_or_odd,0.7231,22,True,True,False,emoji_spam,0.4384,0.4947,0.2509,15.9498,0.005493,0.000395,0.00122,0.007108,0.343222,48,Medium,suspicious,Needs Manual Review,possible_fake_boost,likes freeze while views increase; late like spike; high profile/search-style traffic; comment quality: emoji_spam,"Manually review graph, comments, traffic source, geography, and account history.",synthetic,Synthetic suspicious example generated from review rules.
SYN-0240,YouTube Shorts,Finance Explainer,12,16296,22850,25,850000,123,84,387,598,353477,2.16,0.0863,0.1036,0.4464,0.2999,0.2014,step_like_batches,flat_retention,1.773,33,True,False,False,emoji_spam,0.7842,0.8289,0.814,37.1991,0.000145,9.9e-05,0.000455,0.000699,0.415855,99,Critical,botted,Reject,fake_boost,large sudden view jump; likes freeze while views increase; comment quality: emoji_spam,Reject; escalate only if analytics confirms deliberate botting.,synthetic,Synthetic botted example generated from review rules.
SYN-0222,YouTube Shorts,Mobile Game Speedrun,12,123,62,12,10000,76,1,1,4,8693,0.41,0.0338,0.1127,0.786,0.4298,0.0,step_like_batches,flat_retention,0.815,61,False,False,True,unrelated,0.4513,0.6389,0.8719,161.2903,0.0076,0.0001,0.0001,0.0078,0.8693,99,Critical,botted,Reject,fake_boost,views rise without matching engagement; high views with almost no comments; high profile/search-style traffic; comment quality: unrelated,Reject; escalate only if analytics confirms deliberate botting.,synthetic,Synthetic botted example generated from review rules.
SYN-0159,YouTube Shorts,Fitness Clip,13,163066,46439,20,600000,4200,6,582,302,578710,4.14,0.2071,0.4043,0.2705,0.2391,0.4529,flat_then_spike,sudden_drop,1.5243,14,False,False,True,emoji_spam,0.2972,0.3377,0.4261,12.9202,0.007,1e-05,0.00097,0.00798,0.964517,50,Medium,suspicious,Needs Manual Review,possible_fake_boost,large sudden view jump; views rise without matching engagement; comment quality: emoji_spam,"Manually review graph, comments, traffic source, geography, and account history.",synthetic,Synthetic suspicious example generated from review rules.
SYN-0034,Instagram,Anime Edit,8,550,197,12,725,54,2,1,1,465,7.88,0.6563,0.7052,0.0481,0.0167,0.9028,smooth_gradual,gradual_drop,0.3404,1,False,False,False,mixed,0.0797,0.0744,0.0901,3.6802,0.074483,0.002759,0.001379,0.078621,0.641379,5,Low,clean,Approve / monitor later,none,metrics and graph pattern move proportionally,"Approve, but monitor high-view posts after approval.",synthetic,Synthetic clean example generated from review rules.
SYN-0086,TikTok,Finance Explainer,1,165804,86233,8,383126,39326,4219,1899,1471,364185,3.65,0.4567,0.4219,0.1051,0.0961,0.7485,normal_viral_smooth,strong_retention,0.1264,1,False,False,False,relevant_discussion,0.0058,0.0484,0.1621,4.4429,0.102645,0.011012,0.004957,0.118614,0.950562,5,Low,clean,Approve / monitor later,none,metrics and graph pattern move proportionally,"Approve, but monitor high-view posts after approval.",synthetic,Synthetic clean example generated from review rules.
SYN-0288,TikTok,Anime Edit,8,519,755,10,10000,18,1,3,25,7773,0.46,0.0465,0.1494,0.5926,0.5407,0.0,vertical_spike_no_engagement,very_low_watch_time,1.6406,62,False,False,True,emoji_spam,0.8122,0.8864,0.7996,13.245,0.0018,0.0001,0.0003,0.0022,0.7773,99,Critical,botted,Reject,view_injection,large sudden view jump; views rise without matching engagement; high views with almost no comments; high profile/search-style traffic,Reject; escalate only if analytics confirms deliberate botting.,synthetic,Synthetic botted example generated from review rules.
SYN-0041,YouTube Shorts,Tech Gadget,7,43989,61659,30,53294,1546,109,30,27,46134,12.05,0.4016,0.5043,0.1407,0.0256,0.756,normal_viral_smooth,strong_retention,0.1183,4,False,False,False,short_but_relevant,0.0576,0.0499,0.1297,0.8643,0.029009,0.002045,0.000563,0.031617,0.865651,5,Low,clean,Approve / monitor later,none,metrics and graph pattern move proportionally,"Approve, but monitor high-view posts after approval.",synthetic,Synthetic clean example generated from review rules.
SYN-0112,TikTok,Travel Hook,2,656,742,60,34179,633,22,28,112,25130,15.19,0.2532,0.2334,0.32,0.2744,0.4033,step_like_batches,low_watch_time,0.9159,6,False,False,False,unrelated,0.5579,0.4213,0.2678,46.0633,0.01852,0.000644,0.000819,0.019983,0.735247,49,Medium,suspicious,Needs Manual Review,needs_analytics,comment quality: unrelated,"Manually review graph, comments, traffic source, geography, and account history.",synthetic,Synthetic suspicious example generated from review rules.
SYN-0061,YouTube Shorts,Finance Explainer,5,12570,13738,25,35048,473,95,129,1,29112,14.78,0.591,0.4279,0.0372,0.041,0.8586,smooth_gradual,strong_retention,0.3716,0,False,False,False,relevant_discussion,0.0728,0.0214,0.1691,2.5512,0.013496,0.002711,0.003681,0.019887,0.830632,5,Low,clean,Approve / monitor later,none,metrics and graph pattern move proportionally,"Approve, but monitor high-view posts after approval.",synthetic,Synthetic clean example generated from review rules.
SYN-0162,TikTok,Finance Explainer,10,1377,1158,15,52480,1010,7,89,127,42151,4.74,0.3161,0.6473,0.4045,0.222,0.3708,step_like_batches,flat_or_odd,1.4961,10,True,False,False,unrelated,0.2335,0.2093,0.5592,45.3195,0.019245,0.000133,0.001696,0.021075,0.803182,75,High,suspicious,Reject and ask for analytics in ticket,possible_engagement_pod,large sudden view jump; likes freeze while views increase; comment quality: unrelated,Reject and write: Send analytics in ticket.,synthetic,Synthetic suspicious example generated from review rules.
SYN-0037,YouTube Shorts,Finance Explainer,11,13213,4184,12,19218,596,14,88,12,12186,4.82,0.4018,0.7265,0.015,0.1139,0.8614,normal_viral_smooth,gradual_drop,0.3573,4,False,False,False,short_but_relevant,0.0568,0.0049,0.007,4.5932,0.031013,0.000728,0.004579,0.03632,0.634093,5,Low,clean,Approve / monitor later,none,metrics and graph pattern move proportionally,"Approve, but monitor high-view posts after approval.",synthetic,Synthetic clean example generated from review rules.
SYN-0118,YouTube Shorts,Tech Gadget,7,66647,40634,60,600000,5923,217,112,600,549595,9.38,0.1564,0.6313,0.5279,0.36,0.0278,flat_then_spike,flat_or_odd,1.0903,36,False,False,True,generic_repeated,0.2636,0.3351,0.3989,14.766,0.009872,0.000362,0.000187,0.01042,0.915992,69,High,suspicious,Reject and ask for analytics in ticket,possible_fake_views,large sudden view jump; views rise without matching engagement; high profile/search-style traffic; comment quality: generic_repeated,Reject and write: Send analytics in ticket.,synthetic,Synthetic suspicious example generated from review rules.
SYN-0039,Instagram,Finance Explainer,7,10687,10900,60,32052,1596,248,356,135,24002,38.49,0.6415,0.4637,0.1786,0.0808,0.6487,smooth_gradual,strong_retention,0.1773,3,False,False,False,relevant_discussion,0.0606,0.0789,0.0656,2.9406,0.049794,0.007737,0.011107,0.068638,0.748846,5,Low,clean,Approve / monitor later,none,metrics and graph pattern move proportionally,"Approve, but monitor high-view posts after approval.",synthetic,Synthetic clean example generated from review rules.
SYN-0243,YouTube Shorts,Car Slideshows,1,55767,29901,25,850000,2229,7,298,644,500833,2.03,0.0811,0.2644,0.8342,0.3733,0.0,step_like_batches,broken_or_missing,2.6993,46,False,False,False,none,0.8043,0.7031,0.4865,28.4271,0.002622,8e-06,0.000351,0.002981,0.589215,99,Critical,botted,Reject,fake_views,large sudden view jump; high profile/search-style traffic; comment quality: none,Reject; escalate only if analytics confirms deliberate botting.,synthetic,Synthetic botted example generated from review rules.
SYN-0259,TikTok,Tech Gadget,3,75,50,25,10000,71,0,2,5,8029,3.35,0.1339,0.3847,0.6721,0.1604,0.1656,flat_then_spike,flat_retention,4.1438,26,False,True,True,emoji_spam,0.9785,0.3588,0.8349,200.0,0.0071,0.0,0.0002,0.0073,0.8029,99,Critical,botted,Reject,fake_views,large sudden view jump; views rise without matching engagement; high views with almost no comments; late like spike,Reject; escalate only if analytics confirms deliberate botting.,synthetic,Synthetic botted example generated from review rules.
SYN-0250,Instagram,Anime Edit,2,179,152,25,21820,665,4,1,119,6273,0.87,0.035,0.0639,0.7703,0.5499,0.0,vertical_spike_no_engagement,flat_retention,3.5412,50,False,False,True,emoji_spam,0.9643,0.3883,0.8074,143.5526,0.030477,0.000183,4.6e-05,0.030706,0.287489,99,Critical,botted,Reject,view_injection,large sudden view jump; views rise without matching engagement; low reach-to-view ratio; high profile/search-style traffic,Reject; escalate only if analytics confirms deliberate botting.,synthetic,Synthetic botted example generated from review rules.
SYN-0055,Instagram,Anime Edit,11,120,154,25,2015,80,7,18,11,1699,9.5,0.38,0.6012,0.122,0.037,0.7432,smooth_gradual,gradual_drop,0.2173,4,False,False,False,mixed,0.0978,0.0071,0.16,13.0844,0.039702,0.003474,0.008933,0.052109,0.843176,5,Low,clean,Approve / monitor later,none,metrics and graph pattern move proportionally,"Approve, but monitor high-view posts after approval.",synthetic,Synthetic clean example generated from review rules.
SYN-0103,YouTube Shorts,AI App Demo,9,78,62,25,957,24,3,2,0,906,13.41,0.5363,0.7817,0.1975,0.0916,0.6131,smooth_gradual,strong_retention,0.3118,4,False,False,False,relevant_discussion,0.0772,0.0189,0.0881,15.4355,0.025078,0.003135,0.00209,0.030303,0.946708,5,Low,clean,Approve / monitor later,none,metrics and graph pattern move proportionally,"Approve, but monitor high-view posts after approval.",synthetic,Synthetic clean example generated from review rules.
SYN-0127,Instagram,Finance Explainer,13,826,1034,30,35086,214,12,40,48,10022,7.54,0.2514,0.4575,0.532,0.1516,0.286,flat_then_spike,flat_or_odd,1.4279,25,False,False,True,emoji_spam,0.3771,0.3973,0.5925,33.9323,0.006099,0.000342,0.00114,0.007581,0.285641,51,Medium,suspicious,Needs Manual Review,possible_fake_views,large sudden view jump; views rise without matching engagement; low reach-to-view ratio; high profile/search-style traffic,"Manually review graph, comments, traffic source, geography, and account history.",synthetic,Synthetic suspicious example generated from review rules.
SYN-0019,Instagram,AI App Demo,7,1639,1349,25,2400,190,15,18,5,2062,17.18,0.6873,0.4731,0.0484,0.1312,0.7943,normal_viral_smooth,strong_retention,0.2947,2,False,False,False,relevant_discussion,0.0295,0.003,0.16,1.7791,0.079167,0.00625,0.0075,0.092917,0.859167,5,Low,clean,Approve / monitor later,none,metrics and graph pattern move proportionally,"Approve, but monitor high-view posts after approval.",synthetic,Synthetic clean example generated from review rules.
SYN-0123,YouTube Shorts,AI App Demo,13,182707,270533,10,600000,6524,9,883,215,224322,1.16,0.1156,0.622,0.546,0.3663,0.0,low_engagement_smooth,low_watch_time,1.4972,8,False,False,False,generic_repeated,0.4561,0.3377,0.3985,2.2178,0.010873,1.5e-05,0.001472,0.01236,0.37387,68,High,suspicious,Reject and ask for analytics in ticket,needs_analytics,large sudden view jump; high profile/search-style traffic; comment quality: generic_repeated,Reject and write: Send analytics in ticket.,synthetic,Synthetic suspicious example generated from review rules.
SYN-0205,Instagram,Fitness Clip,4,23451,22080,30,850000,37513,13,21,2135,24586,3.95,0.1316,0.146,0.5825,0.3395,0.0753,step_like_batches,broken_or_missing,1.9423,23,True,True,False,unrelated,0.5685,0.7485,0.7753,38.4964,0.044133,1.5e-05,2.5e-05,0.044173,0.028925,99,Critical,botted,Reject,fake_boost,large sudden view jump; likes freeze while views increase; late like spike; low reach-to-view ratio,Reject; escalate only if analytics confirms deliberate botting.,synthetic,Synthetic botted example generated from review rules.
SYN-0101,Instagram,Anime Edit,11,60153,86847,12,306073,13129,1695,181,1210,233130,8.87,0.7395,0.5,0.0794,0.0656,0.7676,smooth_gradual,gradual_drop,0.1741,0,False,False,False,mixed,0.0402,0.0777,0.1592,3.5243,0.042895,0.005538,0.000591,0.049024,0.761681,5,Low,clean,Approve / monitor later,none,metrics and graph pattern move proportionally,"Approve, but monitor high-view posts after approval.",synthetic,Synthetic clean example generated from review rules.
SYN-0077,YouTube Shorts,Mobile Game Speedrun,13,3818,4636,10,16282,455,17,56,4,15875,2.91,0.2912,0.6252,0.1652,0.0431,0.7754,smooth_gradual,strong_retention,0.3839,4,False,False,False,mixed,0.0128,0.0678,0.1396,3.5121,0.027945,0.001044,0.003439,0.032428,0.975003,5,Low,clean,Approve / monitor later,none,metrics and graph pattern move proportionally,"Approve, but monitor high-view posts after approval.",synthetic,Synthetic clean example generated from review rules.
SYN-0129,YouTube Shorts,Anime Edit,13,4026,3481,25,49622,713,25,40,24,46501,6.21,0.2484,0.4247,0.3641,0.2166,0.4076,step_like_batches,sudden_drop,1.4148,20,False,False,False,generic_repeated,0.4254,0.4227,0.4506,14.2551,0.014369,0.000504,0.000806,0.015679,0.937105,54,Medium,suspicious,Needs Manual Review,possible_engagement_pod,large sudden view jump; comment quality: generic_repeated,"Manually review graph, comments, traffic source, geography, and account history.",synthetic,Synthetic suspicious example generated from review rules.
SYN-0059,Instagram,Fitness Clip,10,64199,33111,20,29666,2823,147,206,88,22282,9.65,0.4826,0.5767,0.1254,0.011,0.8268,normal_viral_smooth,strong_retention,0.3385,0,False,False,False,relevant_discussion,0.0562,0.0436,0.1116,0.896,0.095159,0.004955,0.006944,0.107059,0.751096,5,Low,clean,Approve / monitor later,none,metrics and graph pattern move proportionally,"Approve, but monitor high-view posts after approval.",synthetic,Synthetic clean example generated from review rules.
SYN-0208,Instagram,Fitness Clip,12,705,1031,30,143027,469,3,27,99,39179,6.44,0.2147,0.206,0.8741,0.294,0.0,likes_freeze,very_low_watch_time,3.5885,42,True,False,True,unrelated,0.7766,0.7653,0.8955,138.7265,0.003279,2.1e-05,0.000189,0.003489,0.273927,99,Critical,botted,Reject,view_injection,large sudden view jump; views rise without matching engagement; high views with almost no comments; likes freeze while views increase,Reject; escalate only if analytics confirms deliberate botting.,synthetic,Synthetic botted example generated from review rules.
SYN-0128,Instagram,Car Slideshows,5,351679,523955,30,600000,14784,8,31,1908,148149,8.3,0.2766,0.5677,0.5253,0.0432,0.3652,low_engagement_smooth,sudden_drop,1.1132,32,False,False,False,unrelated,0.3423,0.3748,0.3703,1.1451,0.02464,1.3e-05,5.2e-05,0.024705,0.246915,58,Medium,suspicious,Needs Manual Review,possible_fake_views,large sudden view jump; low reach-to-view ratio; high profile/search-style traffic; comment quality: unrelated,"Manually review graph, comments, traffic source, geography, and account history.",synthetic,Synthetic suspicious example generated from review rules.
SYN-0225,Instagram,Tech Gadget,14,94,95,60,10000,779,1,6,29,842,6.46,0.1077,0.3947,0.8435,0.5385,0.0,vertical_spike_no_engagement,broken_or_missing,1.9756,55,True,True,True,none,0.6491,0.445,0.8911,105.2632,0.0779,0.0001,0.0006,0.0786,0.0842,99,Critical,botted,Reject,fake_views,large sudden view jump; views rise without matching engagement; high views with almost no comments; likes freeze while views increase,Reject; escalate only if analytics confirms deliberate botting.,synthetic,Synthetic botted example generated from review rules.
SYN-0221,Instagram,Fitness Clip,3,31197,20274,25,684806,698,82,181,372,36330,3.01,0.1205,0.2268,0.6206,0.2029,0.1151,likes_freeze,flat_retention,1.7804,65,True,False,False,unrelated,0.9416,0.6365,0.5225,33.7775,0.001019,0.00012,0.000264,0.001403,0.053052,99,Critical,botted,Reject,fake_boost,large sudden view jump; likes freeze while views increase; low reach-to-view ratio; high profile/search-style traffic,Reject; escalate only if analytics confirms deliberate botting.,synthetic,Synthetic botted example generated from review rules.
SYN-0029,TikTok,Mobile Game Speedrun,11,28988,3889,15,17419,1390,152,221,92,14734,8.35,0.5568,0.5623,0.0562,0.1112,0.819,smooth_gradual,gradual_drop,0.3909,3,False,False,False,relevant_discussion,0.0878,0.0644,0.0003,4.479,0.079798,0.008726,0.012687,0.101211,0.845858,5,Low,clean,Approve / monitor later,none,metrics and graph pattern move proportionally,"Approve, but monitor high-view posts after approval.",synthetic,Synthetic clean example generated from review rules.
SYN-0017,Instagram,Mobile Game Speedrun,1,2668,3182,60,8927,901,25,90,21,7137,25.51,0.4251,0.6337,0.0313,0.1323,0.7705,normal_viral_smooth,gradual_drop,0.1812,2,False,False,False,short_but_relevant,0.0938,0.0657,0.0612,2.8055,0.10093,0.0028,0.010082,0.113812,0.799485,5,Low,clean,Approve / monitor later,none,metrics and graph pattern move proportionally,"Approve, but monitor high-view posts after approval.",synthetic,Synthetic clean example generated from review rules.
SYN-0072,Instagram,Anime Edit,1,57086,30497,15,31893,2167,94,102,180,21327,4.82,0.3217,0.8167,0.1507,0.1386,0.6585,smooth_gradual,strong_retention,0.2651,3,False,False,False,mixed,0.0639,0.0737,0.1759,1.0458,0.067946,0.002947,0.003198,0.074091,0.668705,5,Low,clean,Approve / monitor later,none,metrics and graph pattern move proportionally,"Approve, but monitor high-view posts after approval.",synthetic,Synthetic clean example generated from review rules.
SYN-0042,YouTube Shorts,Car Slideshows,13,14003,16657,25,32279,522,30,81,26,13766,17.9,0.7162,0.6616,0.0822,0.0301,0.8268,normal_viral_smooth,gradual_drop,0.19,0,False,False,False,mixed,0.0493,0.0371,0.0997,1.9379,0.016172,0.000929,0.002509,0.01961,0.426469,5,Low,clean,Approve / monitor later,none,metrics and graph pattern move proportionally,"Approve, but monitor high-view posts after approval.",synthetic,Synthetic clean example generated from review rules.
SYN-0295,YouTube Shorts,Car Slideshows,14,55903,46298,45,850000,47499,0,175,183,686368,2.72,0.0605,0.3837,0.6522,0.4903,0.0,step_like_batches,broken_or_missing,0.9255,56,False,False,True,emoji_spam,0.7466,0.4252,0.5899,18.3593,0.055881,0.0,0.000206,0.056087,0.807492,99,Critical,botted,Reject,fake_views,views rise without matching engagement; high views with almost no comments; high profile/search-style traffic; comment quality: emoji_spam,Reject; escalate only if analytics confirms deliberate botting.,synthetic,Synthetic botted example generated from review rules.
SYN-0242,TikTok,Tech Gadget,9,167,50,30,10000,72,0,4,55,6688,4.66,0.1552,0.4169,0.7866,0.251,0.0,step_like_batches,broken_or_missing,3.5411,61,False,False,True,unrelated,0.7437,0.6966,0.7806,200.0,0.0072,0.0,0.0004,0.0076,0.6688,99,Critical,botted,Reject,fake_boost,large sudden view jump; views rise without matching engagement; high views with almost no comments; high profile/search-style traffic,Reject; escalate only if analytics confirms deliberate botting.,synthetic,Synthetic botted example generated from review rules.
SYN-0079,YouTube Shorts,Travel Hook,13,10292,4650,30,10238,115,18,34,3,6550,10.5,0.35,0.67,0.2005,0.0706,0.6416,smooth_gradual,gradual_drop,0.3522,2,False,False,False,relevant_discussion,0.0622,0.0692,0.0446,2.2017,0.011233,0.001758,0.003321,0.016312,0.639773,5,Low,clean,Approve / monitor later,none,metrics and graph pattern move proportionally,"Approve, but monitor high-view posts after approval.",synthetic,Synthetic clean example generated from review rules.
SYN-0016,TikTok,Anime Edit,9,17269,25786,60,89053,5375,805,260,487,38975,42.07,0.7011,0.7061,0.2056,0.0438,0.6903,normal_viral_smooth,strong_retention,0.0763,4,False,False,False,mixed,0.0745,0.039,0.1537,3.4535,0.060357,0.00904,0.00292,0.072316,0.437661,5,Low,clean,Approve / monitor later,none,metrics and graph pattern move proportionally,"Approve, but monitor high-view posts after approval.",synthetic,Synthetic clean example generated from review rules.
SYN-0152,YouTube Shorts,Tech Gadget,12,596,173,10,10000,52,5,0,6,8385,1.34,0.1339,0.4346,0.4433,0.0702,0.4153,low_engagement_smooth,sudden_drop,0.6912,33,False,False,True,mixed,0.2365,0.2612,0.464,57.8035,0.0052,0.0005,0.0,0.0057,0.8385,69,High,suspicious,Reject and ask for analytics in ticket,possible_autoswipe,views rise without matching engagement,Reject and write: Send analytics in ticket.,synthetic,Synthetic suspicious example generated from review rules.
SYN-0224,Instagram,Finance Explainer,13,746,639,45,34134,1382,4,8,62,10444,5.22,0.116,0.5218,0.5893,0.255,0.1405,step_like_batches,very_low_watch_time,2.3401,60,True,False,True,emoji_spam,0.7291,0.7021,0.5104,53.4178,0.040487,0.000117,0.000234,0.040839,0.305971,99,Critical,botted,Reject,autoclick_autoswipe,large sudden view jump; views rise without matching engagement; likes freeze while views increase; high profile/search-style traffic,Reject; escalate only if analytics confirms deliberate botting.,synthetic,Synthetic botted example generated from review rules.
SYN-0026,Instagram,Mobile Game Speedrun,7,23064,8571,15,9178,907,7,16,38,8581,5.06,0.3374,0.6497,0.0735,0.0383,0.8025,smooth_gradual,strong_retention,0.101,3,False,False,False,short_but_relevant,0.0097,0.077,0.1669,1.0708,0.098823,0.000763,0.001743,0.101329,0.934953,5,Low,clean,Approve / monitor later,none,metrics and graph pattern move proportionally,"Approve, but monitor high-view posts after approval.",synthetic,Synthetic clean example generated from review rules.
SYN-0180,TikTok,Car Slideshows,14,90,82,8,10000,92,3,5,23,3766,1.46,0.1826,0.5731,0.5364,0.2138,0.1562,flat_then_spike,low_watch_time,1.458,19,False,False,True,emoji_spam,0.3376,0.2936,0.436,121.9512,0.0092,0.0003,0.0005,0.01,0.3766,51,Medium,suspicious,Needs Manual Review,possible_engagement_pod,large sudden view jump; views rise without matching engagement; high views with almost no comments; high profile/search-style traffic,"Manually review graph, comments, traffic source, geography, and account history.",synthetic,Synthetic suspicious example generated from review rules.
SYN-0179,YouTube Shorts,Finance Explainer,14,1609,1950,30,36081,58,8,41,4,21746,4.45,0.1484,0.2714,0.3823,0.1682,0.4052,late_like_spike,low_watch_time,0.6375,26,True,True,False,generic_repeated,0.2998,0.2067,0.5493,18.5031,0.001607,0.000222,0.001136,0.002966,0.602699,51,Medium,suspicious,Needs Manual Review,possible_autoswipe,likes freeze while views increase; late like spike; comment quality: generic_repeated,"Manually review graph, comments, traffic source, geography, and account history.",synthetic,Synthetic suspicious example generated from review rules.
SYN-0135,YouTube Shorts,Car Slideshows,4,75,50,8,10000,136,3,13,3,5304,1.71,0.2135,0.5892,0.2751,0.3597,0.3449,late_like_spike,sudden_drop,1.6044,36,False,True,True,generic_repeated,0.5193,0.4897,0.3415,200.0,0.0136,0.0003,0.0013,0.0152,0.5304,73,High,suspicious,Reject and ask for analytics in ticket,possible_autoswipe,large sudden view jump; views rise without matching engagement; high views with almost no comments; late like spike,Reject and write: Send analytics in ticket.,synthetic,Synthetic suspicious example generated from review rules.
SYN-0278,TikTok,Finance Explainer,9,110891,74600,20,763571,48131,7,191,383,687369,2.61,0.1305,0.0806,0.4188,0.3991,0.1403,flat_then_spike,broken_or_missing,3.9243,59,False,False,True,generic_repeated,0.8224,0.4066,0.722,10.2355,0.063034,9e-06,0.00025,0.063293,0.900203,99,Critical,botted,Reject,fake_boost,large sudden view jump; views rise without matching engagement; comment quality: generic_repeated,Reject; escalate only if analytics confirms deliberate botting.,synthetic,Synthetic botted example generated from review rules.
SYN-0223,YouTube Shorts,Car Slideshows,6,751,378,12,40724,152,4,11,16,18234,0.46,0.0383,0.2082,0.6662,0.1808,0.0642,step_like_batches,flat_retention,3.5634,8,False,False,True,generic_repeated,0.5151,0.3508,0.4551,107.7354,0.003732,9.8e-05,0.00027,0.004101,0.447746,99,Critical,botted,Reject,view_injection,large sudden view jump; views rise without matching engagement; high profile/search-style traffic; comment quality: generic_repeated,Reject; escalate only if analytics confirms deliberate botting.,synthetic,Synthetic botted example generated from review rules.
SYN-0192,YouTube Shorts,Tech Gadget,1,81,54,20,10000,48,0,9,1,5667,2.62,0.1312,0.4534,0.1906,0.1242,0.6253,low_engagement_smooth,sudden_drop,1.3038,27,False,False,True,unrelated,0.4961,0.2238,0.3266,185.1852,0.0048,0.0,0.0009,0.0057,0.5667,66,High,suspicious,Reject and ask for analytics in ticket,possible_fake_boost,large sudden view jump; views rise without matching engagement; high views with almost no comments; comment quality: unrelated,Reject and write: Send analytics in ticket.,synthetic,Synthetic suspicious example generated from review rules.
SYN-0255,Instagram,Anime Edit,13,1007,1119,12,139340,119,4,29,629,6858,2.25,0.1879,0.3015,0.7455,0.587,0.0,step_like_batches,very_low_watch_time,4.1993,46,False,False,True,unrelated,0.5724,0.5916,0.7815,124.5219,0.000854,2.9e-05,0.000208,0.001091,0.049218,99,Critical,botted,Reject,fake_boost,large sudden view jump; views rise without matching engagement; low reach-to-view ratio; high profile/search-style traffic,Reject; escalate only if analytics confirms deliberate botting.,synthetic,Synthetic botted example generated from review rules.
SYN-0142,Instagram,Anime Edit,4,48569,18907,8,138536,677,93,105,298,75099,1.11,0.1387,0.663,0.5388,0.2353,0.2228,late_like_spike,sudden_drop,0.6711,10,False,True,False,unrelated,0.3075,0.2278,0.2028,7.3272,0.004887,0.000671,0.000758,0.006316,0.54209,58,Medium,suspicious,Needs Manual Review,possible_fake_views,late like spike; high profile/search-style traffic; comment quality: unrelated,"Manually review graph, comments, traffic source, geography, and account history.",synthetic,Synthetic suspicious example generated from review rules.
SYN-0067,Instagram,Anime Edit,4,1776,1623,20,20739,1051,70,74,19,13461,12.06,0.6031,0.5853,0.1572,0.0361,0.8019,smooth_gradual,gradual_drop,0.1503,4,False,False,False,mixed,0.0143,0.0231,0.0049,12.7782,0.050677,0.003375,0.003568,0.057621,0.649067,5,Low,clean,Approve / monitor later,none,metrics and graph pattern move proportionally,"Approve, but monitor high-view posts after approval.",synthetic,Synthetic clean example generated from review rules.
SYN-0097,YouTube Shorts,Mobile Game Speedrun,14,51606,30968,30,47277,911,74,24,16,22153,23.45,0.7817,0.4943,0.0341,0.1275,0.7958,smooth_gradual,gradual_drop,0.3574,3,False,False,False,short_but_relevant,0.0859,0.047,0.0131,1.5266,0.019269,0.001565,0.000508,0.021342,0.468579,5,Low,clean,Approve / monitor later,none,metrics and graph pattern move proportionally,"Approve, but monitor high-view posts after approval.",synthetic,Synthetic clean example generated from review rules.
SYN-0069,Instagram,Anime Edit,4,14391,13297,25,115470,12809,242,169,154,106044,19.06,0.7623,0.7424,0.0708,0.1399,0.7332,normal_viral_smooth,gradual_drop,0.3531,4,False,False,False,mixed,0.0383,0.0288,0.1779,8.6839,0.110929,0.002096,0.001464,0.114489,0.918368,5,Low,clean,Approve / monitor later,none,metrics and graph pattern move proportionally,"Approve, but monitor high-view posts after approval.",synthetic,Synthetic clean example generated from review rules.
SYN-0094,TikTok,AI App Demo,14,156656,147918,30,141180,17518,677,555,44,67221,20.36,0.6786,0.4292,0.0155,0.1062,0.8197,smooth_gradual,gradual_drop,0.0852,3,False,False,False,relevant_discussion,0.0152,0.0661,0.094,0.9544,0.124083,0.004795,0.003931,0.132809,0.476137,5,Low,clean,Approve / monitor later,none,metrics and graph pattern move proportionally,"Approve, but monitor high-view posts after approval.",synthetic,Synthetic clean example generated from review rules.
SYN-0051,TikTok,Mobile Game Speedrun,13,579,746,45,2773,209,28,8,5,2125,14.09,0.313,0.812,0.0109,0.0028,0.9326,smooth_gradual,gradual_drop,0.1236,4,False,False,False,short_but_relevant,0.029,0.0713,0.1316,3.7172,0.07537,0.010097,0.002885,0.088352,0.766318,5,Low,clean,Approve / monitor later,none,metrics and graph pattern move proportionally,"Approve, but monitor high-view posts after approval.",synthetic,Synthetic clean example generated from review rules.
SYN-0070,Instagram,Anime Edit,11,230622,232953,12,574675,64868,4112,5118,1254,503803,7.79,0.6491,0.5498,0.1655,0.1352,0.618,smooth_gradual,strong_retention,0.2212,2,False,False,False,mixed,0.0824,0.0269,0.164,2.4669,0.112878,0.007155,0.008906,0.128939,0.876675,5,Low,clean,Approve / monitor later,none,metrics and graph pattern move proportionally,"Approve, but monitor high-view posts after approval.",synthetic,Synthetic clean example generated from review rules.
SYN-0121,TikTok,Car Slideshows,7,2329,2359,30,128929,899,52,86,500,55455,10.12,0.3373,0.6918,0.5237,0.3434,0.0981,low_engagement_smooth,low_watch_time,0.4662,16,False,False,False,unrelated,0.2677,0.1448,0.4034,54.6541,0.006973,0.000403,0.000667,0.008043,0.43012,67,High,suspicious,Reject and ask for analytics in ticket,needs_analytics,high profile/search-style traffic; comment quality: unrelated,Reject and write: Send analytics in ticket.,synthetic,Synthetic suspicious example generated from review rules.
SYN-0215,TikTok,AI App Demo,12,118,50,8,10000,43,0,4,36,4194,0.39,0.0482,0.4672,0.8123,0.2095,0.0,vertical_spike_no_engagement,broken_or_missing,4.0922,48,True,False,True,generic_repeated,0.8472,0.6591,0.8466,200.0,0.0043,0.0,0.0004,0.0047,0.4194,99,Critical,botted,Reject,fake_boost,large sudden view jump; views rise without matching engagement; high views with almost no comments; likes freeze while views increase,Reject; escalate only if analytics confirms deliberate botting.,synthetic,Synthetic botted example generated from review rules.
SYN-0176,YouTube Shorts,Anime Edit,4,236,218,8,10829,145,4,0,3,6535,0.72,0.0898,0.1642,0.5132,0.2525,0.1666,low_engagement_smooth,flat_or_odd,1.4567,18,False,False,True,generic_repeated,0.4439,0.2461,0.345,49.6743,0.01339,0.000369,0.0,0.013759,0.603472,50,Medium,suspicious,Needs Manual Review,possible_engagement_pod,large sudden view jump; views rise without matching engagement; high profile/search-style traffic; comment quality: generic_repeated,"Manually review graph, comments, traffic source, geography, and account history.",synthetic,Synthetic suspicious example generated from review rules.
SYN-0254,YouTube Shorts,Tech Gadget,6,158,93,10,12130,51,0,2,6,6926,1.38,0.1379,0.1059,0.4126,0.4469,0.1211,step_like_batches,broken_or_missing,1.9355,14,False,False,True,emoji_spam,0.6602,0.8482,0.7125,130.4301,0.004204,0.0,0.000165,0.004369,0.570981,99,Critical,botted,Reject,fake_likes,large sudden view jump; views rise without matching engagement; high views with almost no comments; comment quality: emoji_spam,Reject; escalate only if analytics confirms deliberate botting.,synthetic,Synthetic botted example generated from review rules.
SYN-0006,Instagram,AI App Demo,13,2417,1358,60,6084,358,29,37,21,4309,42.71,0.7118,0.7032,0.1418,0.0311,0.7786,normal_viral_smooth,gradual_drop,0.3332,2,False,False,False,short_but_relevant,0.0015,0.0136,0.1129,4.4801,0.058843,0.004767,0.006082,0.069691,0.708251,5,Low,clean,Approve / monitor later,none,metrics and graph pattern move proportionally,"Approve, but monitor high-view posts after approval.",synthetic,Synthetic clean example generated from review rules.
SYN-0252,TikTok,Anime Edit,1,2465,851,45,125648,166,18,47,384,60382,0.92,0.0205,0.2556,0.5594,0.3384,0.0673,vertical_spike_no_engagement,very_low_watch_time,3.2977,51,True,False,True,emoji_spam,0.7674,0.8215,0.7125,147.6475,0.001321,0.000143,0.000374,0.001838,0.480565,99,Critical,botted,Reject,fake_boost,large sudden view jump; views rise without matching engagement; likes freeze while views increase; high profile/search-style traffic,Reject; escalate only if analytics confirms deliberate botting.,synthetic,Synthetic botted example generated from review rules.
SYN-0156,TikTok,Anime Edit,13,54787,72091,10,600000,9320,2,870,2711,569555,2.3,0.2303,0.2512,0.3412,0.1229,0.5032,late_like_spike,sudden_drop,0.3604,33,False,True,True,emoji_spam,0.2561,0.3431,0.2523,8.3228,0.015533,3e-06,0.00145,0.016987,0.949258,70,High,suspicious,Reject and ask for analytics in ticket,possible_fake_boost,views rise without matching engagement; high views with almost no comments; late like spike; comment quality: emoji_spam,Reject and write: Send analytics in ticket.,synthetic,Synthetic suspicious example generated from review rules.
SYN-0207,Instagram,Car Slideshows,13,2525,986,20,10000,29,0,2,11,148,2.85,0.1423,0.1224,0.5538,0.5474,0.0,vertical_spike_no_engagement,very_low_watch_time,4.4677,19,False,True,True,unrelated,0.7514,0.6672,0.713,10.142,0.0029,0.0,0.0002,0.0031,0.0148,99,Critical,botted,Reject,fake_boost,large sudden view jump; views rise without matching engagement; high views with almost no comments; late like spike,Reject; escalate only if analytics confirms deliberate botting.,synthetic,Synthetic botted example generated from review rules.
SYN-0201,YouTube Shorts,Anime Edit,5,1657,2211,8,92092,1067,0,114,25,43504,2.17,0.2717,0.4698,0.393,0.312,0.2835,step_like_batches,sudden_drop,0.8824,35,False,False,True,mixed,0.2865,0.2343,0.2302,41.6517,0.011586,0.0,0.001238,0.012824,0.472397,73,High,suspicious,Reject and ask for analytics in ticket,possible_engagement_pod,views rise without matching engagement; high views with almost no comments,Reject and write: Send analytics in ticket.,synthetic,Synthetic suspicious example generated from review rules.
SYN-0211,TikTok,Anime Edit,4,5150,4526,20,208276,16564,30,71,741,164548,1.27,0.0633,0.0639,0.7621,0.2784,0.0,vertical_spike_no_engagement,very_low_watch_time,1.9562,46,False,False,True,generic_repeated,0.9981,0.6109,0.8278,46.0177,0.079529,0.000144,0.000341,0.080014,0.790048,99,Critical,botted,Reject,view_injection,large sudden view jump; views rise without matching engagement; high profile/search-style traffic; comment quality: generic_repeated,Reject; escalate only if analytics confirms deliberate botting.,synthetic,Synthetic botted example generated from review rules.
SYN-0060,TikTok,Finance Explainer,14,155,130,45,283,22,3,2,1,128,34.38,0.7639,0.6111,0.1523,0.0482,0.7647,smooth_gradual,gradual_drop,0.1217,0,False,False,False,short_but_relevant,0.0494,0.0058,0.1155,2.1769,0.077739,0.010601,0.007067,0.095406,0.452297,5,Low,clean,Approve / monitor later,none,metrics and graph pattern move proportionally,"Approve, but monitor high-view posts after approval.",synthetic,Synthetic clean example generated from review rules.
SYN-0058,TikTok,Finance Explainer,14,265,116,60,572,26,1,2,2,266,32.62,0.5437,0.6811,0.2144,0.1483,0.6371,smooth_gradual,strong_retention,0.3121,2,False,False,False,relevant_discussion,0.0922,0.0487,0.006,4.931,0.045455,0.001748,0.003497,0.050699,0.465035,5,Low,clean,Approve / monitor later,none,metrics and graph pattern move proportionally,"Approve, but monitor high-view posts after approval.",synthetic,Synthetic clean example generated from review rules.
SYN-0131,YouTube Shorts,Finance Explainer,3,4516,359,8,10000,132,5,5,3,4490,1.64,0.2056,0.2593,0.5281,0.2579,0.1987,late_like_spike,sudden_drop,0.5711,9,True,True,True,emoji_spam,0.2626,0.4419,0.3523,27.8552,0.0132,0.0005,0.0005,0.0142,0.449,58,Medium,suspicious,Needs Manual Review,possible_engagement_pod,views rise without matching engagement; likes freeze while views increase; late like spike; high profile/search-style traffic,"Manually review graph, comments, traffic source, geography, and account history.",synthetic,Synthetic suspicious example generated from review rules.
SYN-0133,YouTube Shorts,Car Slideshows,10,44788,10065,25,96372,1157,38,10,75,50081,3.79,0.1516,0.3418,0.2406,0.2548,0.4907,late_like_spike,sudden_drop,1.2121,5,False,True,False,mixed,0.2472,0.4532,0.2803,9.575,0.012006,0.000394,0.000104,0.012504,0.519663,49,Medium,suspicious,Needs Manual Review,needs_analytics,large sudden view jump; late like spike,"Manually review graph, comments, traffic source, geography, and account history.",synthetic,Synthetic suspicious example generated from review rules.
SYN-0035,YouTube Shorts,Tech Gadget,3,49789,39591,12,106750,804,183,461,84,95885,8.64,0.7203,0.6265,0.0548,0.055,0.8519,smooth_gradual,gradual_drop,0.3618,0,False,False,False,short_but_relevant,0.07,0.0502,0.0894,2.6963,0.007532,0.001714,0.004319,0.013564,0.89822,5,Low,clean,Approve / monitor later,none,metrics and graph pattern move proportionally,"Approve, but monitor high-view posts after approval.",synthetic,Synthetic clean example generated from review rules.
SYN-0149,TikTok,Fitness Clip,12,77808,96290,8,600000,12979,196,321,2646,228393,2.6,0.3255,0.6989,0.28,0.1106,0.5548,flat_then_spike,sudden_drop,0.781,22,False,False,True,generic_repeated,0.5961,0.4274,0.5202,6.2312,0.021632,0.000327,0.000535,0.022493,0.380655,73,High,suspicious,Reject and ask for analytics in ticket,possible_fake_views,views rise without matching engagement; comment quality: generic_repeated,Reject and write: Send analytics in ticket.,synthetic,Synthetic suspicious example generated from review rules.
SYN-0138,Instagram,Car Slideshows,11,51651,12963,15,600000,14725,44,670,2185,308901,3.29,0.219,0.4527,0.4287,0.0812,0.4102,low_engagement_smooth,low_watch_time,0.5409,15,False,False,False,unrelated,0.2242,0.193,0.4871,46.2856,0.024542,7.3e-05,0.001117,0.025732,0.514835,64,High,suspicious,Reject and ask for analytics in ticket,needs_analytics,comment quality: unrelated,Reject and write: Send analytics in ticket.,synthetic,Synthetic suspicious example generated from review rules.
SYN-0027,Instagram,Fitness Clip,4,85711,128183,10,345260,23920,773,3800,105,275271,5.45,0.5449,0.5954,0.1621,0.0359,0.7499,smooth_gradual,strong_retention,0.1279,3,False,False,False,short_but_relevant,0.0314,0.0489,0.1197,2.6935,0.069281,0.002239,0.011006,0.082526,0.797286,5,Low,clean,Approve / monitor later,none,metrics and graph pattern move proportionally,"Approve, but monitor high-view posts after approval.",synthetic,Synthetic clean example generated from review rules.
SYN-0272,TikTok,Travel Hook,13,303,351,30,12408,87,1,4,39,7132,0.79,0.0264,0.5181,0.8513,0.1374,0.0,flat_then_spike,very_low_watch_time,2.4923,34,False,False,True,unrelated,0.5672,0.6934,0.5353,35.3504,0.007012,8.1e-05,0.000322,0.007415,0.57479,99,Critical,botted,Reject,autoclick_autoswipe,large sudden view jump; views rise without matching engagement; high views with almost no comments; high profile/search-style traffic,Reject; escalate only if analytics confirms deliberate botting.,synthetic,Synthetic botted example generated from review rules.
SYN-0275,Instagram,Mobile Game Speedrun,10,19583,2932,20,143704,982,5,45,433,13214,4.09,0.2046,0.4259,0.484,0.5991,0.0,flat_then_spike,very_low_watch_time,3.6382,71,False,False,True,unrelated,0.7886,0.6326,0.7352,49.0123,0.006833,3.5e-05,0.000313,0.007181,0.091953,99,Critical,botted,Reject,fake_boost,large sudden view jump; views rise without matching engagement; low reach-to-view ratio; comment quality: unrelated,Reject; escalate only if analytics confirms deliberate botting.,synthetic,Synthetic botted example generated from review rules.
SYN-0062,YouTube Shorts,Fitness Clip,2,30027,20771,12,37811,627,7,75,12,17832,4.42,0.3686,0.4612,0.1965,0.1312,0.6625,normal_viral_smooth,gradual_drop,0.3907,2,False,False,False,mixed,0.0583,0.0352,0.0039,1.8204,0.016582,0.000185,0.001984,0.018751,0.471609,5,Low,clean,Approve / monitor later,none,metrics and graph pattern move proportionally,"Approve, but monitor high-view posts after approval.",synthetic,Synthetic clean example generated from review rules.
SYN-0258,YouTube Shorts,Tech Gadget,7,992,179,45,16205,619,3,9,8,14471,6.98,0.155,0.4269,0.6825,0.5705,0.0,likes_freeze,broken_or_missing,2.9099,46,True,False,True,unrelated,0.7049,0.7835,0.7627,90.5307,0.038198,0.000185,0.000555,0.038939,0.892996,99,Critical,botted,Reject,view_injection,large sudden view jump; views rise without matching engagement; high views with almost no comments; likes freeze while views increase,Reject; escalate only if analytics confirms deliberate botting.,synthetic,Synthetic botted example generated from review rules.
SYN-0263,TikTok,Fitness Clip,4,103,50,12,10000,740,2,2,25,5948,1.33,0.1111,0.2927,0.4355,0.2377,0.2976,step_like_batches,broken_or_missing,3.9273,61,False,True,True,emoji_spam,0.8334,0.7714,0.9268,200.0,0.074,0.0002,0.0002,0.0744,0.5948,99,Critical,botted,Reject,fake_likes,large sudden view jump; views rise without matching engagement; high views with almost no comments; late like spike,Reject; escalate only if analytics confirms deliberate botting.,synthetic,Synthetic botted example generated from review rules.
SYN-0285,TikTok,Car Slideshows,3,12399,12417,60,850000,2796,79,8,526,491328,11.12,0.1854,0.4295,0.6327,0.3907,0.0,likes_freeze,very_low_watch_time,3.0612,31,True,False,False,emoji_spam,0.5944,0.6257,0.6431,68.4545,0.003289,9.3e-05,9e-06,0.003392,0.578033,99,Critical,botted,Reject,fake_boost,large sudden view jump; likes freeze while views increase; high profile/search-style traffic; comment quality: emoji_spam,Reject; escalate only if analytics confirms deliberate botting.,synthetic,Synthetic botted example generated from review rules.
SYN-0082,YouTube Shorts,Tech Gadget,13,379506,187133,12,904023,17198,517,894,529,613024,4.1,0.3417,0.7275,0.139,0.1316,0.7165,smooth_gradual,strong_retention,0.1255,2,False,False,False,short_but_relevant,0.0381,0.0716,0.0453,4.8309,0.019024,0.000572,0.000989,0.020585,0.678107,5,Low,clean,Approve / monitor later,none,metrics and graph pattern move proportionally,"Approve, but monitor high-view posts after approval.",synthetic,Synthetic clean example generated from review rules.
SYN-0109,YouTube Shorts,Car Slideshows,1,4710,6715,25,72029,869,41,79,31,53635,4.34,0.1738,0.1802,0.2663,0.3895,0.297,step_like_batches,flat_or_odd,0.5341,21,False,False,False,mixed,0.2121,0.2711,0.2798,10.7266,0.012065,0.000569,0.001097,0.013731,0.744631,54,Medium,suspicious,Needs Manual Review,needs_analytics,mixed signals require analytics,"Manually review graph, comments, traffic source, geography, and account history.",synthetic,Synthetic suspicious example generated from review rules.
SYN-0104,YouTube Shorts,Mobile Game Speedrun,14,93855,90889,30,600000,4059,383,148,238,430151,3.51,0.1171,0.5393,0.5743,0.0788,0.3081,flat_then_spike,sudden_drop,1.6367,31,False,False,True,generic_repeated,0.2679,0.4983,0.2058,6.6015,0.006765,0.000638,0.000247,0.00765,0.716918,71,High,suspicious,Reject and ask for analytics in ticket,possible_fake_views,large sudden view jump; views rise without matching engagement; high profile/search-style traffic; comment quality: generic_repeated,Reject and write: Send analytics in ticket.,synthetic,Synthetic suspicious example generated from review rules.
SYN-0030,YouTube Shorts,Car Slideshows,13,343161,463497,10,357381,6687,45,1036,313,227096,7.96,0.7962,0.5294,0.1078,0.1498,0.6732,smooth_gradual,strong_retention,0.1474,0,False,False,False,mixed,0.0082,0.0717,0.1258,0.7711,0.018711,0.000126,0.002899,0.021736,0.635445,5,Low,clean,Approve / monitor later,none,metrics and graph pattern move proportionally,"Approve, but monitor high-view posts after approval.",synthetic,Synthetic clean example generated from review rules.
SYN-0220,YouTube Shorts,Car Slideshows,4,163083,177338,8,850000,1871,4,348,548,397101,0.45,0.0559,0.5255,0.6073,0.2918,0.0501,likes_freeze,broken_or_missing,2.2596,23,True,True,True,emoji_spam,0.685,0.3529,0.6428,4.7931,0.002201,5e-06,0.000409,0.002615,0.467178,99,Critical,botted,Reject,fake_views,large sudden view jump; views rise without matching engagement; likes freeze while views increase; late like spike,Reject; escalate only if analytics confirms deliberate botting.,synthetic,Synthetic botted example generated from review rules.
SYN-0092,Instagram,Tech Gadget,6,129165,10244,12,120513,3939,672,880,650,104461,8.57,0.7146,0.5741,0.084,0.1183,0.7206,normal_viral_smooth,gradual_drop,0.1817,1,False,False,False,mixed,0.0322,0.006,0.0549,11.7643,0.032685,0.005576,0.007302,0.045564,0.866803,5,Low,clean,Approve / monitor later,none,metrics and graph pattern move proportionally,"Approve, but monitor high-view posts after approval.",synthetic,Synthetic clean example generated from review rules.
SYN-0031,TikTok,Fitness Clip,14,66222,83485,10,381138,36183,1713,1452,1881,224895,5.09,0.5092,0.4834,0.203,0.0098,0.7742,normal_viral_smooth,gradual_drop,0.385,3,False,False,False,relevant_discussion,0.0029,0.0145,0.0696,4.5653,0.094934,0.004494,0.00381,0.103238,0.590062,5,Low,clean,Approve / monitor later,none,metrics and graph pattern move proportionally,"Approve, but monitor high-view posts after approval.",synthetic,Synthetic clean example generated from review rules.
SYN-0291,TikTok,Fitness Clip,5,167,244,10,11466,574,0,2,27,6879,1.06,0.1058,0.3888,0.7951,0.3692,0.0,vertical_spike_no_engagement,very_low_watch_time,1.9641,56,False,False,True,generic_repeated,0.773,0.5194,0.4603,46.9918,0.050061,0.0,0.000174,0.050235,0.599948,99,Critical,botted,Reject,fake_boost,large sudden view jump; views rise without matching engagement; high views with almost no comments; high profile/search-style traffic,Reject; escalate only if analytics confirms deliberate botting.,synthetic,Synthetic botted example generated from review rules.
SYN-0186,Instagram,Anime Edit,13,14980,4103,8,180849,673,13,122,1053,64713,2.97,0.3716,0.606,0.4049,0.3146,0.2645,step_like_batches,sudden_drop,0.7899,8,False,False,False,unrelated,0.479,0.4521,0.5529,44.0773,0.003721,7.2e-05,0.000675,0.004468,0.357829,63,High,suspicious,Reject and ask for analytics in ticket,possible_engagement_pod,comment quality: unrelated,Reject and write: Send analytics in ticket.,synthetic,Synthetic suspicious example generated from review rules.
SYN-0105,Instagram,Finance Explainer,3,100168,85933,20,366777,4153,197,580,2120,133671,1.91,0.0954,0.2014,0.185,0.2935,0.472,flat_then_spike,flat_or_odd,0.8002,3,False,False,True,generic_repeated,0.5279,0.2877,0.3802,4.2682,0.011323,0.000537,0.001581,0.013441,0.364448,54,Medium,suspicious,Needs Manual Review,possible_autoswipe,views rise without matching engagement; comment quality: generic_repeated,"Manually review graph, comments, traffic source, geography, and account history.",synthetic,Synthetic suspicious example generated from review rules.
SYN-0280,TikTok,Tech Gadget,7,5755,8393,60,377046,24,36,64,1881,340595,9.78,0.1629,0.4926,0.4276,0.2538,0.2385,flat_then_spike,broken_or_missing,1.8571,15,False,False,True,unrelated,0.9137,0.3709,0.7195,44.9239,6.4e-05,9.5e-05,0.00017,0.000329,0.903325,99,Critical,botted,Reject,fake_boost,large sudden view jump; views rise without matching engagement; comment quality: unrelated,Reject; escalate only if analytics confirms deliberate botting.,synthetic,Synthetic botted example generated from review rules.
SYN-0036,TikTok,Tech Gadget,6,237683,217222,15,953914,133303,7604,3631,257,552000,11.35,0.7568,0.6531,0.038,0.0046,0.9231,normal_viral_smooth,strong_retention,0.3502,0,False,False,False,short_but_relevant,0.0414,0.0649,0.1338,4.3914,0.139743,0.007971,0.003806,0.151521,0.578669,5,Low,clean,Approve / monitor later,none,metrics and graph pattern move proportionally,"Approve, but monitor high-view posts after approval.",synthetic,Synthetic clean example generated from review rules.
SYN-0169,Instagram,Car Slideshows,7,19740,24652,15,600000,12907,4,540,2887,182674,3.12,0.2082,0.5198,0.4629,0.0525,0.3863,flat_then_spike,sudden_drop,0.6022,7,False,False,True,generic_repeated,0.3924,0.2104,0.2467,24.3388,0.021512,7e-06,0.0009,0.022418,0.304457,59,Medium,suspicious,Needs Manual Review,possible_autoswipe,views rise without matching engagement; comment quality: generic_repeated,"Manually review graph, comments, traffic source, geography, and account history.",synthetic,Synthetic suspicious example generated from review rules.
SYN-0296,TikTok,Fitness Clip,14,377237,122241,8,850000,3582,5,318,3281,840035,0.38,0.0474,0.041,0.6163,0.3783,0.0017,likes_freeze,flat_retention,3.4525,22,True,False,True,none,0.4942,0.3838,0.5572,6.9535,0.004214,6e-06,0.000374,0.004594,0.988276,99,Critical,botted,Reject,autoclick_autoswipe,large sudden view jump; views rise without matching engagement; likes freeze while views increase; high profile/search-style traffic,Reject; escalate only if analytics confirms deliberate botting.,synthetic,Synthetic botted example generated from review rules.
SYN-0217,Instagram,Car Slideshows,3,142985,146883,10,850000,1609,1,145,3679,66164,0.96,0.0958,0.2918,0.8649,0.3224,0.0,vertical_spike_no_engagement,flat_retention,2.1657,34,False,False,True,none,0.7788,0.5713,0.4655,5.7869,0.001893,1e-06,0.000171,0.002065,0.07784,99,Critical,botted,Reject,view_injection,large sudden view jump; views rise without matching engagement; high views with almost no comments; low reach-to-view ratio,Reject; escalate only if analytics confirms deliberate botting.,synthetic,Synthetic botted example generated from review rules.
SYN-0218,YouTube Shorts,Travel Hook,2,121676,173906,10,850000,6440,0,256,655,722715,1.45,0.1451,0.025,0.5608,0.4115,0.0,vertical_spike_no_engagement,flat_retention,2.7197,61,False,False,True,unrelated,0.798,0.4486,0.4593,4.8877,0.007576,0.0,0.000301,0.007878,0.850253,99,Critical,botted,Reject,fake_views,large sudden view jump; views rise without matching engagement; high views with almost no comments; high profile/search-style traffic,Reject; escalate only if analytics confirms deliberate botting.,synthetic,Synthetic botted example generated from review rules.
SYN-0266,YouTube Shorts,Travel Hook,8,76645,78189,25,850000,50386,125,320,211,476082,1.47,0.0587,0.0869,0.4952,0.1195,0.2948,vertical_spike_no_engagement,very_low_watch_time,4.2795,33,False,False,True,emoji_spam,0.6522,0.5368,0.5721,10.8711,0.059278,0.000147,0.000376,0.059801,0.560096,99,Critical,botted,Reject,view_injection,large sudden view jump; views rise without matching engagement; comment quality: emoji_spam,Reject; escalate only if analytics confirms deliberate botting.,synthetic,Synthetic botted example generated from review rules.
SYN-0015,TikTok,Finance Explainer,13,97,50,60,43,2,1,1,0,39,28.07,0.4678,0.8433,0.0738,0.1071,0.8138,smooth_gradual,strong_retention,0.0672,3,False,False,False,short_but_relevant,0.0407,0.0576,0.1295,0.86,0.046512,0.023256,0.023256,0.093023,0.906977,5,Low,clean,Approve / monitor later,none,metrics and graph pattern move proportionally,"Approve, but monitor high-view posts after approval.",synthetic,Synthetic clean example generated from review rules.
SYN-0157,YouTube Shorts,Car Slideshows,12,546,331,8,10000,54,3,10,3,4292,2.35,0.2936,0.4376,0.5929,0.3701,0.0,late_like_spike,low_watch_time,1.6985,26,True,True,True,mixed,0.4626,0.1042,0.2635,30.2115,0.0054,0.0003,0.001,0.0067,0.4292,51,Medium,suspicious,Needs Manual Review,needs_analytics,large sudden view jump; views rise without matching engagement; high views with almost no comments; likes freeze while views increase,"Manually review graph, comments, traffic source, geography, and account history.",synthetic,Synthetic suspicious example generated from review rules.
SYN-0014,YouTube Shorts,Travel Hook,4,673,91,45,218,4,1,1,0,164,33.64,0.7476,0.4339,0.195,0.1461,0.6321,smooth_gradual,gradual_drop,0.1784,0,False,False,False,relevant_discussion,0.0227,0.0338,0.1428,2.3956,0.018349,0.004587,0.004587,0.027523,0.752294,5,Low,clean,Approve / monitor later,none,metrics and graph pattern move proportionally,"Approve, but monitor high-view posts after approval.",synthetic,Synthetic clean example generated from review rules.
SYN-0230,Instagram,AI App Demo,5,4004,5328,10,757175,1210,4,268,3858,16692,1.14,0.1142,0.4193,0.6213,0.1063,0.2483,likes_freeze,broken_or_missing,4.4539,40,True,False,True,none,0.7096,0.7906,0.8709,142.1124,0.001598,5e-06,0.000354,0.001957,0.022045,99,Critical,botted,Reject,autoclick_autoswipe,large sudden view jump; views rise without matching engagement; likes freeze while views increase; low reach-to-view ratio,Reject; escalate only if analytics confirms deliberate botting.,synthetic,Synthetic botted example generated from review rules.
SYN-0174,YouTube Shorts,Anime Edit,1,2051,1115,20,64981,361,11,87,11,38083,2.4,0.12,0.2941,0.1612,0.2842,0.5517,low_engagement_smooth,flat_or_odd,1.219,35,True,False,False,generic_repeated,0.2755,0.1808,0.223,58.2789,0.005555,0.000169,0.001339,0.007064,0.586064,73,High,suspicious,Reject and ask for analytics in ticket,possible_fake_boost,large sudden view jump; likes freeze while views increase; comment quality: generic_repeated,Reject and write: Send analytics in ticket.,synthetic,Synthetic suspicious example generated from review rules.
SYN-0262,Instagram,Tech Gadget,12,653,379,8,23083,14,2,8,70,5458,1.4,0.1756,0.3704,0.3535,0.3936,0.2303,flat_then_spike,very_low_watch_time,1.5602,24,False,False,True,generic_repeated,0.8351,0.8375,0.7368,60.905,0.000607,8.7e-05,0.000347,0.00104,0.236451,99,Critical,botted,Reject,view_injection,large sudden view jump; views rise without matching engagement; high views with almost no comments; low reach-to-view ratio,Reject; escalate only if analytics confirms deliberate botting.,synthetic,Synthetic botted example generated from review rules.
SYN-0083,Instagram,Finance Explainer,14,2087,2139,15,7112,601,25,67,28,6058,9.39,0.626,0.8722,0.0106,0.0785,0.8362,normal_viral_smooth,strong_retention,0.1292,2,False,False,False,short_but_relevant,0.0999,0.0037,0.1316,3.3249,0.084505,0.003515,0.009421,0.097441,0.8518,5,Low,clean,Approve / monitor later,none,metrics and graph pattern move proportionally,"Approve, but monitor high-view posts after approval.",synthetic,Synthetic clean example generated from review rules.
SYN-0253,TikTok,Travel Hook,4,186058,46891,12,850000,24132,1,240,775,696593,2.29,0.1911,0.1158,0.5059,0.4012,0.0531,flat_then_spike,broken_or_missing,3.7365,15,False,False,True,unrelated,0.942,0.7763,0.9057,18.1271,0.028391,1e-06,0.000282,0.028674,0.819521,99,Critical,botted,Reject,fake_views,large sudden view jump; views rise without matching engagement; high views with almost no comments; high profile/search-style traffic,Reject; escalate only if analytics confirms deliberate botting.,synthetic,Synthetic botted example generated from review rules.
SYN-0164,TikTok,Tech Gadget,10,111,145,20,10000,177,1,20,8,3860,5.77,0.2883,0.3143,0.2891,0.3997,0.2145,low_engagement_smooth,sudden_drop,0.5933,23,False,False,True,unrelated,0.591,0.1695,0.316,68.9655,0.0177,0.0001,0.002,0.0198,0.386,56,Medium,suspicious,Needs Manual Review,possible_autoswipe,views rise without matching engagement; high views with almost no comments; comment quality: unrelated,"Manually review graph, comments, traffic source, geography, and account history.",synthetic,Synthetic suspicious example generated from review rules.
SYN-0047,TikTok,Finance Explainer,13,382512,37852,10,65931,6251,570,807,259,48527,6.0,0.5998,0.5929,0.1964,0.0805,0.6673,normal_viral_smooth,gradual_drop,0.169,3,False,False,False,mixed,0.0662,0.0161,0.0793,1.7418,0.094811,0.008645,0.01224,0.115697,0.736027,5,Low,clean,Approve / monitor later,none,metrics and graph pattern move proportionally,"Approve, but monitor high-view posts after approval.",synthetic,Synthetic clean example generated from review rules.
SYN-0126,TikTok,Finance Explainer,2,414,602,60,15481,280,1,21,45,10448,20.76,0.3461,0.4417,0.2465,0.3155,0.3773,low_engagement_smooth,flat_or_odd,0.4423,15,False,False,True,emoji_spam,0.5839,0.1391,0.5415,25.7159,0.018087,6.5e-05,0.001357,0.019508,0.674892,58,Medium,suspicious,Needs Manual Review,possible_engagement_pod,views rise without matching engagement; high views with almost no comments; comment quality: emoji_spam,"Manually review graph, comments, traffic source, geography, and account history.",synthetic,Synthetic suspicious example generated from review rules.
SYN-0281,Instagram,Travel Hook,6,13177,11826,60,826710,183,0,129,1880,158650,8.65,0.1441,0.2089,0.5011,0.1069,0.3442,vertical_spike_no_engagement,broken_or_missing,3.1724,58,False,True,True,unrelated,0.9501,0.6966,0.8036,69.9061,0.000221,0.0,0.000156,0.000377,0.191905,99,Critical,botted,Reject,view_injection,large sudden view jump; views rise without matching engagement; high views with almost no comments; late like spike,Reject; escalate only if analytics confirms deliberate botting.,synthetic,Synthetic botted example generated from review rules.
SYN-0177,TikTok,Car Slideshows,11,87,50,12,10000,36,2,7,46,8695,4.15,0.3461,0.5456,0.3517,0.1595,0.4473,low_engagement_smooth,sudden_drop,0.8966,30,False,False,True,mixed,0.18,0.4872,0.4607,200.0,0.0036,0.0002,0.0007,0.0045,0.8695,69,High,suspicious,Reject and ask for analytics in ticket,possible_engagement_pod,views rise without matching engagement; high views with almost no comments,Reject and write: Send analytics in ticket.,synthetic,Synthetic suspicious example generated from review rules.
SYN-0198,Instagram,Fitness Clip,1,57267,47987,15,600000,11668,3,968,2266,144575,5.67,0.3778,0.3101,0.3612,0.0507,0.5624,low_engagement_smooth,sudden_drop,1.4076,15,False,False,True,unrelated,0.3072,0.1876,0.2241,12.5034,0.019447,5e-06,0.001613,0.021065,0.240958,51,Medium,suspicious,Needs Manual Review,possible_engagement_pod,large sudden view jump; views rise without matching engagement; high views with almost no comments; low reach-to-view ratio,"Manually review graph, comments, traffic source, geography, and account history.",synthetic,Synthetic suspicious example generated from review rules.
SYN-0196,YouTube Shorts,AI App Demo,6,1828,2083,12,51063,753,20,64,40,47337,3.19,0.2661,0.4906,0.3866,0.2052,0.3722,flat_then_spike,low_watch_time,0.568,34,False,False,True,emoji_spam,0.2474,0.4576,0.3048,24.5142,0.014746,0.000392,0.001253,0.016392,0.927031,57,Medium,suspicious,Needs Manual Review,possible_autoswipe,views rise without matching engagement; comment quality: emoji_spam,"Manually review graph, comments, traffic source, geography, and account history.",synthetic,Synthetic suspicious example generated from review rules.
SYN-0274,YouTube Shorts,Finance Explainer,11,823,760,45,79081,5459,2,30,66,66795,0.98,0.0218,0.2972,0.4108,0.5198,0.0274,flat_then_spike,broken_or_missing,2.114,16,False,True,True,generic_repeated,0.9934,0.7691,0.7784,104.0539,0.06903,2.5e-05,0.000379,0.069435,0.84464,99,Critical,botted,Reject,view_injection,large sudden view jump; views rise without matching engagement; high views with almost no comments; late like spike,Reject; escalate only if analytics confirms deliberate botting.,synthetic,Synthetic botted example generated from review rules.
SYN-0139,Instagram,Car Slideshows,3,74,78,60,10000,239,4,2,34,2763,19.53,0.3256,0.3366,0.4219,0.2695,0.2741,low_engagement_smooth,sudden_drop,1.6238,20,False,False,True,mixed,0.4703,0.1068,0.3531,128.2051,0.0239,0.0004,0.0002,0.0245,0.2763,46,Medium,suspicious,Needs Manual Review,possible_fake_views,large sudden view jump; views rise without matching engagement; low reach-to-view ratio,"Manually review graph, comments, traffic source, geography, and account history.",synthetic,Synthetic suspicious example generated from review rules.
SYN-0241,Instagram,Tech Gadget,14,11558,8808,15,850000,41901,2,307,2247,6068,0.94,0.0626,0.0236,0.4837,0.4393,0.0264,vertical_spike_no_engagement,flat_retention,4.1614,19,False,False,True,emoji_spam,0.5793,0.6118,0.5589,96.5032,0.049295,2e-06,0.000361,0.049659,0.007139,99,Critical,botted,Reject,autoclick_autoswipe,large sudden view jump; views rise without matching engagement; high views with almost no comments; low reach-to-view ratio,Reject; escalate only if analytics confirms deliberate botting.,synthetic,Synthetic botted example generated from review rules.
SYN-0064,TikTok,Anime Edit,11,406,247,10,468,57,5,8,2,309,8.11,0.8114,0.6589,0.0176,0.1046,0.7931,normal_viral_smooth,gradual_drop,0.0755,0,False,False,False,relevant_discussion,0.0116,0.0437,0.0196,1.8947,0.121795,0.010684,0.017094,0.149573,0.660256,5,Low,clean,Approve / monitor later,none,metrics and graph pattern move proportionally,"Approve, but monitor high-view posts after approval.",synthetic,Synthetic clean example generated from review rules.
SYN-0093,Instagram,Anime Edit,6,103330,124041,8,302546,9112,943,1055,900,213033,5.41,0.6767,0.8831,0.107,0.1383,0.7101,smooth_gradual,strong_retention,0.0924,0,False,False,False,short_but_relevant,0.0797,0.0106,0.1121,2.4391,0.030118,0.003117,0.003487,0.036722,0.704134,5,Low,clean,Approve / monitor later,none,metrics and graph pattern move proportionally,"Approve, but monitor high-view posts after approval.",synthetic,Synthetic clean example generated from review rules.
SYN-0114,YouTube Shorts,Finance Explainer,11,26642,3190,20,83088,512,22,86,56,59184,7.23,0.3613,0.6017,0.5198,0.0733,0.3202,late_like_spike,sudden_drop,1.1847,17,False,True,False,generic_repeated,0.176,0.3003,0.2881,26.0464,0.006162,0.000265,0.001035,0.007462,0.712305,73,High,suspicious,Reject and ask for analytics in ticket,possible_autoswipe,large sudden view jump; late like spike; high profile/search-style traffic; comment quality: generic_repeated,Reject and write: Send analytics in ticket.,synthetic,Synthetic suspicious example generated from review rules.
SYN-0068,YouTube Shorts,Car Slideshows,6,25836,19117,12,154668,3957,354,75,126,148430,5.88,0.4898,0.6962,0.1638,0.0947,0.7392,normal_viral_smooth,strong_retention,0.1955,4,False,False,False,relevant_discussion,0.0195,0.0291,0.0112,8.0906,0.025584,0.002289,0.000485,0.028358,0.959668,5,Low,clean,Approve / monitor later,none,metrics and graph pattern move proportionally,"Approve, but monitor high-view posts after approval.",synthetic,Synthetic clean example generated from review rules.
SYN-0065,TikTok,Mobile Game Speedrun,9,448,202,60,317,14,1,1,1,153,23.46,0.3911,0.7328,0.2112,0.1004,0.6067,smooth_gradual,gradual_drop,0.2064,0,False,False,False,mixed,0.0258,0.0599,0.0218,1.5693,0.044164,0.003155,0.003155,0.050473,0.48265,5,Low,clean,Approve / monitor later,none,metrics and graph pattern move proportionally,"Approve, but monitor high-view posts after approval.",synthetic,Synthetic clean example generated from review rules.
SYN-0076,TikTok,Finance Explainer,7,147890,167830,30,784131,65910,1868,11792,2511,610380,20.9,0.6965,0.5649,0.0448,0.1243,0.8105,normal_viral_smooth,gradual_drop,0.1008,3,False,False,False,relevant_discussion,0.0377,0.0159,0.0958,4.6722,0.084055,0.002382,0.015038,0.101475,0.778416,5,Low,clean,Approve / monitor later,none,metrics and graph pattern move proportionally,"Approve, but monitor high-view posts after approval.",synthetic,Synthetic clean example generated from review rules.
SYN-0107,TikTok,Tech Gadget,10,16820,22988,12,289687,4443,13,233,1068,215612,4.22,0.352,0.6474,0.3019,0.1564,0.4598,late_like_spike,low_watch_time,1.4495,7,False,True,False,mixed,0.2579,0.4932,0.284,12.6017,0.015337,4.5e-05,0.000804,0.016186,0.744293,75,High,suspicious,Reject and ask for analytics in ticket,needs_analytics,large sudden view jump; late like spike,Reject and write: Send analytics in ticket.,synthetic,Synthetic suspicious example generated from review rules.
SYN-0012,TikTok,Tech Gadget,14,122663,20357,10,145372,6947,808,1483,214,136272,6.26,0.6264,0.451,0.0524,0.0839,0.7674,smooth_gradual,gradual_drop,0.1878,2,False,False,False,short_but_relevant,0.0769,0.0531,0.1701,7.1411,0.047788,0.005558,0.010201,0.063547,0.937402,5,Low,clean,Approve / monitor later,none,metrics and graph pattern move proportionally,"Approve, but monitor high-view posts after approval.",synthetic,Synthetic clean example generated from review rules.
SYN-0052,TikTok,Fitness Clip,8,1536,1074,25,3822,242,33,3,12,2608,14.41,0.5764,0.4556,0.1839,0.0662,0.6669,smooth_gradual,gradual_drop,0.1956,4,False,False,False,relevant_discussion,0.02,0.0508,0.0317,3.5587,0.063318,0.008634,0.000785,0.072737,0.682365,5,Low,clean,Approve / monitor later,none,metrics and graph pattern move proportionally,"Approve, but monitor high-view posts after approval.",synthetic,Synthetic clean example generated from review rules.
SYN-0249,YouTube Shorts,Fitness Clip,3,19065,1942,15,122819,941,3,28,35,101442,2.95,0.1967,0.2594,0.8269,0.3227,0.0,step_like_batches,broken_or_missing,0.8093,46,False,False,True,generic_repeated,0.7967,0.5032,0.7435,63.2436,0.007662,2.4e-05,0.000228,0.007914,0.825947,99,Critical,botted,Reject,autoclick_autoswipe,views rise without matching engagement; high views with almost no comments; high profile/search-style traffic; comment quality: generic_repeated,Reject; escalate only if analytics confirms deliberate botting.,synthetic,Synthetic botted example generated from review rules.
SYN-0197,Instagram,AI App Demo,9,14674,4456,15,281348,2300,152,351,1022,65635,2.24,0.149,0.2584,0.4962,0.3175,0.1535,late_like_spike,low_watch_time,0.5202,16,False,True,False,generic_repeated,0.2821,0.1986,0.4241,63.1391,0.008175,0.00054,0.001248,0.009963,0.233288,46,Medium,suspicious,Needs Manual Review,possible_fake_views,late like spike; low reach-to-view ratio; comment quality: generic_repeated,"Manually review graph, comments, traffic source, geography, and account history.",synthetic,Synthetic suspicious example generated from review rules.
SYN-0202,Instagram,Travel Hook,3,201560,182362,20,600000,3234,296,1061,2545,300730,2.35,0.1176,0.4949,0.5075,0.0579,0.336,flat_then_spike,sudden_drop,0.6713,5,False,False,True,unrelated,0.2394,0.1488,0.545,3.2902,0.00539,0.000493,0.001768,0.007652,0.501217,66,High,suspicious,Reject and ask for analytics in ticket,needs_analytics,views rise without matching engagement; high profile/search-style traffic; comment quality: unrelated,Reject and write: Send analytics in ticket.,synthetic,Synthetic suspicious example generated from review rules.
SYN-0154,YouTube Shorts,Fitness Clip,6,194921,12152,25,372271,5426,3,399,111,260198,8.13,0.3251,0.2875,0.1522,0.2864,0.4985,late_like_spike,low_watch_time,1.441,24,False,True,True,emoji_spam,0.4134,0.2086,0.3594,30.6345,0.014575,8e-06,0.001072,0.015655,0.698948,51,Medium,suspicious,Needs Manual Review,possible_autoswipe,large sudden view jump; views rise without matching engagement; high views with almost no comments; late like spike,"Manually review graph, comments, traffic source, geography, and account history.",synthetic,Synthetic suspicious example generated from review rules.
SYN-0040,YouTube Shorts,Travel Hook,1,149852,115106,25,432798,6093,1274,1268,14,225167,12.5,0.5001,0.8883,0.2046,0.0847,0.6905,normal_viral_smooth,gradual_drop,0.3963,4,False,False,False,mixed,0.0215,0.0734,0.0869,3.76,0.014078,0.002944,0.00293,0.019952,0.520259,5,Low,clean,Approve / monitor later,none,metrics and graph pattern move proportionally,"Approve, but monitor high-view posts after approval.",synthetic,Synthetic clean example generated from review rules.
SYN-0226,YouTube Shorts,Anime Edit,13,379564,398726,30,850000,3395,6,288,187,821214,1.56,0.0518,0.1691,0.693,0.2987,0.0,step_like_batches,broken_or_missing,2.9122,14,False,False,False,none,0.4903,0.6981,0.8408,2.1318,0.003994,7e-06,0.000339,0.00434,0.966134,99,Critical,botted,Reject,fake_views,large sudden view jump; high profile/search-style traffic; comment quality: none,Reject; escalate only if analytics confirms deliberate botting.,synthetic,Synthetic botted example generated from review rules.
SYN-0091,Instagram,Mobile Game Speedrun,10,706,704,25,1904,91,14,9,8,1676,12.99,0.5197,0.5749,0.1308,0.0237,0.7509,normal_viral_smooth,strong_retention,0.2971,3,False,False,False,mixed,0.0484,0.0711,0.1614,2.7045,0.047794,0.007353,0.004727,0.059874,0.880252,5,Low,clean,Approve / monitor later,none,metrics and graph pattern move proportionally,"Approve, but monitor high-view posts after approval.",synthetic,Synthetic clean example generated from review rules.
SYN-0038,Instagram,Mobile Game Speedrun,13,87,79,15,165,13,1,2,0,148,10.72,0.7146,0.5223,0.0528,0.0748,0.7773,normal_viral_smooth,strong_retention,0.232,4,False,False,False,mixed,0.0217,0.0019,0.1773,2.0886,0.078788,0.006061,0.012121,0.09697,0.89697,5,Low,clean,Approve / monitor later,none,metrics and graph pattern move proportionally,"Approve, but monitor high-view posts after approval.",synthetic,Synthetic clean example generated from review rules.
SYN-0268,TikTok,Mobile Game Speedrun,11,905,1127,20,89099,3274,14,50,206,76917,0.77,0.0387,0.1041,0.8355,0.5286,0.0,likes_freeze,broken_or_missing,3.9553,66,True,False,False,generic_repeated,0.6136,0.7052,0.7841,79.0586,0.036746,0.000157,0.000561,0.037464,0.863276,99,Critical,botted,Reject,fake_boost,large sudden view jump; likes freeze while views increase; high profile/search-style traffic; comment quality: generic_repeated,Reject; escalate only if analytics confirms deliberate botting.,synthetic,Synthetic botted example generated from review rules.
SYN-0160,Instagram,Finance Explainer,10,101421,132441,8,600000,10971,416,283,3073,294931,2.66,0.3325,0.6033,0.5722,0.3681,0.0451,late_like_spike,low_watch_time,1.6156,31,False,True,False,unrelated,0.1949,0.3284,0.3681,4.5303,0.018285,0.000693,0.000472,0.01945,0.491552,71,High,suspicious,Reject and ask for analytics in ticket,possible_fake_boost,large sudden view jump; late like spike; high profile/search-style traffic; comment quality: unrelated,Reject and write: Send analytics in ticket.,synthetic,Synthetic suspicious example generated from review rules.
SYN-0111,Instagram,Tech Gadget,13,113520,72071,15,600000,5442,412,324,357,265096,4.25,0.2834,0.1666,0.4013,0.226,0.3082,late_like_spike,sudden_drop,1.5905,34,False,True,False,generic_repeated,0.28,0.444,0.205,8.3251,0.00907,0.000687,0.00054,0.010297,0.441827,66,High,suspicious,Reject and ask for analytics in ticket,possible_engagement_pod,large sudden view jump; late like spike; comment quality: generic_repeated,Reject and write: Send analytics in ticket.,synthetic,Synthetic suspicious example generated from review rules.
SYN-0161,TikTok,Mobile Game Speedrun,4,372,439,12,10000,223,5,14,36,6407,1.89,0.1572,0.3187,0.5301,0.3796,0.0375,late_like_spike,flat_or_odd,1.3179,32,False,True,True,generic_repeated,0.5029,0.1413,0.2167,22.779,0.0223,0.0005,0.0014,0.0242,0.6407,60,High,suspicious,Reject and ask for analytics in ticket,possible_fake_boost,large sudden view jump; views rise without matching engagement; late like spike; high profile/search-style traffic,Reject and write: Send analytics in ticket.,synthetic,Synthetic suspicious example generated from review rules.
SYN-0195,Instagram,Travel Hook,9,27020,26632,25,600000,5460,246,891,2346,94507,6.02,0.2407,0.607,0.2566,0.0683,0.6234,low_engagement_smooth,low_watch_time,0.4079,16,False,False,False,unrelated,0.281,0.2356,0.2218,22.5293,0.0091,0.00041,0.001485,0.010995,0.157512,56,Medium,suspicious,Needs Manual Review,possible_fake_boost,low reach-to-view ratio; comment quality: unrelated,"Manually review graph, comments, traffic source, geography, and account history.",synthetic,Synthetic suspicious example generated from review rules.
SYN-0297,YouTube Shorts,Finance Explainer,14,639,764,20,85778,262,6,15,15,49713,1.68,0.0842,0.1767,0.734,0.1802,0.0536,step_like_batches,broken_or_missing,4.0255,68,True,False,False,generic_repeated,0.7231,0.6584,0.7043,112.2749,0.003054,7e-05,0.000175,0.003299,0.579554,99,Critical,botted,Reject,autoclick_autoswipe,large sudden view jump; likes freeze while views increase; high profile/search-style traffic; comment quality: generic_repeated,Reject; escalate only if analytics confirms deliberate botting.,synthetic,Synthetic botted example generated from review rules.
SYN-0013,TikTok,Fitness Clip,7,40491,5489,60,25413,2157,170,428,39,19098,32.79,0.5465,0.8601,0.1518,0.1161,0.7248,smooth_gradual,strong_retention,0.2141,4,False,False,False,relevant_discussion,0.0642,0.0682,0.0011,4.6298,0.084878,0.006689,0.016842,0.108409,0.751505,5,Low,clean,Approve / monitor later,none,metrics and graph pattern move proportionally,"Approve, but monitor high-view posts after approval.",synthetic,Synthetic clean example generated from review rules.
SYN-0286,YouTube Shorts,Anime Edit,7,109,94,45,10000,59,0,3,5,4456,7.84,0.1742,0.5037,0.8883,0.596,0.0,flat_then_spike,broken_or_missing,3.3293,71,True,False,True,emoji_spam,0.5933,0.5148,0.6613,106.383,0.0059,0.0,0.0003,0.0062,0.4456,99,Critical,botted,Reject,view_injection,large sudden view jump; views rise without matching engagement; high views with almost no comments; likes freeze while views increase,Reject; escalate only if analytics confirms deliberate botting.,synthetic,Synthetic botted example generated from review rules.
SYN-0260,Instagram,Tech Gadget,7,5907,8066,8,545276,36649,5,189,2514,109338,0.37,0.0464,0.083,0.4508,0.4183,0.0736,flat_then_spike,broken_or_missing,2.7779,13,False,False,True,emoji_spam,0.7624,0.7003,0.7971,67.6018,0.067212,9e-06,0.000347,0.067568,0.200519,99,Critical,botted,Reject,fake_boost,large sudden view jump; views rise without matching engagement; low reach-to-view ratio; comment quality: emoji_spam,Reject; escalate only if analytics confirms deliberate botting.,synthetic,Synthetic botted example generated from review rules.
SYN-0025,Instagram,Anime Edit,6,188638,255390,15,3159680,241693,2181,13827,16393,2120625,6.25,0.4169,0.4338,0.0206,0.0262,0.9179,normal_viral_smooth,gradual_drop,0.1325,2,False,False,False,mixed,0.0499,0.0224,0.1076,12.372,0.076493,0.00069,0.004376,0.081559,0.671152,5,Low,clean,Approve / monitor later,none,metrics and graph pattern move proportionally,"Approve, but monitor high-view posts after approval.",synthetic,Synthetic clean example generated from review rules.
SYN-0098,Instagram,Anime Edit,11,186,273,8,4230,413,4,37,24,3926,5.07,0.6337,0.5121,0.1318,0.015,0.7699,smooth_gradual,strong_retention,0.1436,2,False,False,False,relevant_discussion,0.0271,0.0159,0.1462,15.4945,0.097636,0.000946,0.008747,0.107329,0.928132,5,Low,clean,Approve / monitor later,none,metrics and graph pattern move proportionally,"Approve, but monitor high-view posts after approval.",synthetic,Synthetic clean example generated from review rules.
SYN-0238,TikTok,Anime Edit,14,247899,189960,8,850000,241,6,396,2582,401934,1.55,0.1936,0.3609,0.519,0.2351,0.1579,vertical_spike_no_engagement,broken_or_missing,4.3577,29,False,False,True,generic_repeated,0.9551,0.4876,0.659,4.4746,0.000284,7e-06,0.000466,0.000756,0.472864,99,Critical,botted,Reject,fake_views,large sudden view jump; views rise without matching engagement; high profile/search-style traffic; comment quality: generic_repeated,Reject; escalate only if analytics confirms deliberate botting.,synthetic,Synthetic botted example generated from review rules.
SYN-0247,YouTube Shorts,Travel Hook,10,83,91,60,10000,40,1,2,9,4466,4.05,0.0675,0.5163,0.8164,0.3634,0.0,vertical_spike_no_engagement,broken_or_missing,2.713,64,False,False,True,emoji_spam,0.5425,0.598,0.7014,109.8901,0.004,0.0001,0.0002,0.0043,0.4466,99,Critical,botted,Reject,fake_boost,large sudden view jump; views rise without matching engagement; high views with almost no comments; high profile/search-style traffic,Reject; escalate only if analytics confirms deliberate botting.,synthetic,Synthetic botted example generated from review rules.
SYN-0236,TikTok,Mobile Game Speedrun,12,265115,179206,30,850000,4298,98,308,4333,459472,5.82,0.1941,0.0928,0.5393,0.3981,0.0477,vertical_spike_no_engagement,very_low_watch_time,2.8164,72,True,False,True,emoji_spam,0.9803,0.8389,0.9273,4.7431,0.005056,0.000115,0.000362,0.005534,0.540555,99,Critical,botted,Reject,fake_likes,large sudden view jump; views rise without matching engagement; likes freeze while views increase; high profile/search-style traffic,Reject; escalate only if analytics confirms deliberate botting.,synthetic,Synthetic botted example generated from review rules.
SYN-0264,Instagram,Travel Hook,7,108793,116318,45,850000,22516,110,448,2935,236940,8.58,0.1906,0.0822,0.6001,0.2416,0.1145,likes_freeze,broken_or_missing,2.4882,9,True,False,False,none,0.9136,0.5793,0.6277,7.3076,0.026489,0.000129,0.000527,0.027146,0.278753,88,Critical,botted,Reject,fake_likes,large sudden view jump; likes freeze while views increase; low reach-to-view ratio; high profile/search-style traffic,Reject; escalate only if analytics confirms deliberate botting.,synthetic,Synthetic botted example generated from review rules.
SYN-0294,YouTube Shorts,Finance Explainer,7,105339,116940,15,850000,5855,39,57,837,834918,3.27,0.2182,0.1519,0.8553,0.3974,0.0,likes_freeze,very_low_watch_time,4.413,29,True,False,False,unrelated,0.7045,0.5764,0.5918,7.2687,0.006888,4.6e-05,6.7e-05,0.007001,0.982256,96,Critical,botted,Reject,fake_likes,large sudden view jump; likes freeze while views increase; high profile/search-style traffic; comment quality: unrelated,Reject; escalate only if analytics confirms deliberate botting.,synthetic,Synthetic botted example generated from review rules.
SYN-0018,Instagram,Tech Gadget,8,27720,22599,25,107851,8481,238,1102,512,95189,15.62,0.625,0.7196,0.0532,0.0955,0.7564,smooth_gradual,strong_retention,0.3639,1,False,False,False,short_but_relevant,0.0897,0.0138,0.1096,4.7724,0.078636,0.002207,0.010218,0.091061,0.882597,5,Low,clean,Approve / monitor later,none,metrics and graph pattern move proportionally,"Approve, but monitor high-view posts after approval.",synthetic,Synthetic clean example generated from review rules.
SYN-0209,TikTok,Fitness Clip,4,77110,61974,10,850000,1942,8,127,1189,707801,0.29,0.0287,0.2406,0.6744,0.5344,0.0,vertical_spike_no_engagement,flat_retention,3.749,15,False,False,True,none,0.7249,0.5339,0.7048,13.7154,0.002285,9e-06,0.000149,0.002444,0.832707,99,Critical,botted,Reject,view_injection,large sudden view jump; views rise without matching engagement; high profile/search-style traffic; comment quality: none,Reject; escalate only if analytics confirms deliberate botting.,synthetic,Synthetic botted example generated from review rules.
SYN-0054,TikTok,Travel Hook,12,53742,64284,15,54851,6936,472,739,125,33214,5.11,0.3406,0.5726,0.0287,0.0571,0.8318,smooth_gradual,gradual_drop,0.3638,2,False,False,False,relevant_discussion,0.0747,0.0438,0.0968,0.8533,0.126452,0.008605,0.013473,0.14853,0.605531,5,Low,clean,Approve / monitor later,none,metrics and graph pattern move proportionally,"Approve, but monitor high-view posts after approval.",synthetic,Synthetic clean example generated from review rules.
SYN-0300,TikTok,Mobile Game Speedrun,13,5346,5756,45,85117,6748,16,6,376,54384,6.41,0.1425,0.3294,0.446,0.5007,0.0,likes_freeze,very_low_watch_time,4.1109,22,True,False,False,unrelated,0.743,0.5545,0.4556,14.7875,0.079279,0.000188,7e-05,0.079538,0.638932,98,Critical,botted,Reject,fake_views,large sudden view jump; likes freeze while views increase; comment quality: unrelated,Reject; escalate only if analytics confirms deliberate botting.,synthetic,Synthetic botted example generated from review rules.
SYN-0100,TikTok,Tech Gadget,7,11513,13586,45,20376,1938,38,362,29,11378,33.44,0.7431,0.7719,0.1353,0.0968,0.7662,normal_viral_smooth,gradual_drop,0.0906,1,False,False,False,short_but_relevant,0.0544,0.0507,0.0949,1.4998,0.095112,0.001865,0.017766,0.114743,0.558402,5,Low,clean,Approve / monitor later,none,metrics and graph pattern move proportionally,"Approve, but monitor high-view posts after approval.",synthetic,Synthetic clean example generated from review rules.
SYN-0231,Instagram,Anime Edit,7,82593,31317,60,850000,26590,126,205,1952,41541,12.49,0.2081,0.1326,0.5458,0.1824,0.2173,flat_then_spike,flat_retention,3.6443,54,False,False,True,emoji_spam,0.9543,0.7812,0.5808,27.1418,0.031282,0.000148,0.000241,0.031672,0.048872,99,Critical,botted,Reject,fake_likes,large sudden view jump; views rise without matching engagement; low reach-to-view ratio; high profile/search-style traffic,Reject; escalate only if analytics confirms deliberate botting.,synthetic,Synthetic botted example generated from review rules.
SYN-0181,Instagram,AI App Demo,7,193,229,20,13391,87,7,21,55,4571,6.45,0.3226,0.4322,0.2863,0.3327,0.3163,low_engagement_smooth,low_watch_time,0.4204,21,False,False,False,emoji_spam,0.4076,0.3493,0.224,58.476,0.006497,0.000523,0.001568,0.008588,0.341349,69,High,suspicious,Reject and ask for analytics in ticket,needs_analytics,comment quality: emoji_spam,Reject and write: Send analytics in ticket.,synthetic,Synthetic suspicious example generated from review rules.
SYN-0246,YouTube Shorts,Finance Explainer,3,45663,55179,10,850000,2625,6,302,96,819568,0.49,0.0491,0.5197,0.6511,0.4588,0.0,flat_then_spike,very_low_watch_time,3.6491,60,False,True,True,emoji_spam,0.8945,0.7267,0.7835,15.4044,0.003088,7e-06,0.000355,0.003451,0.964198,99,Critical,botted,Reject,view_injection,large sudden view jump; views rise without matching engagement; late like spike; high profile/search-style traffic,Reject; escalate only if analytics confirms deliberate botting.,synthetic,Synthetic botted example generated from review rules.
SYN-0199,Instagram,Finance Explainer,5,1107,1337,8,77863,1828,19,34,422,35525,2.01,0.2511,0.6746,0.4285,0.2765,0.2003,flat_then_spike,sudden_drop,0.9773,25,False,False,True,mixed,0.4911,0.4987,0.2727,58.2371,0.023477,0.000244,0.000437,0.024158,0.45625,47,Medium,suspicious,Needs Manual Review,possible_autoswipe,views rise without matching engagement,"Manually review graph, comments, traffic source, geography, and account history.",synthetic,Synthetic suspicious example generated from review rules.
SYN-0005,Instagram,AI App Demo,7,8014,7033,60,20420,1788,157,10,116,17702,17.1,0.2849,0.8079,0.0763,0.0642,0.8358,normal_viral_smooth,strong_retention,0.0643,3,False,False,False,short_but_relevant,0.0958,0.0027,0.0674,2.9035,0.087561,0.007689,0.00049,0.095739,0.866895,5,Low,clean,Approve / monitor later,none,metrics and graph pattern move proportionally,"Approve, but monitor high-view posts after approval.",synthetic,Synthetic clean example generated from review rules.
SYN-0151,YouTube Shorts,Car Slideshows,3,2773,588,8,12238,17,4,11,9,10527,3.02,0.3774,0.3479,0.509,0.3111,0.1718,step_like_batches,flat_or_odd,0.4678,35,True,False,True,mixed,0.5168,0.3024,0.2705,20.8129,0.001389,0.000327,0.000899,0.002615,0.86019,72,High,suspicious,Reject and ask for analytics in ticket,possible_fake_views,views rise without matching engagement; likes freeze while views increase; high profile/search-style traffic,Reject and write: Send analytics in ticket.,synthetic,Synthetic suspicious example generated from review rules.
SYN-0048,Instagram,Finance Explainer,14,274,332,8,1614,176,9,8,2,1033,2.78,0.3474,0.462,0.1395,0.0172,0.7593,smooth_gradual,strong_retention,0.1637,2,False,False,False,short_but_relevant,0.0369,0.0291,0.1688,4.8614,0.109046,0.005576,0.004957,0.119579,0.640025,5,Low,clean,Approve / monitor later,none,metrics and graph pattern move proportionally,"Approve, but monitor high-view posts after approval.",synthetic,Synthetic clean example generated from review rules.
SYN-0189,Instagram,Fitness Clip,14,230,158,30,10000,74,2,8,27,2992,7.59,0.2531,0.4115,0.3549,0.148,0.4498,late_like_spike,sudden_drop,0.6214,35,False,True,True,generic_repeated,0.4441,0.1684,0.2851,63.2911,0.0074,0.0002,0.0008,0.0084,0.2992,51,Medium,suspicious,Needs Manual Review,possible_engagement_pod,views rise without matching engagement; high views with almost no comments; late like spike; low reach-to-view ratio,"Manually review graph, comments, traffic source, geography, and account history.",synthetic,Synthetic suspicious example generated from review rules.
SYN-0237,Instagram,Fitness Clip,2,33729,35589,25,850000,5509,1,306,1986,240263,0.53,0.0212,0.2898,0.4625,0.4077,0.0791,vertical_spike_no_engagement,broken_or_missing,3.5791,36,True,False,True,emoji_spam,0.6092,0.7066,0.8806,23.8838,0.006481,1e-06,0.00036,0.006842,0.282662,99,Critical,botted,Reject,view_injection,large sudden view jump; views rise without matching engagement; high views with almost no comments; likes freeze while views increase,Reject; escalate only if analytics confirms deliberate botting.,synthetic,Synthetic botted example generated from review rules.
SYN-0244,YouTube Shorts,Anime Edit,2,19862,1290,45,123965,649,2,24,11,100140,8.43,0.1874,0.2468,0.369,0.2335,0.2992,step_like_batches,broken_or_missing,2.6552,21,False,True,True,generic_repeated,0.7095,0.6307,0.7623,96.0969,0.005235,1.6e-05,0.000194,0.005445,0.807809,99,Critical,botted,Reject,autoclick_autoswipe,large sudden view jump; views rise without matching engagement; high views with almost no comments; late like spike,Reject; escalate only if analytics confirms deliberate botting.,synthetic,Synthetic botted example generated from review rules.
SYN-0279,TikTok,Mobile Game Speedrun,8,4889,540,20,10000,36,1,5,48,5435,1.09,0.0546,0.4296,0.7153,0.4115,0.0,vertical_spike_no_engagement,flat_retention,2.3511,26,True,False,True,unrelated,0.8176,0.7981,0.8953,18.5185,0.0036,0.0001,0.0005,0.0042,0.5435,99,Critical,botted,Reject,fake_boost,large sudden view jump; views rise without matching engagement; high views with almost no comments; likes freeze while views increase,Reject; escalate only if analytics confirms deliberate botting.,synthetic,Synthetic botted example generated from review rules.
SYN-0214,TikTok,Car Slideshows,11,650,782,8,48694,98,3,7,83,20864,1.5,0.1869,0.2618,0.8918,0.2728,0.0,flat_then_spike,flat_retention,2.0948,28,False,False,True,none,0.6963,0.4358,0.6627,62.2685,0.002013,6.2e-05,0.000144,0.002218,0.428472,99,Critical,botted,Reject,fake_likes,large sudden view jump; views rise without matching engagement; high views with almost no comments; high profile/search-style traffic,Reject; escalate only if analytics confirms deliberate botting.,synthetic,Synthetic botted example generated from review rules.
SYN-0227,YouTube Shorts,Finance Explainer,13,17705,20749,8,597064,33395,9,124,502,235991,1.2,0.1505,0.0249,0.4024,0.322,0.2543,flat_then_spike,flat_retention,2.0501,55,False,False,True,none,0.4908,0.7422,0.9191,28.7756,0.055932,1.5e-05,0.000208,0.056155,0.395252,99,Critical,botted,Reject,view_injection,large sudden view jump; views rise without matching engagement; comment quality: none,Reject; escalate only if analytics confirms deliberate botting.,synthetic,Synthetic botted example generated from review rules.
SYN-0074,Instagram,Travel Hook,9,623,809,10,1042,39,5,1,1,624,3.05,0.3054,0.626,0.1989,0.0575,0.6978,smooth_gradual,strong_retention,0.3874,4,False,False,False,short_but_relevant,0.0398,0.062,0.1117,1.288,0.037428,0.004798,0.00096,0.043186,0.598848,5,Low,clean,Approve / monitor later,none,metrics and graph pattern move proportionally,"Approve, but monitor high-view posts after approval.",synthetic,Synthetic clean example generated from review rules.
SYN-0150,Instagram,Travel Hook,12,78,101,15,10000,45,6,1,5,4439,3.93,0.2618,0.6049,0.5908,0.3767,0.0,low_engagement_smooth,low_watch_time,0.8998,18,True,False,False,unrelated,0.2361,0.2604,0.2209,99.0099,0.0045,0.0006,0.0001,0.0052,0.4439,48,Medium,suspicious,Needs Manual Review,needs_analytics,likes freeze while views increase; high profile/search-style traffic; comment quality: unrelated,"Manually review graph, comments, traffic source, geography, and account history.",synthetic,Synthetic suspicious example generated from review rules.
SYN-0125,TikTok,Mobile Game Speedrun,11,3587,201,12,10000,114,5,6,53,4937,4.02,0.3352,0.5464,0.4321,0.07,0.4158,late_like_spike,low_watch_time,1.236,9,False,True,True,generic_repeated,0.2364,0.2137,0.4955,49.7512,0.0114,0.0005,0.0006,0.0125,0.4937,55,Medium,suspicious,Needs Manual Review,possible_fake_views,large sudden view jump; views rise without matching engagement; late like spike; comment quality: generic_repeated,"Manually review graph, comments, traffic source, geography, and account history.",synthetic,Synthetic suspicious example generated from review rules.
SYN-0167,TikTok,Tech Gadget,8,155462,161291,45,600000,12683,227,37,313,579866,14.93,0.3319,0.4456,0.469,0.3554,0.0924,late_like_spike,low_watch_time,0.7535,29,True,True,False,mixed,0.1854,0.321,0.581,3.72,0.021138,0.000378,6.2e-05,0.021578,0.966443,53,Medium,suspicious,Needs Manual Review,possible_fake_boost,likes freeze while views increase; late like spike,"Manually review graph, comments, traffic source, geography, and account history.",synthetic,Synthetic suspicious example generated from review rules.
SYN-0210,YouTube Shorts,Tech Gadget,5,960,1207,15,132196,1036,15,60,20,81971,1.61,0.107,0.3381,0.7381,0.5072,0.0,flat_then_spike,broken_or_missing,0.9484,44,False,False,True,none,0.6571,0.4125,0.6515,109.5244,0.007837,0.000113,0.000454,0.008404,0.620072,91,Critical,botted,Reject,fake_views,views rise without matching engagement; high profile/search-style traffic; comment quality: none,Reject; escalate only if analytics confirms deliberate botting.,synthetic,Synthetic botted example generated from review rules.
SYN-0057,TikTok,Car Slideshows,1,67,53,25,191,24,1,3,0,114,11.73,0.469,0.5398,0.0634,0.0381,0.8321,normal_viral_smooth,strong_retention,0.2887,0,False,False,False,relevant_discussion,0.0541,0.0414,0.0082,3.6038,0.125654,0.005236,0.015707,0.146597,0.596859,5,Low,clean,Approve / monitor later,none,metrics and graph pattern move proportionally,"Approve, but monitor high-view posts after approval.",synthetic,Synthetic clean example generated from review rules.
SYN-0298,Instagram,Mobile Game Speedrun,6,10320,2753,30,128648,707,1,1,95,39026,1.55,0.0517,0.5007,0.3642,0.4259,0.1689,vertical_spike_no_engagement,broken_or_missing,3.456,61,True,False,True,none,0.5513,0.5528,0.8473,46.7301,0.005496,8e-06,8e-06,0.005511,0.303355,99,Critical,botted,Reject,fake_likes,large sudden view jump; views rise without matching engagement; high views with almost no comments; likes freeze while views increase,Reject; escalate only if analytics confirms deliberate botting.,synthetic,Synthetic botted example generated from review rules.
SYN-0190,TikTok,Fitness Clip,1,8058,4438,60,22755,190,13,8,133,14196,14.63,0.2438,0.6831,0.2937,0.375,0.2823,step_like_batches,sudden_drop,1.1023,8,False,False,False,unrelated,0.2857,0.3565,0.2093,5.1273,0.00835,0.000571,0.000352,0.009273,0.623863,56,Medium,suspicious,Needs Manual Review,needs_analytics,large sudden view jump; comment quality: unrelated,"Manually review graph, comments, traffic source, geography, and account history.",synthetic,Synthetic suspicious example generated from review rules.
SYN-0204,Instagram,Tech Gadget,13,2898,1580,10,29183,224,3,2,65,9063,2.18,0.2178,0.239,0.5864,0.198,0.1547,step_like_batches,very_low_watch_time,4.0931,38,False,True,True,emoji_spam,0.7087,0.4442,0.6959,18.4703,0.007676,0.000103,6.9e-05,0.007847,0.310558,99,Critical,botted,Reject,fake_boost,large sudden view jump; views rise without matching engagement; high views with almost no comments; late like spike,Reject; escalate only if analytics confirms deliberate botting.,synthetic,Synthetic botted example generated from review rules.
SYN-0124,YouTube Shorts,Finance Explainer,7,76269,16298,20,600000,7047,170,805,429,414657,6.37,0.3185,0.6659,0.4158,0.0736,0.4444,flat_then_spike,flat_or_odd,1.1036,4,False,False,True,emoji_spam,0.3032,0.4939,0.4288,36.8143,0.011745,0.000283,0.001342,0.01337,0.691095,52,Medium,suspicious,Needs Manual Review,needs_analytics,large sudden view jump; views rise without matching engagement; comment quality: emoji_spam,"Manually review graph, comments, traffic source, geography, and account history.",synthetic,Synthetic suspicious example generated from review rules.
SYN-0276,TikTok,Anime Edit,5,498,347,60,28103,2134,2,7,133,16931,11.37,0.1894,0.0229,0.5723,0.3798,0.0,likes_freeze,broken_or_missing,3.6726,58,True,False,True,none,0.6235,0.8495,0.9157,80.9885,0.075935,7.1e-05,0.000249,0.076255,0.602462,99,Critical,botted,Reject,autoclick_autoswipe,large sudden view jump; views rise without matching engagement; high views with almost no comments; likes freeze while views increase,Reject; escalate only if analytics confirms deliberate botting.,synthetic,Synthetic botted example generated from review rules.
SYN-0116,YouTube Shorts,Anime Edit,10,342,71,25,10000,127,1,10,10,4192,3.69,0.1476,0.3199,0.4496,0.2407,0.2714,low_engagement_smooth,low_watch_time,0.7558,26,False,False,True,unrelated,0.4041,0.4908,0.4058,140.8451,0.0127,0.0001,0.001,0.0138,0.4192,56,Medium,suspicious,Needs Manual Review,possible_fake_views,views rise without matching engagement; high views with almost no comments; comment quality: unrelated,"Manually review graph, comments, traffic source, geography, and account history.",synthetic,Synthetic suspicious example generated from review rules.
SYN-0200,TikTok,AI App Demo,13,16675,18471,15,600000,6664,183,98,2318,498394,1.57,0.1049,0.5573,0.3428,0.3176,0.3027,low_engagement_smooth,sudden_drop,0.3607,13,False,False,False,generic_repeated,0.1985,0.46,0.3281,32.4834,0.011107,0.000305,0.000163,0.011575,0.830657,45,Medium,suspicious,Needs Manual Review,needs_analytics,comment quality: generic_repeated,"Manually review graph, comments, traffic source, geography, and account history.",synthetic,Synthetic suspicious example generated from review rules.
SYN-0212,Instagram,AI App Demo,2,1902,1017,15,21261,897,2,14,8,3986,0.2,0.0131,0.4819,0.6388,0.1933,0.1382,flat_then_spike,broken_or_missing,2.6056,37,False,True,True,emoji_spam,0.945,0.5268,0.4893,20.9056,0.04219,9.4e-05,0.000658,0.042942,0.187479,99,Critical,botted,Reject,fake_likes,large sudden view jump; views rise without matching engagement; high views with almost no comments; late like spike,Reject; escalate only if analytics confirms deliberate botting.,synthetic,Synthetic botted example generated from review rules.
SYN-0136,Instagram,Car Slideshows,8,113,50,45,10000,241,1,13,51,3617,11.75,0.261,0.4108,0.3067,0.1803,0.4822,low_engagement_smooth,flat_or_odd,1.4162,13,False,False,True,mixed,0.44,0.4466,0.2572,200.0,0.0241,0.0001,0.0013,0.0255,0.3617,49,Medium,suspicious,Needs Manual Review,possible_fake_views,large sudden view jump; views rise without matching engagement; high views with almost no comments,"Manually review graph, comments, traffic source, geography, and account history.",synthetic,Synthetic suspicious example generated from review rules.
SYN-0206,YouTube Shorts,Mobile Game Speedrun,6,827,639,30,77456,46,4,16,16,37330,6.23,0.2077,0.1185,0.4544,0.1314,0.3934,likes_freeze,very_low_watch_time,2.6909,62,True,False,True,none,0.9043,0.3522,0.9377,121.2144,0.000594,5.2e-05,0.000207,0.000852,0.481951,99,Critical,botted,Reject,fake_boost,large sudden view jump; views rise without matching engagement; likes freeze while views increase; comment quality: none,Reject; escalate only if analytics confirms deliberate botting.,synthetic,Synthetic botted example generated from review rules.
SYN-0170,Instagram,Travel Hook,7,37740,39518,12,553575,3590,1,22,2824,171711,3.85,0.321,0.1607,0.4612,0.2974,0.1569,flat_then_spike,sudden_drop,1.5786,32,False,False,True,emoji_spam,0.4034,0.19,0.247,14.0082,0.006485,2e-06,4e-05,0.006527,0.310186,51,Medium,suspicious,Needs Manual Review,possible_fake_boost,large sudden view jump; views rise without matching engagement; high views with almost no comments; comment quality: emoji_spam,"Manually review graph, comments, traffic source, geography, and account history.",synthetic,Synthetic suspicious example generated from review rules.
SYN-0090,Instagram,Fitness Clip,4,894,51,60,66,5,0,0,0,41,34.55,0.5758,0.4442,0.125,0.1228,0.7454,normal_viral_smooth,gradual_drop,0.1792,1,False,False,False,mixed,0.048,0.0744,0.1026,1.2941,0.075758,0.0,0.0,0.075758,0.621212,5,Low,clean,Approve / monitor later,none,metrics and graph pattern move proportionally,"Approve, but monitor high-view posts after approval.",synthetic,Synthetic clean example generated from review rules.
SYN-0146,YouTube Shorts,Car Slideshows,2,21449,7306,20,99100,1245,10,90,81,92872,4.23,0.2115,0.5818,0.3559,0.3628,0.2104,flat_then_spike,low_watch_time,1.4465,33,False,False,True,mixed,0.2045,0.2849,0.2813,13.5642,0.012563,0.000101,0.000908,0.013572,0.937154,73,High,suspicious,Reject and ask for analytics in ticket,needs_analytics,large sudden view jump; views rise without matching engagement,Reject and write: Send analytics in ticket.,synthetic,Synthetic suspicious example generated from review rules.
SYN-0024,Instagram,Car Slideshows,6,16481,10417,20,51737,2351,263,416,230,41406,8.08,0.4042,0.4217,0.109,0.1349,0.7255,smooth_gradual,strong_retention,0.1127,0,False,False,False,short_but_relevant,0.0179,0.0443,0.1425,4.9666,0.045441,0.005083,0.008041,0.058565,0.800317,5,Low,clean,Approve / monitor later,none,metrics and graph pattern move proportionally,"Approve, but monitor high-view posts after approval.",synthetic,Synthetic clean example generated from review rules.
SYN-0188,TikTok,Fitness Clip,12,72287,66048,45,600000,14822,9,1075,3458,516058,6.09,0.1354,0.5403,0.2675,0.2705,0.4542,flat_then_spike,low_watch_time,1.4932,21,True,False,True,unrelated,0.3313,0.4777,0.2726,9.0843,0.024703,1.5e-05,0.001792,0.02651,0.860097,51,Medium,suspicious,Needs Manual Review,possible_engagement_pod,large sudden view jump; views rise without matching engagement; likes freeze while views increase; comment quality: unrelated,"Manually review graph, comments, traffic source, geography, and account history.",synthetic,Synthetic suspicious example generated from review rules.
SYN-0044,TikTok,Tech Gadget,10,918,656,30,2281,249,16,7,11,1666,15.9,0.5298,0.6049,0.1197,0.0621,0.7271,smooth_gradual,gradual_drop,0.2027,1,False,False,False,mixed,0.0865,0.014,0.1086,3.4771,0.109163,0.007014,0.003069,0.119246,0.730381,5,Low,clean,Approve / monitor later,none,metrics and graph pattern move proportionally,"Approve, but monitor high-view posts after approval.",synthetic,Synthetic clean example generated from review rules.
SYN-0155,YouTube Shorts,AI App Demo,10,85836,58459,20,600000,5336,282,250,544,219060,7.25,0.3624,0.3421,0.4228,0.3556,0.1902,flat_then_spike,sudden_drop,0.5937,32,False,False,True,mixed,0.2033,0.431,0.4445,10.2636,0.008893,0.00047,0.000417,0.00978,0.3651,45,Medium,suspicious,Needs Manual Review,needs_analytics,views rise without matching engagement,"Manually review graph, comments, traffic source, geography, and account history.",synthetic,Synthetic suspicious example generated from review rules.
SYN-0137,YouTube Shorts,Car Slideshows,6,152,50,12,10000,41,7,10,0,9280,2.06,0.1718,0.6387,0.5949,0.0405,0.3057,low_engagement_smooth,low_watch_time,1.0752,15,True,False,False,generic_repeated,0.4584,0.4992,0.3828,200.0,0.0041,0.0007,0.001,0.0058,0.928,46,Medium,suspicious,Needs Manual Review,possible_engagement_pod,large sudden view jump; likes freeze while views increase; high profile/search-style traffic; comment quality: generic_repeated,"Manually review graph, comments, traffic source, geography, and account history.",synthetic,Synthetic suspicious example generated from review rules.
SYN-0182,YouTube Shorts,Travel Hook,7,17884,20209,15,223573,615,88,332,177,79902,2.76,0.1837,0.685,0.3445,0.0862,0.4915,step_like_batches,low_watch_time,1.1978,29,True,False,False,emoji_spam,0.1956,0.1707,0.3324,11.063,0.002751,0.000394,0.001485,0.004629,0.357387,75,High,suspicious,Reject and ask for analytics in ticket,possible_engagement_pod,large sudden view jump; likes freeze while views increase; comment quality: emoji_spam,Reject and write: Send analytics in ticket.,synthetic,Synthetic suspicious example generated from review rules.
SYN-0007,YouTube Shorts,Tech Gadget,4,1302,1941,10,2833,96,5,8,0,1796,5.04,0.5036,0.5846,0.0655,0.0211,0.8395,smooth_gradual,strong_retention,0.0948,1,False,False,False,relevant_discussion,0.0783,0.0649,0.0951,1.4596,0.033886,0.001765,0.002824,0.038475,0.633957,5,Low,clean,Approve / monitor later,none,metrics and graph pattern move proportionally,"Approve, but monitor high-view posts after approval.",synthetic,Synthetic clean example generated from review rules.
SYN-0292,YouTube Shorts,Car Slideshows,7,1358,587,25,26318,118,1,10,16,9986,3.32,0.1328,0.4848,0.4846,0.4861,0.0169,step_like_batches,very_low_watch_time,1.801,17,True,True,True,unrelated,0.9335,0.8585,0.7603,44.8348,0.004484,3.8e-05,0.00038,0.004902,0.379436,99,Critical,botted,Reject,fake_likes,large sudden view jump; views rise without matching engagement; high views with almost no comments; likes freeze while views increase,Reject; escalate only if analytics confirms deliberate botting.,synthetic,Synthetic botted example generated from review rules.
SYN-0153,YouTube Shorts,Finance Explainer,4,5947,3996,20,228489,1990,117,307,116,92127,5.74,0.2869,0.2646,0.3116,0.0713,0.5348,low_engagement_smooth,sudden_drop,1.6862,20,False,False,False,unrelated,0.2288,0.2371,0.3269,57.1794,0.008709,0.000512,0.001344,0.010565,0.403201,55,Medium,suspicious,Needs Manual Review,possible_autoswipe,large sudden view jump; comment quality: unrelated,"Manually review graph, comments, traffic source, geography, and account history.",synthetic,Synthetic suspicious example generated from review rules.
SYN-0219,YouTube Shorts,Mobile Game Speedrun,7,104980,109704,30,850000,27493,133,466,730,772319,0.38,0.0127,0.2481,0.407,0.4609,0.0996,step_like_batches,very_low_watch_time,4.2996,11,False,False,False,unrelated,0.9904,0.8407,0.9495,7.7481,0.032345,0.000156,0.000548,0.033049,0.908611,95,Critical,botted,Reject,fake_likes,large sudden view jump; comment quality: unrelated,Reject; escalate only if analytics confirms deliberate botting.,synthetic,Synthetic botted example generated from review rules.
SYN-0293,Instagram,Fitness Clip,5,78533,107440,25,850000,34845,0,130,4185,182709,2.4,0.0958,0.45,0.8725,0.49,0.0,likes_freeze,very_low_watch_time,2.9245,35,True,False,True,none,0.8326,0.5161,0.7367,7.9114,0.040994,0.0,0.000153,0.041147,0.214952,99,Critical,botted,Reject,autoclick_autoswipe,large sudden view jump; views rise without matching engagement; high views with almost no comments; likes freeze while views increase,Reject; escalate only if analytics confirms deliberate botting.,synthetic,Synthetic botted example generated from review rules.
SYN-0023,TikTok,Fitness Clip,11,144,62,60,118,15,1,2,0,87,36.63,0.6104,0.4513,0.0188,0.0481,0.9245,smooth_gradual,strong_retention,0.312,0,False,False,False,relevant_discussion,0.0298,0.0474,0.1357,1.9032,0.127119,0.008475,0.016949,0.152542,0.737288,5,Low,clean,Approve / monitor later,none,metrics and graph pattern move proportionally,"Approve, but monitor high-view posts after approval.",synthetic,Synthetic clean example generated from review rules.
SYN-0175,Instagram,Fitness Clip,2,622,445,8,12980,70,9,16,8,3319,2.9,0.3629,0.2475,0.1844,0.1485,0.6597,low_engagement_smooth,low_watch_time,1.27,6,False,False,False,emoji_spam,0.3944,0.3678,0.3133,29.1685,0.005393,0.000693,0.001233,0.007319,0.255701,65,High,suspicious,Reject and ask for analytics in ticket,possible_fake_views,large sudden view jump; low reach-to-view ratio; comment quality: emoji_spam,Reject and write: Send analytics in ticket.,synthetic,Synthetic suspicious example generated from review rules.
SYN-0172,YouTube Shorts,Car Slideshows,9,118126,163192,60,600000,6098,331,498,521,423913,14.74,0.2456,0.373,0.4762,0.1976,0.2562,low_engagement_smooth,sudden_drop,0.5012,18,False,False,False,emoji_spam,0.259,0.2374,0.4743,3.6767,0.010163,0.000552,0.00083,0.011545,0.706522,66,High,suspicious,Reject and ask for analytics in ticket,possible_fake_boost,comment quality: emoji_spam,Reject and write: Send analytics in ticket.,synthetic,Synthetic suspicious example generated from review rules.
SYN-0140,Instagram,Tech Gadget,12,97772,45374,30,600000,14669,14,834,3477,277237,2.46,0.0819,0.457,0.3647,0.2101,0.3255,low_engagement_smooth,low_watch_time,0.9355,36,False,False,False,emoji_spam,0.4246,0.2704,0.4085,13.2234,0.024448,2.3e-05,0.00139,0.025862,0.462062,57,Medium,suspicious,Needs Manual Review,possible_fake_boost,comment quality: emoji_spam,"Manually review graph, comments, traffic source, geography, and account history.",synthetic,Synthetic suspicious example generated from review rules.
SYN-0053,YouTube Shorts,Travel Hook,12,31558,24320,60,392475,12984,400,56,362,365359,27.3,0.4551,0.4236,0.1357,0.0679,0.7436,smooth_gradual,strong_retention,0.1952,0,False,False,False,relevant_discussion,0.0837,0.0191,0.0092,16.138,0.033082,0.001019,0.000143,0.034244,0.93091,5,Low,clean,Approve / monitor later,none,metrics and graph pattern move proportionally,"Approve, but monitor high-view posts after approval.",synthetic,Synthetic clean example generated from review rules.
SYN-0265,TikTok,Car Slideshows,4,319100,158254,60,850000,5601,119,399,2279,470893,1.88,0.0313,0.5235,0.6415,0.4403,0.0,step_like_batches,very_low_watch_time,3.7621,15,False,False,False,emoji_spam,0.5442,0.6774,0.6769,5.3711,0.006589,0.00014,0.000469,0.007199,0.553992,93,Critical,botted,Reject,fake_boost,large sudden view jump; high profile/search-style traffic; comment quality: emoji_spam,Reject; escalate only if analytics confirms deliberate botting.,synthetic,Synthetic botted example generated from review rules.
SYN-0066,YouTube Shorts,Fitness Clip,12,74,100,10,430,5,0,1,0,362,6.11,0.611,0.7934,0.1343,0.1397,0.6646,smooth_gradual,gradual_drop,0.3622,4,False,False,False,short_but_relevant,0.0304,0.0685,0.0215,4.3,0.011628,0.0,0.002326,0.013953,0.84186,5,Low,clean,Approve / monitor later,none,metrics and graph pattern move proportionally,"Approve, but monitor high-view posts after approval.",synthetic,Synthetic clean example generated from review rules.
SYN-0011,YouTube Shorts,Travel Hook,8,2945,3686,10,10894,185,28,8,8,7213,4.16,0.4163,0.7955,0.0295,0.1455,0.7856,normal_viral_smooth,gradual_drop,0.3121,1,False,False,False,mixed,0.0224,0.0515,0.0914,2.9555,0.016982,0.00257,0.000734,0.020286,0.662108,5,Low,clean,Approve / monitor later,none,metrics and graph pattern move proportionally,"Approve, but monitor high-view posts after approval.",synthetic,Synthetic clean example generated from review rules.
SYN-0282,Instagram,Mobile Game Speedrun,4,364,378,25,44942,173,2,17,203,3510,0.46,0.0183,0.3426,0.3806,0.3398,0.1905,step_like_batches,flat_retention,1.0591,46,False,False,True,generic_repeated,0.959,0.8905,0.578,118.8942,0.003849,4.5e-05,0.000378,0.004272,0.078101,99,Critical,botted,Reject,view_injection,large sudden view jump; views rise without matching engagement; high views with almost no comments; low reach-to-view ratio,Reject; escalate only if analytics confirms deliberate botting.,synthetic,Synthetic botted example generated from review rules.
SYN-0099,Instagram,Car Slideshows,13,349,50,20,117,11,0,1,1,67,14.44,0.7222,0.8356,0.2034,0.112,0.5889,smooth_gradual,strong_retention,0.2799,4,False,False,False,short_but_relevant,0.0848,0.0488,0.1114,2.34,0.094017,0.0,0.008547,0.102564,0.57265,5,Low,clean,Approve / monitor later,none,metrics and graph pattern move proportionally,"Approve, but monitor high-view posts after approval.",synthetic,Synthetic clean example generated from review rules.
SYN-0248,TikTok,Tech Gadget,4,1036,1319,25,57492,361,0,13,99,54284,0.77,0.031,0.0914,0.7737,0.4137,0.0,step_like_batches,flat_retention,3.4837,10,False,False,True,none,0.5761,0.7375,0.8073,43.5876,0.006279,0.0,0.000226,0.006505,0.944201,99,Critical,botted,Reject,fake_boost,large sudden view jump; views rise without matching engagement; high views with almost no comments; high profile/search-style traffic,Reject; escalate only if analytics confirms deliberate botting.,synthetic,Synthetic botted example generated from review rules.
SYN-0008,Instagram,AI App Demo,10,4643,3979,45,9860,806,10,63,54,7998,32.62,0.7248,0.6173,0.1284,0.1145,0.7504,smooth_gradual,strong_retention,0.156,3,False,False,False,mixed,0.049,0.0091,0.0441,2.478,0.081744,0.001014,0.006389,0.089148,0.811156,5,Low,clean,Approve / monitor later,none,metrics and graph pattern move proportionally,"Approve, but monitor high-view posts after approval.",synthetic,Synthetic clean example generated from review rules.
SYN-0165,Instagram,Travel Hook,6,399,74,45,10000,216,2,17,19,3706,16.17,0.3593,0.5535,0.4155,0.1406,0.4222,step_like_batches,sudden_drop,1.1371,10,False,False,True,mixed,0.1782,0.2448,0.3964,135.1351,0.0216,0.0002,0.0017,0.0235,0.3706,59,Medium,suspicious,Needs Manual Review,possible_fake_boost,large sudden view jump; views rise without matching engagement; high views with almost no comments,"Manually review graph, comments, traffic source, geography, and account history.",synthetic,Synthetic suspicious example generated from review rules.
SYN-0173,Instagram,Tech Gadget,12,43117,22987,8,600000,11470,5,643,1482,283975,0.94,0.1169,0.642,0.3074,0.1677,0.4365,flat_then_spike,low_watch_time,0.8707,29,False,False,True,generic_repeated,0.409,0.3304,0.3041,26.1017,0.019117,8e-06,0.001072,0.020197,0.473292,51,Medium,suspicious,Needs Manual Review,possible_fake_views,views rise without matching engagement; comment quality: generic_repeated,"Manually review graph, comments, traffic source, geography, and account history.",synthetic,Synthetic suspicious example generated from review rules.
SYN-0043,TikTok,Tech Gadget,8,1625,797,45,2846,225,25,3,7,2226,15.59,0.3464,0.5186,0.2171,0.0314,0.6672,normal_viral_smooth,strong_retention,0.1841,0,False,False,False,mixed,0.0868,0.0177,0.1481,3.5709,0.079058,0.008784,0.001054,0.088897,0.78215,5,Low,clean,Approve / monitor later,none,metrics and graph pattern move proportionally,"Approve, but monitor high-view posts after approval.",synthetic,Synthetic clean example generated from review rules.
SYN-0046,TikTok,Finance Explainer,7,53975,40511,12,79920,10621,799,903,169,50629,8.11,0.6755,0.8418,0.0853,0.1283,0.7559,smooth_gradual,gradual_drop,0.3329,4,False,False,False,mixed,0.0484,0.008,0.0585,1.9728,0.132895,0.009997,0.011299,0.154192,0.633496,5,Low,clean,Approve / monitor later,none,metrics and graph pattern move proportionally,"Approve, but monitor high-view posts after approval.",synthetic,Synthetic clean example generated from review rules.
SYN-0095,YouTube Shorts,AI App Demo,4,193273,20177,10,150357,4262,369,26,98,77518,7.83,0.7826,0.6296,0.198,0.1361,0.5939,normal_viral_smooth,gradual_drop,0.1504,0,False,False,False,mixed,0.0569,0.0435,0.0036,7.4519,0.028346,0.002454,0.000173,0.030973,0.51556,5,Low,clean,Approve / monitor later,none,metrics and graph pattern move proportionally,"Approve, but monitor high-view posts after approval.",synthetic,Synthetic clean example generated from review rules.
SYN-0251,TikTok,Car Slideshows,1,133,149,12,18407,1138,2,12,86,14728,0.66,0.0549,0.0223,0.8232,0.3113,0.0,vertical_spike_no_engagement,very_low_watch_time,3.8428,14,False,False,True,generic_repeated,0.863,0.8938,0.6405,123.5369,0.061824,0.000109,0.000652,0.062585,0.80013,99,Critical,botted,Reject,autoclick_autoswipe,large sudden view jump; views rise without matching engagement; high views with almost no comments; high profile/search-style traffic,Reject; escalate only if analytics confirms deliberate botting.,synthetic,Synthetic botted example generated from review rules.
SYN-0289,YouTube Shorts,Mobile Game Speedrun,6,20951,12361,15,429417,279,13,150,7,253210,0.59,0.0395,0.4009,0.7545,0.5855,0.0,likes_freeze,flat_retention,3.0805,10,True,False,False,emoji_spam,0.7625,0.72,0.5936,34.7397,0.00065,3e-05,0.000349,0.001029,0.58966,99,Critical,botted,Reject,autoclick_autoswipe,large sudden view jump; likes freeze while views increase; high profile/search-style traffic; comment quality: emoji_spam,Reject; escalate only if analytics confirms deliberate botting.,synthetic,Synthetic botted example generated from review rules.
SYN-0106,TikTok,AI App Demo,13,33945,14982,60,600000,4942,13,653,1302,236757,18.49,0.3081,0.5045,0.3883,0.3228,0.2328,flat_then_spike,sudden_drop,1.0936,11,False,False,True,generic_repeated,0.4281,0.2885,0.2034,40.0481,0.008237,2.2e-05,0.001088,0.009347,0.394595,52,Medium,suspicious,Needs Manual Review,needs_analytics,large sudden view jump; views rise without matching engagement; comment quality: generic_repeated,"Manually review graph, comments, traffic source, geography, and account history.",synthetic,Synthetic suspicious example generated from review rules.
SYN-0102,YouTube Shorts,Anime Edit,2,2908,3627,10,16723,389,30,25,15,13042,7.99,0.7986,0.4359,0.0234,0.1321,0.7553,smooth_gradual,gradual_drop,0.1745,4,False,False,False,relevant_discussion,0.0526,0.063,0.1128,4.6107,0.023261,0.001794,0.001495,0.02655,0.779884,5,Low,clean,Approve / monitor later,none,metrics and graph pattern move proportionally,"Approve, but monitor high-view posts after approval.",synthetic,Synthetic clean example generated from review rules.
SYN-0078,TikTok,Fitness Clip,12,258,50,8,599,71,6,1,4,511,5.82,0.7281,0.8295,0.0963,0.1023,0.7252,normal_viral_smooth,gradual_drop,0.2489,0,False,False,False,mixed,0.007,0.0142,0.1335,11.98,0.118531,0.010017,0.001669,0.130217,0.853088,5,Low,clean,Approve / monitor later,none,metrics and graph pattern move proportionally,"Approve, but monitor high-view posts after approval.",synthetic,Synthetic clean example generated from review rules.
SYN-0130,TikTok,Car Slideshows,4,469,50,30,10000,177,6,12,3,8500,7.83,0.261,0.4854,0.2812,0.0414,0.638,step_like_batches,low_watch_time,1.1741,19,False,False,False,emoji_spam,0.2558,0.3403,0.3418,200.0,0.0177,0.0006,0.0012,0.0195,0.85,75,High,suspicious,Reject and ask for analytics in ticket,possible_fake_boost,large sudden view jump; comment quality: emoji_spam,Reject and write: Send analytics in ticket.,synthetic,Synthetic suspicious example generated from review rules.
SYN-0261,Instagram,Fitness Clip,8,115,80,60,10000,338,2,3,42,3002,13.17,0.2194,0.3047,0.7171,0.2914,0.0,likes_freeze,broken_or_missing,4.4834,67,True,False,True,unrelated,0.8228,0.6405,0.617,125.0,0.0338,0.0002,0.0003,0.0343,0.3002,99,Critical,botted,Reject,autoclick_autoswipe,large sudden view jump; views rise without matching engagement; high views with almost no comments; likes freeze while views increase,Reject; escalate only if analytics confirms deliberate botting.,synthetic,Synthetic botted example generated from review rules.
SYN-0113,Instagram,Tech Gadget,13,32911,31067,25,600000,9644,417,1006,160,243276,2.77,0.1107,0.2108,0.521,0.0717,0.3684,low_engagement_smooth,low_watch_time,1.3418,28,True,False,False,emoji_spam,0.5385,0.2585,0.3105,19.3131,0.016073,0.000695,0.001677,0.018445,0.40546,50,Medium,suspicious,Needs Manual Review,needs_analytics,large sudden view jump; likes freeze while views increase; high profile/search-style traffic; comment quality: emoji_spam,"Manually review graph, comments, traffic source, geography, and account history.",synthetic,Synthetic suspicious example generated from review rules.
SYN-0193,Instagram,Mobile Game Speedrun,6,19779,8728,60,191189,1368,133,53,1140,101715,13.62,0.227,0.5895,0.1788,0.2015,0.6163,late_like_spike,flat_or_odd,1.4172,32,False,True,False,unrelated,0.5415,0.4873,0.5444,21.9052,0.007155,0.000696,0.000277,0.008128,0.532013,53,Medium,suspicious,Needs Manual Review,possible_autoswipe,large sudden view jump; late like spike; comment quality: unrelated,"Manually review graph, comments, traffic source, geography, and account history.",synthetic,Synthetic suspicious example generated from review rules.
SYN-0071,YouTube Shorts,Tech Gadget,7,352,482,45,2269,27,4,10,2,1191,25.4,0.5644,0.8191,0.1172,0.0356,0.7725,smooth_gradual,gradual_drop,0.2012,1,False,False,False,relevant_discussion,0.0281,0.0044,0.1108,4.7075,0.0119,0.001763,0.004407,0.01807,0.524901,5,Low,clean,Approve / monitor later,none,metrics and graph pattern move proportionally,"Approve, but monitor high-view posts after approval.",synthetic,Synthetic clean example generated from review rules.
SYN-0143,TikTok,Travel Hook,8,18751,23656,15,600000,3024,10,98,1880,377559,4.65,0.3101,0.4014,0.2569,0.0645,0.5906,flat_then_spike,low_watch_time,0.4115,29,False,False,True,mixed,0.5432,0.1053,0.3052,25.3635,0.00504,1.7e-05,0.000163,0.00522,0.629265,54,Medium,suspicious,Needs Manual Review,possible_fake_boost,views rise without matching engagement,"Manually review graph, comments, traffic source, geography, and account history.",synthetic,Synthetic suspicious example generated from review rules.
SYN-0235,TikTok,Travel Hook,8,3154,2089,15,44648,180,1,16,191,41208,2.29,0.1525,0.2192,0.4522,0.1717,0.2895,step_like_batches,flat_retention,2.0506,65,False,False,True,generic_repeated,0.808,0.7182,0.9379,21.3729,0.004032,2.2e-05,0.000358,0.004412,0.922953,99,Critical,botted,Reject,autoclick_autoswipe,large sudden view jump; views rise without matching engagement; high views with almost no comments; comment quality: generic_repeated,Reject; escalate only if analytics confirms deliberate botting.,synthetic,Synthetic botted example generated from review rules.
SYN-0245,Instagram,Travel Hook,2,80,50,8,10000,38,1,2,60,3192,1.33,0.1657,0.1576,0.6247,0.5537,0.0,step_like_batches,broken_or_missing,3.9763,44,True,False,True,none,0.8928,0.3608,0.8462,200.0,0.0038,0.0001,0.0002,0.0041,0.3192,99,Critical,botted,Reject,fake_views,large sudden view jump; views rise without matching engagement; high views with almost no comments; likes freeze while views increase,Reject; escalate only if analytics confirms deliberate botting.,synthetic,Synthetic botted example generated from review rules.
SYN-0089,YouTube Shorts,Tech Gadget,5,171411,214500,12,527911,9535,701,2425,224,340883,6.6,0.5504,0.7166,0.1206,0.081,0.7575,normal_viral_smooth,gradual_drop,0.0708,1,False,False,False,relevant_discussion,0.0761,0.0157,0.0808,2.4611,0.018062,0.001328,0.004594,0.023983,0.645721,5,Low,clean,Approve / monitor later,none,metrics and graph pattern move proportionally,"Approve, but monitor high-view posts after approval.",synthetic,Synthetic clean example generated from review rules.
SYN-0270,YouTube Shorts,Car Slideshows,10,182,50,15,10000,520,1,6,5,6696,0.86,0.0571,0.4409,0.7053,0.1141,0.1509,flat_then_spike,flat_retention,2.3589,35,False,True,True,emoji_spam,0.5302,0.9233,0.5651,200.0,0.052,0.0001,0.0006,0.0527,0.6696,99,Critical,botted,Reject,fake_views,large sudden view jump; views rise without matching engagement; high views with almost no comments; late like spike,Reject; escalate only if analytics confirms deliberate botting.,synthetic,Synthetic botted example generated from review rules.
SYN-0234,TikTok,Fitness Clip,13,99,105,30,13879,70,1,2,60,9542,5.26,0.1753,0.1939,0.7503,0.3098,0.0,likes_freeze,broken_or_missing,3.0438,8,True,False,True,none,0.6857,0.3662,0.8432,132.181,0.005044,7.2e-05,0.000144,0.00526,0.687514,99,Critical,botted,Reject,fake_likes,large sudden view jump; views rise without matching engagement; high views with almost no comments; likes freeze while views increase,Reject; escalate only if analytics confirms deliberate botting.,synthetic,Synthetic botted example generated from review rules.
SYN-0299,TikTok,AI App Demo,5,4598,6029,25,216462,1641,12,50,1275,157565,0.84,0.0334,0.3375,0.8838,0.2992,0.0,vertical_spike_no_engagement,broken_or_missing,2.5699,15,False,False,True,emoji_spam,0.651,0.5914,0.8109,35.9035,0.007581,5.5e-05,0.000231,0.007867,0.727911,99,Critical,botted,Reject,fake_likes,large sudden view jump; views rise without matching engagement; high profile/search-style traffic; comment quality: emoji_spam,Reject; escalate only if analytics confirms deliberate botting.,synthetic,Synthetic botted example generated from review rules.
SYN-0096,Instagram,Anime Edit,8,646,285,20,733,40,4,6,3,476,12.42,0.6211,0.45,0.1739,0.0588,0.6684,smooth_gradual,gradual_drop,0.3428,1,False,False,False,relevant_discussion,0.0951,0.0786,0.0063,2.5719,0.05457,0.005457,0.008186,0.068213,0.649386,5,Low,clean,Approve / monitor later,none,metrics and graph pattern move proportionally,"Approve, but monitor high-view posts after approval.",synthetic,Synthetic clean example generated from review rules.
SYN-0191,YouTube Shorts,AI App Demo,9,7840,9068,30,583449,4949,118,666,369,242976,10.17,0.3389,0.6284,0.4863,0.2819,0.2236,step_like_batches,sudden_drop,0.7721,6,False,False,False,emoji_spam,0.5814,0.4618,0.4861,64.3415,0.008482,0.000202,0.001141,0.009826,0.416448,63,High,suspicious,Reject and ask for analytics in ticket,possible_autoswipe,comment quality: emoji_spam,Reject and write: Send analytics in ticket.,synthetic,Synthetic suspicious example generated from review rules.
SYN-0085,YouTube Shorts,Travel Hook,5,22594,25701,60,48562,1824,27,242,33,35586,18.85,0.3142,0.5134,0.1643,0.1107,0.6465,smooth_gradual,gradual_drop,0.2436,2,False,False,False,mixed,0.0311,0.0451,0.1652,1.8895,0.03756,0.000556,0.004983,0.0431,0.732795,5,Low,clean,Approve / monitor later,none,metrics and graph pattern move proportionally,"Approve, but monitor high-view posts after approval.",synthetic,Synthetic clean example generated from review rules.
SYN-0229,TikTok,Anime Edit,3,1086,1444,12,88928,6122,9,8,124,86618,2.45,0.2042,0.0467,0.8451,0.1534,0.0,step_like_batches,flat_retention,2.7515,51,False,False,False,none,0.9384,0.8101,0.8014,61.5845,0.068842,0.000101,9e-05,0.069033,0.974024,97,Critical,botted,Reject,fake_boost,large sudden view jump; high profile/search-style traffic; comment quality: none,Reject; escalate only if analytics confirms deliberate botting.,synthetic,Synthetic botted example generated from review rules.
SYN-0144,YouTube Shorts,Anime Edit,8,7541,1006,60,10000,115,5,2,4,5778,20.72,0.3454,0.3822,0.2748,0.0705,0.6189,step_like_batches,sudden_drop,1.4354,22,False,False,True,emoji_spam,0.5679,0.1456,0.3758,9.9404,0.0115,0.0005,0.0002,0.0122,0.5778,55,Medium,suspicious,Needs Manual Review,possible_fake_views,large sudden view jump; views rise without matching engagement; comment quality: emoji_spam,"Manually review graph, comments, traffic source, geography, and account history.",synthetic,Synthetic suspicious example generated from review rules.
SYN-0216,TikTok,Mobile Game Speedrun,4,4790,4956,30,594667,669,82,65,923,402919,3.3,0.1099,0.1669,0.5255,0.4429,0.0308,step_like_batches,broken_or_missing,3.3168,65,False,False,False,generic_repeated,0.8255,0.5605,0.83,119.9893,0.001125,0.000138,0.000109,0.001372,0.677554,99,Critical,botted,Reject,autoclick_autoswipe,large sudden view jump; high profile/search-style traffic; comment quality: generic_repeated,Reject; escalate only if analytics confirms deliberate botting.,synthetic,Synthetic botted example generated from review rules.
SYN-0117,TikTok,Tech Gadget,3,7914,4975,60,122495,2658,5,29,146,97274,6.91,0.1151,0.3988,0.5318,0.2459,0.1349,late_like_spike,flat_or_odd,0.3945,28,False,True,True,unrelated,0.5911,0.2105,0.3187,24.6221,0.021699,4.1e-05,0.000237,0.021976,0.794106,62,High,suspicious,Reject and ask for analytics in ticket,possible_engagement_pod,views rise without matching engagement; late like spike; high profile/search-style traffic; comment quality: unrelated,Reject and write: Send analytics in ticket.,synthetic,Synthetic suspicious example generated from review rules.
SYN-0256,Instagram,Car Slideshows,14,96345,32238,45,850000,4701,40,401,4554,290847,9.78,0.2174,0.2416,0.5046,0.4423,0.0,likes_freeze,very_low_watch_time,1.6266,63,True,False,False,unrelated,0.8138,0.8502,0.8055,26.3664,0.005531,4.7e-05,0.000472,0.006049,0.342173,99,Critical,botted,Reject,view_injection,large sudden view jump; likes freeze while views increase; high profile/search-style traffic; comment quality: unrelated,Reject; escalate only if analytics confirms deliberate botting.,synthetic,Synthetic botted example generated from review rules.
SYN-0203,Instagram,Fitness Clip,4,82254,110238,15,850000,1405,7,327,783,43598,2.12,0.141,0.3101,0.6516,0.1215,0.1412,step_like_batches,very_low_watch_time,1.1947,47,False,False,False,emoji_spam,0.4709,0.5806,0.716,7.7106,0.001653,8e-06,0.000385,0.002046,0.051292,99,Critical,botted,Reject,fake_views,large sudden view jump; low reach-to-view ratio; high profile/search-style traffic; comment quality: emoji_spam,Reject; escalate only if analytics confirms deliberate botting.,synthetic,Synthetic botted example generated from review rules.
SYN-0063,TikTok,Travel Hook,7,130,50,12,463,42,6,7,1,329,9.56,0.7965,0.441,0.1182,0.0764,0.7109,normal_viral_smooth,strong_retention,0.1388,0,False,False,False,relevant_discussion,0.0115,0.044,0.0546,9.26,0.090713,0.012959,0.015119,0.11879,0.710583,5,Low,clean,Approve / monitor later,none,metrics and graph pattern move proportionally,"Approve, but monitor high-view posts after approval.",synthetic,Synthetic clean example generated from review rules.
SYN-0232,Instagram,Mobile Game Speedrun,11,61627,34851,25,850000,1377,114,187,2301,101669,4.29,0.1717,0.3405,0.4194,0.1925,0.3828,step_like_batches,broken_or_missing,2.9945,54,False,False,False,none,0.6279,0.888,0.853,24.3895,0.00162,0.000134,0.00022,0.001974,0.119611,99,Critical,botted,Reject,fake_likes,large sudden view jump; low reach-to-view ratio; comment quality: none,Reject; escalate only if analytics confirms deliberate botting.,synthetic,Synthetic botted example generated from review rules.
SYN-0257,TikTok,AI App Demo,4,116133,161504,15,850000,5227,3,289,4237,560114,1.26,0.0841,0.5162,0.7794,0.2761,0.0,likes_freeze,flat_retention,0.996,44,True,True,True,emoji_spam,0.4549,0.6839,0.5932,5.263,0.006149,4e-06,0.00034,0.006493,0.658958,99,Critical,botted,Reject,autoclick_autoswipe,views rise without matching engagement; high views with almost no comments; likes freeze while views increase; late like spike,Reject; escalate only if analytics confirms deliberate botting.,synthetic,Synthetic botted example generated from review rules.
SYN-0187,Instagram,Car Slideshows,4,4441,5400,25,83630,873,42,8,69,15697,8.01,0.3206,0.4359,0.331,0.2666,0.3964,flat_then_spike,sudden_drop,1.5874,28,False,False,True,emoji_spam,0.1628,0.2914,0.4098,15.487,0.010439,0.000502,9.6e-05,0.011037,0.187696,51,Medium,suspicious,Needs Manual Review,possible_engagement_pod,large sudden view jump; views rise without matching engagement; low reach-to-view ratio; comment quality: emoji_spam,"Manually review graph, comments, traffic source, geography, and account history.",synthetic,Synthetic suspicious example generated from review rules.
SYN-0269,YouTube Shorts,Finance Explainer,12,185,50,10,10000,8,1,3,1,7213,1.99,0.1987,0.0318,0.608,0.3816,0.0,step_like_batches,broken_or_missing,4.1207,41,False,False,True,generic_repeated,0.6271,0.9456,0.8649,200.0,0.0008,0.0001,0.0003,0.0012,0.7213,99,Critical,botted,Reject,fake_likes,large sudden view jump; views rise without matching engagement; high views with almost no comments; high profile/search-style traffic,Reject; escalate only if analytics confirms deliberate botting.,synthetic,Synthetic botted example generated from review rules.
SYN-0050,TikTok,Anime Edit,2,673,141,25,190,20,1,2,0,175,12.79,0.5116,0.6843,0.0575,0.0452,0.8855,smooth_gradual,strong_retention,0.11,4,False,False,False,mixed,0.007,0.0413,0.1661,1.3475,0.105263,0.005263,0.010526,0.121053,0.921053,5,Low,clean,Approve / monitor later,none,metrics and graph pattern move proportionally,"Approve, but monitor high-view posts after approval.",synthetic,Synthetic clean example generated from review rules.
SYN-0273,TikTok,Mobile Game Speedrun,8,4704,6988,45,134531,532,8,18,807,90488,7.98,0.1774,0.4517,0.5419,0.4936,0.0,vertical_spike_no_engagement,broken_or_missing,2.4164,65,False,False,True,generic_repeated,0.9084,0.7568,0.5987,19.2517,0.003954,5.9e-05,0.000134,0.004148,0.672618,99,Critical,botted,Reject,fake_likes,large sudden view jump; views rise without matching engagement; high profile/search-style traffic; comment quality: generic_repeated,Reject; escalate only if analytics confirms deliberate botting.,synthetic,Synthetic botted example generated from review rules.
SYN-0022,Instagram,Car Slideshows,14,184644,202275,12,527115,39827,658,424,1770,403868,9.69,0.8076,0.8978,0.1691,0.0358,0.728,normal_viral_smooth,gradual_drop,0.1906,3,False,False,False,mixed,0.0964,0.0682,0.0916,2.6059,0.075557,0.001248,0.000804,0.077609,0.766186,5,Low,clean,Approve / monitor later,none,metrics and graph pattern move proportionally,"Approve, but monitor high-view posts after approval.",synthetic,Synthetic clean example generated from review rules.
SYN-0178,Instagram,Anime Edit,3,83997,103119,60,600000,5106,413,970,3471,321984,14.42,0.2403,0.6117,0.4726,0.0453,0.4339,low_engagement_smooth,flat_or_odd,0.831,22,False,False,False,mixed,0.2263,0.1006,0.3004,5.8185,0.00851,0.000688,0.001617,0.010815,0.53664,65,High,suspicious,Reject and ask for analytics in ticket,needs_analytics,mixed signals require analytics,Reject and write: Send analytics in ticket.,synthetic,Synthetic suspicious example generated from review rules.
SYN-0171,YouTube Shorts,AI App Demo,9,983,661,10,24034,87,8,24,18,22047,3.6,0.3597,0.5021,0.2167,0.245,0.4914,step_like_batches,sudden_drop,0.5696,13,False,False,False,emoji_spam,0.1513,0.1374,0.2931,36.3601,0.00362,0.000333,0.000999,0.004951,0.917325,64,High,suspicious,Reject and ask for analytics in ticket,possible_autoswipe,comment quality: emoji_spam,Reject and write: Send analytics in ticket.,synthetic,Synthetic suspicious example generated from review rules.
SYN-0073,TikTok,Tech Gadget,5,875,906,10,1754,225,5,25,3,1189,5.55,0.5546,0.8389,0.063,0.0161,0.9134,normal_viral_smooth,strong_retention,0.2428,3,False,False,False,short_but_relevant,0.0204,0.0623,0.0353,1.936,0.128278,0.002851,0.014253,0.145382,0.677879,5,Low,clean,Approve / monitor later,none,metrics and graph pattern move proportionally,"Approve, but monitor high-view posts after approval.",synthetic,Synthetic clean example generated from review rules.
