submission_id,hour_since_post,views_cumulative,likes_cumulative,comments_cumulative,shares_cumulative,graph_pattern,label
OBS-0001,0,0,0,0,0,vertical_spike_no_engagement,botted
OBS-0001,2,1345,36,0,26,vertical_spike_no_engagement,botted
OBS-0001,4,1345,59,0,42,vertical_spike_no_engagement,botted
OBS-0001,6,2146,68,0,49,vertical_spike_no_engagement,botted
OBS-0001,8,2146,68,0,49,vertical_spike_no_engagement,botted
OBS-0001,10,2146,68,0,49,vertical_spike_no_engagement,botted
OBS-0001,12,2146,68,0,49,vertical_spike_no_engagement,botted
OBS-0001,14,2146,68,0,49,vertical_spike_no_engagement,botted
OBS-0001,16,2584,68,0,49,vertical_spike_no_engagement,botted
OBS-0001,18,71937,68,0,49,vertical_spike_no_engagement,botted
OBS-0001,20,89604,68,0,49,vertical_spike_no_engagement,botted
OBS-0001,22,94736,68,0,49,vertical_spike_no_engagement,botted
OBS-0001,24,102146,105,0,75,vertical_spike_no_engagement,botted
OBS-0002,0,0,0,0,0,flat_then_spike,botted
OBS-0002,2,5241,369,1,0,flat_then_spike,botted
OBS-0002,4,5241,695,3,0,flat_then_spike,botted
OBS-0002,6,6740,983,4,0,flat_then_spike,botted
OBS-0002,8,11003,1236,5,1,flat_then_spike,botted
OBS-0002,10,15568,1460,5,1,flat_then_spike,botted
OBS-0002,12,17628,1658,6,1,flat_then_spike,botted
OBS-0002,14,17628,1832,7,1,flat_then_spike,botted
OBS-0002,16,129303,1986,7,1,flat_then_spike,botted
OBS-0002,18,220472,2122,8,1,flat_then_spike,botted
OBS-0002,20,247707,2242,8,1,flat_then_spike,botted
OBS-0002,22,281331,2348,9,1,flat_then_spike,botted
OBS-0002,24,304209,2441,9,1,flat_then_spike,botted
OBS-0003,0,0,0,0,0,step_like_batches,suspicious
OBS-0003,2,263,42,1,0,step_like_batches,suspicious
OBS-0003,4,670,80,2,0,step_like_batches,suspicious
OBS-0003,6,1000,113,3,0,step_like_batches,suspicious
OBS-0003,8,1781,142,4,0,step_like_batches,suspicious
OBS-0003,10,1781,168,5,0,step_like_batches,suspicious
OBS-0003,12,3826,190,5,0,step_like_batches,suspicious
OBS-0003,14,3826,210,6,0,step_like_batches,suspicious
OBS-0003,16,6941,228,7,0,step_like_batches,suspicious
OBS-0003,18,7064,243,7,0,step_like_batches,suspicious
OBS-0003,20,10804,257,7,0,step_like_batches,suspicious
OBS-0003,22,11313,269,8,0,step_like_batches,suspicious
OBS-0003,24,15637,280,8,0,step_like_batches,suspicious
OBS-0004,0,0,0,0,0,normal_viral_smooth,clean
OBS-0004,2,35945,4929,30,171,normal_viral_smooth,clean
OBS-0004,4,62457,8565,52,297,normal_viral_smooth,clean
OBS-0004,6,154840,21234,130,736,normal_viral_smooth,clean
OBS-0004,8,305688,41920,256,1453,normal_viral_smooth,clean
OBS-0004,10,482494,66166,405,2293,normal_viral_smooth,clean
OBS-0004,12,734224,100687,616,3490,normal_viral_smooth,clean
OBS-0004,14,957504,131307,803,4551,normal_viral_smooth,clean
OBS-0004,16,1125049,154283,943,5347,normal_viral_smooth,clean
OBS-0004,18,1245317,170776,1044,5919,normal_viral_smooth,clean
OBS-0004,20,1282360,175856,1075,6095,normal_viral_smooth,clean
OBS-0004,22,1348173,184881,1130,6407,normal_viral_smooth,clean
OBS-0004,24,1348911,184982,1131,6411,normal_viral_smooth,clean
SYN-0045,0,0,0,0,0,smooth_gradual,clean
SYN-0045,2,71824,7861,325,237,smooth_gradual,clean
SYN-0045,4,131362,14377,594,434,smooth_gradual,clean
SYN-0045,6,175639,19223,795,580,smooth_gradual,clean
SYN-0045,8,213878,23407,968,707,smooth_gradual,clean
SYN-0045,10,239365,26197,1083,791,smooth_gradual,clean
SYN-0045,12,257258,28155,1164,850,smooth_gradual,clean
SYN-0045,14,268310,29365,1214,886,smooth_gradual,clean
SYN-0045,16,284732,31162,1289,941,smooth_gradual,clean
SYN-0045,18,296577,32458,1342,980,smooth_gradual,clean
SYN-0045,20,300150,32849,1358,992,smooth_gradual,clean
SYN-0045,22,302055,33058,1367,998,smooth_gradual,clean
SYN-0045,24,309366,33858,1400,1022,smooth_gradual,clean
SYN-0134,0,0,0,0,0,late_like_spike,suspicious
SYN-0134,2,7925,67,1,3,late_like_spike,suspicious
SYN-0134,4,14529,72,1,3,late_like_spike,suspicious
SYN-0134,6,20726,77,1,3,late_like_spike,suspicious
SYN-0134,8,24611,82,1,4,late_like_spike,suspicious
SYN-0134,10,29345,87,1,4,late_like_spike,suspicious
SYN-0134,12,31673,92,1,4,late_like_spike,suspicious
SYN-0134,14,34939,98,1,4,late_like_spike,suspicious
SYN-0134,16,37268,103,1,5,late_like_spike,suspicious
SYN-0134,18,39604,154,2,7,late_like_spike,suspicious
SYN-0134,20,40870,308,3,14,late_like_spike,suspicious
SYN-0134,22,41870,462,4,20,late_like_spike,suspicious
SYN-0134,24,42995,616,6,27,late_like_spike,suspicious
SYN-0185,0,0,0,0,0,step_like_batches,suspicious
SYN-0185,2,7410,75,0,0,step_like_batches,suspicious
SYN-0185,4,9191,93,0,0,step_like_batches,suspicious
SYN-0185,6,16401,167,1,1,step_like_batches,suspicious
SYN-0185,8,23664,240,1,1,step_like_batches,suspicious
SYN-0185,10,26668,271,1,1,step_like_batches,suspicious
SYN-0185,12,59837,607,3,3,step_like_batches,suspicious
SYN-0185,14,63087,640,3,3,step_like_batches,suspicious
SYN-0185,16,112993,1147,5,5,step_like_batches,suspicious
SYN-0185,18,117363,1192,5,6,step_like_batches,suspicious
SYN-0185,20,180280,1830,8,9,step_like_batches,suspicious
SYN-0185,22,180280,1830,8,9,step_like_batches,suspicious
SYN-0185,24,252356,2562,11,12,step_like_batches,suspicious
SYN-0239,0,0,0,0,0,vertical_spike_no_engagement,botted
SYN-0239,2,61,1,0,1,vertical_spike_no_engagement,botted
SYN-0239,4,311,1,1,2,vertical_spike_no_engagement,botted
SYN-0239,6,311,2,1,2,vertical_spike_no_engagement,botted
SYN-0239,8,311,3,2,3,vertical_spike_no_engagement,botted
SYN-0239,10,311,3,2,4,vertical_spike_no_engagement,botted
SYN-0239,12,311,3,2,4,vertical_spike_no_engagement,botted
SYN-0239,14,828,4,2,5,vertical_spike_no_engagement,botted
SYN-0239,16,828,4,2,5,vertical_spike_no_engagement,botted
SYN-0239,18,15972,4,3,5,vertical_spike_no_engagement,botted
SYN-0239,20,20259,5,3,6,vertical_spike_no_engagement,botted
SYN-0239,22,21323,5,3,6,vertical_spike_no_engagement,botted
SYN-0239,24,22984,5,3,6,vertical_spike_no_engagement,botted
SYN-0119,0,0,0,0,0,flat_then_spike,suspicious
SYN-0119,2,12404,464,0,29,flat_then_spike,suspicious
SYN-0119,4,12404,873,1,54,flat_then_spike,suspicious
SYN-0119,6,12404,1234,1,76,flat_then_spike,suspicious
SYN-0119,8,16577,1553,1,96,flat_then_spike,suspicious
SYN-0119,10,16577,1834,1,114,flat_then_spike,suspicious
SYN-0119,12,16577,2082,1,129,flat_then_spike,suspicious
SYN-0119,14,16577,2301,2,143,flat_then_spike,suspicious
SYN-0119,16,143799,2495,2,155,flat_then_spike,suspicious
SYN-0119,18,235350,2665,2,165,flat_then_spike,suspicious
SYN-0119,20,269601,2816,2,175,flat_then_spike,suspicious
SYN-0119,22,298598,2949,2,183,flat_then_spike,suspicious
SYN-0119,24,325688,3066,2,190,flat_then_spike,suspicious
SYN-0110,0,0,0,0,0,step_like_batches,suspicious
SYN-0110,2,371,40,0,4,step_like_batches,suspicious
SYN-0110,4,752,75,0,8,step_like_batches,suspicious
SYN-0110,6,912,106,0,11,step_like_batches,suspicious
SYN-0110,8,1773,133,1,14,step_like_batches,suspicious
SYN-0110,10,1773,157,1,16,step_like_batches,suspicious
SYN-0110,12,3917,179,1,18,step_like_batches,suspicious
SYN-0110,14,3917,197,1,20,step_like_batches,suspicious
SYN-0110,16,7624,214,1,22,step_like_batches,suspicious
SYN-0110,18,7829,229,1,23,step_like_batches,suspicious
SYN-0110,20,11349,242,1,25,step_like_batches,suspicious
SYN-0110,22,12017,253,1,26,step_like_batches,suspicious
SYN-0110,24,16556,263,1,27,step_like_batches,suspicious
SYN-0088,0,0,0,0,0,smooth_gradual,clean
SYN-0088,2,966,99,2,4,smooth_gradual,clean
SYN-0088,4,1817,185,4,8,smooth_gradual,clean
SYN-0088,6,2383,243,6,10,smooth_gradual,clean
SYN-0088,8,2794,285,7,12,smooth_gradual,clean
SYN-0088,10,3244,331,8,14,smooth_gradual,clean
SYN-0088,12,3485,356,8,15,smooth_gradual,clean
SYN-0088,14,3679,375,9,16,smooth_gradual,clean
SYN-0088,16,3825,390,9,17,smooth_gradual,clean
SYN-0088,18,3885,396,9,17,smooth_gradual,clean
SYN-0088,20,4017,410,10,17,smooth_gradual,clean
SYN-0088,22,4088,417,10,18,smooth_gradual,clean
SYN-0088,24,4145,423,10,18,smooth_gradual,clean
SYN-0277,0,0,0,0,0,flat_then_spike,botted
SYN-0277,2,8843,240,3,10,flat_then_spike,botted
SYN-0277,4,13810,453,5,19,flat_then_spike,botted
SYN-0277,6,13810,640,7,26,flat_then_spike,botted
SYN-0277,8,13810,805,9,33,flat_then_spike,botted
SYN-0277,10,16216,951,10,39,flat_then_spike,botted
SYN-0277,12,16216,1080,12,44,flat_then_spike,botted
SYN-0277,14,18859,1193,13,49,flat_then_spike,botted
SYN-0277,16,155150,1294,14,53,flat_then_spike,botted
SYN-0277,18,247772,1382,15,57,flat_then_spike,botted
SYN-0277,20,281436,1460,16,60,flat_then_spike,botted
SYN-0277,22,306056,1529,16,63,flat_then_spike,botted
SYN-0277,24,341702,1590,17,65,flat_then_spike,botted
SYN-0080,0,0,0,0,0,smooth_gradual,clean
SYN-0080,2,54,1,0,0,smooth_gradual,clean
SYN-0080,4,92,1,0,0,smooth_gradual,clean
SYN-0080,6,118,1,0,1,smooth_gradual,clean
SYN-0080,8,140,1,0,1,smooth_gradual,clean
SYN-0080,10,161,2,0,1,smooth_gradual,clean
SYN-0080,12,176,2,0,1,smooth_gradual,clean
SYN-0080,14,183,2,0,1,smooth_gradual,clean
SYN-0080,16,190,2,0,1,smooth_gradual,clean
SYN-0080,18,198,2,0,1,smooth_gradual,clean
SYN-0080,20,203,2,0,1,smooth_gradual,clean
SYN-0080,22,208,2,0,1,smooth_gradual,clean
SYN-0080,24,208,2,0,1,smooth_gradual,clean
SYN-0075,0,0,0,0,0,normal_viral_smooth,clean
SYN-0075,2,456,36,4,0,normal_viral_smooth,clean
SYN-0075,4,1716,135,13,1,normal_viral_smooth,clean
SYN-0075,6,4375,345,34,3,normal_viral_smooth,clean
SYN-0075,8,8555,675,67,6,normal_viral_smooth,clean
SYN-0075,10,15010,1184,118,10,normal_viral_smooth,clean
SYN-0075,12,22055,1740,173,15,normal_viral_smooth,clean
SYN-0075,14,28538,2251,224,19,normal_viral_smooth,clean
SYN-0075,16,33913,2675,266,22,normal_viral_smooth,clean
SYN-0075,18,37430,2953,294,25,normal_viral_smooth,clean
SYN-0075,20,39260,3097,308,26,normal_viral_smooth,clean
SYN-0075,22,40020,3157,314,26,normal_viral_smooth,clean
SYN-0075,24,40933,3229,321,27,normal_viral_smooth,clean
SYN-0145,0,0,0,0,0,late_like_spike,suspicious
SYN-0145,2,65019,788,20,44,late_like_spike,suspicious
SYN-0145,4,114573,848,22,47,late_like_spike,suspicious
SYN-0145,6,150146,909,23,51,late_like_spike,suspicious
SYN-0145,8,183682,969,25,54,late_like_spike,suspicious
SYN-0145,10,215776,1030,26,57,late_like_spike,suspicious
SYN-0145,12,239156,1091,28,61,late_like_spike,suspicious
SYN-0145,14,256969,1151,29,64,late_like_spike,suspicious
SYN-0145,16,276580,1212,31,68,late_like_spike,suspicious
SYN-0145,18,295724,1818,46,101,late_like_spike,suspicious
SYN-0145,20,300768,3636,93,203,late_like_spike,suspicious
SYN-0145,22,313444,5453,139,304,late_like_spike,suspicious
SYN-0145,24,320603,7271,186,405,late_like_spike,suspicious
SYN-0056,0,0,0,0,0,smooth_gradual,clean
SYN-0056,2,248,2,0,1,smooth_gradual,clean
SYN-0056,4,437,4,0,2,smooth_gradual,clean
SYN-0056,6,557,5,1,3,smooth_gradual,clean
SYN-0056,8,683,6,1,3,smooth_gradual,clean
SYN-0056,10,762,6,1,4,smooth_gradual,clean
SYN-0056,12,825,7,1,4,smooth_gradual,clean
SYN-0056,14,862,7,1,4,smooth_gradual,clean
SYN-0056,16,902,7,1,5,smooth_gradual,clean
SYN-0056,18,928,8,1,5,smooth_gradual,clean
SYN-0056,20,969,8,1,5,smooth_gradual,clean
SYN-0056,22,983,8,1,5,smooth_gradual,clean
SYN-0056,24,984,8,1,5,smooth_gradual,clean
SYN-0108,0,0,0,0,0,low_engagement_smooth,suspicious
SYN-0108,2,3923,42,1,1,low_engagement_smooth,suspicious
SYN-0108,4,11082,118,4,2,low_engagement_smooth,suspicious
SYN-0108,6,31699,339,12,6,low_engagement_smooth,suspicious
SYN-0108,8,77736,830,28,15,low_engagement_smooth,suspicious
SYN-0108,10,138003,1474,50,26,low_engagement_smooth,suspicious
SYN-0108,12,226975,2424,82,42,low_engagement_smooth,suspicious
SYN-0108,14,346992,3706,126,65,low_engagement_smooth,suspicious
SYN-0108,16,450242,4809,164,84,low_engagement_smooth,suspicious
SYN-0108,18,521648,5572,190,97,low_engagement_smooth,suspicious
SYN-0108,20,561186,5994,204,105,low_engagement_smooth,suspicious
SYN-0108,22,581991,6217,211,109,low_engagement_smooth,suspicious
SYN-0108,24,600000,6409,218,112,low_engagement_smooth,suspicious
SYN-0032,0,0,0,0,0,normal_viral_smooth,clean
SYN-0032,2,7299,82,2,12,normal_viral_smooth,clean
SYN-0032,4,27756,313,8,45,normal_viral_smooth,clean
SYN-0032,6,51543,581,14,84,normal_viral_smooth,clean
SYN-0032,8,86475,974,23,141,normal_viral_smooth,clean
SYN-0032,10,146439,1650,40,238,normal_viral_smooth,clean
SYN-0032,12,214612,2418,58,349,normal_viral_smooth,clean
SYN-0032,14,282931,3188,77,460,normal_viral_smooth,clean
SYN-0032,16,342592,3861,93,557,normal_viral_smooth,clean
SYN-0032,18,369542,4164,100,600,normal_viral_smooth,clean
SYN-0032,20,397321,4477,108,646,normal_viral_smooth,clean
SYN-0032,22,401070,4520,109,652,normal_viral_smooth,clean
SYN-0032,24,409895,4619,111,666,normal_viral_smooth,clean
SYN-0084,0,0,0,0,0,smooth_gradual,clean
SYN-0084,2,101,14,0,1,smooth_gradual,clean
SYN-0084,4,189,26,1,3,smooth_gradual,clean
SYN-0084,6,255,36,1,4,smooth_gradual,clean
SYN-0084,8,292,41,1,4,smooth_gradual,clean
SYN-0084,10,337,47,2,5,smooth_gradual,clean
SYN-0084,12,366,51,2,5,smooth_gradual,clean
SYN-0084,14,382,53,2,5,smooth_gradual,clean
SYN-0084,16,399,56,2,5,smooth_gradual,clean
SYN-0084,18,408,57,2,6,smooth_gradual,clean
SYN-0084,20,426,60,2,6,smooth_gradual,clean
SYN-0084,22,433,61,2,6,smooth_gradual,clean
SYN-0084,24,436,61,2,6,smooth_gradual,clean
SYN-0158,0,0,0,0,0,low_engagement_smooth,suspicious
SYN-0158,2,2498,14,1,1,low_engagement_smooth,suspicious
SYN-0158,4,2831,16,1,1,low_engagement_smooth,suspicious
SYN-0158,6,6681,38,2,3,low_engagement_smooth,suspicious
SYN-0158,8,14244,81,4,5,low_engagement_smooth,suspicious
SYN-0158,10,27047,154,9,10,low_engagement_smooth,suspicious
SYN-0158,12,48309,275,15,18,low_engagement_smooth,suspicious
SYN-0158,14,69333,395,22,26,low_engagement_smooth,suspicious
SYN-0158,16,90488,516,29,35,low_engagement_smooth,suspicious
SYN-0158,18,106639,608,34,41,low_engagement_smooth,suspicious
SYN-0158,20,113393,646,36,43,low_engagement_smooth,suspicious
SYN-0158,22,117080,667,37,45,low_engagement_smooth,suspicious
SYN-0158,24,120570,687,38,46,low_engagement_smooth,suspicious
SYN-0021,0,0,0,0,0,normal_viral_smooth,clean
SYN-0021,2,12135,516,66,75,normal_viral_smooth,clean
SYN-0021,4,66173,2816,361,409,normal_viral_smooth,clean
SYN-0021,6,114590,4877,625,708,normal_viral_smooth,clean
SYN-0021,8,210295,8949,1147,1298,normal_viral_smooth,clean
SYN-0021,10,354255,15076,1933,2187,normal_viral_smooth,clean
SYN-0021,12,491828,20930,2683,3037,normal_viral_smooth,clean
SYN-0021,14,637276,27120,3477,3935,normal_viral_smooth,clean
SYN-0021,16,772390,32870,4214,4769,normal_viral_smooth,clean
SYN-0021,18,847624,36072,4625,5234,normal_viral_smooth,clean
SYN-0021,20,876392,37296,4782,5411,normal_viral_smooth,clean
SYN-0021,22,923996,39322,5041,5705,normal_viral_smooth,clean
SYN-0021,24,928353,39507,5065,5732,normal_viral_smooth,clean
SYN-0020,0,0,0,0,0,smooth_gradual,clean
SYN-0020,2,1163,30,1,3,smooth_gradual,clean
SYN-0020,4,2212,57,2,6,smooth_gradual,clean
SYN-0020,6,2905,75,3,8,smooth_gradual,clean
SYN-0020,8,3482,90,3,10,smooth_gradual,clean
SYN-0020,10,3833,99,4,11,smooth_gradual,clean
SYN-0020,12,4223,109,4,12,smooth_gradual,clean
SYN-0020,14,4390,114,4,12,smooth_gradual,clean
SYN-0020,16,4546,118,5,13,smooth_gradual,clean
SYN-0020,18,4727,122,5,13,smooth_gradual,clean
SYN-0020,20,4871,126,5,14,smooth_gradual,clean
SYN-0020,22,5003,129,5,14,smooth_gradual,clean
SYN-0020,24,5025,130,5,14,smooth_gradual,clean
SYN-0267,0,0,0,0,0,likes_freeze,botted
SYN-0267,2,39,84,0,2,likes_freeze,botted
SYN-0267,4,149,140,1,3,likes_freeze,botted
SYN-0267,6,259,161,1,3,likes_freeze,botted
SYN-0267,8,259,161,1,3,likes_freeze,botted
SYN-0267,10,259,161,1,3,likes_freeze,botted
SYN-0267,12,663,161,1,3,likes_freeze,botted
SYN-0267,14,4132,161,1,3,likes_freeze,botted
SYN-0267,16,7046,161,1,3,likes_freeze,botted
SYN-0267,18,7858,161,1,3,likes_freeze,botted
SYN-0267,20,8562,161,1,3,likes_freeze,botted
SYN-0267,22,9313,161,1,3,likes_freeze,botted
SYN-0267,24,10000,247,1,5,likes_freeze,botted
SYN-0283,0,0,0,0,0,vertical_spike_no_engagement,botted
SYN-0283,2,0,6908,0,7,vertical_spike_no_engagement,botted
SYN-0283,4,7162,11462,1,12,vertical_spike_no_engagement,botted
SYN-0283,6,7162,13177,1,14,vertical_spike_no_engagement,botted
SYN-0283,8,7162,13177,1,14,vertical_spike_no_engagement,botted
SYN-0283,10,7162,13177,1,14,vertical_spike_no_engagement,botted
SYN-0283,12,7162,13177,1,14,vertical_spike_no_engagement,botted
SYN-0283,14,7162,13177,1,14,vertical_spike_no_engagement,botted
SYN-0283,16,7162,13177,1,14,vertical_spike_no_engagement,botted
SYN-0283,18,208586,13177,1,14,vertical_spike_no_engagement,botted
SYN-0283,20,261274,13177,1,14,vertical_spike_no_engagement,botted
SYN-0283,22,280877,13177,1,14,vertical_spike_no_engagement,botted
SYN-0283,24,301964,20272,1,22,vertical_spike_no_engagement,botted
SYN-0122,0,0,0,0,0,late_like_spike,suspicious
SYN-0122,2,71644,227,4,26,late_like_spike,suspicious
SYN-0122,4,131282,244,4,28,late_like_spike,suspicious
SYN-0122,6,184711,262,5,30,late_like_spike,suspicious
SYN-0122,8,222254,279,5,32,late_like_spike,suspicious
SYN-0122,10,257335,296,5,34,late_like_spike,suspicious
SYN-0122,12,293040,314,6,36,late_like_spike,suspicious
SYN-0122,14,319061,331,6,38,late_like_spike,suspicious
SYN-0122,16,329429,349,6,41,late_like_spike,suspicious
SYN-0122,18,354130,523,9,61,late_like_spike,suspicious
SYN-0122,20,361346,1046,19,122,late_like_spike,suspicious
SYN-0122,22,372933,1569,28,182,late_like_spike,suspicious
SYN-0122,24,385415,2092,37,243,late_like_spike,suspicious
SYN-0148,0,0,0,0,0,low_engagement_smooth,suspicious
SYN-0148,2,125,54,1,3,low_engagement_smooth,suspicious
SYN-0148,4,173,103,1,6,low_engagement_smooth,suspicious
SYN-0148,6,1058,145,2,9,low_engagement_smooth,suspicious
SYN-0148,8,2246,182,2,11,low_engagement_smooth,suspicious
SYN-0148,10,3701,215,2,13,low_engagement_smooth,suspicious
SYN-0148,12,6857,245,3,15,low_engagement_smooth,suspicious
SYN-0148,14,9834,270,3,17,low_engagement_smooth,suspicious
SYN-0148,16,12793,293,3,18,low_engagement_smooth,suspicious
SYN-0148,18,14638,313,3,19,low_engagement_smooth,suspicious
SYN-0148,20,15944,331,4,20,low_engagement_smooth,suspicious
SYN-0148,22,16762,346,4,21,low_engagement_smooth,suspicious
SYN-0148,24,17008,360,4,22,low_engagement_smooth,suspicious
SYN-0184,0,0,0,0,0,low_engagement_smooth,suspicious
SYN-0184,2,6708,81,0,3,low_engagement_smooth,suspicious
SYN-0184,4,6708,81,0,3,low_engagement_smooth,suspicious
SYN-0184,6,37288,448,1,15,low_engagement_smooth,suspicious
SYN-0184,8,75374,906,2,31,low_engagement_smooth,suspicious
SYN-0184,10,142507,1713,3,59,low_engagement_smooth,suspicious
SYN-0184,12,228878,2751,5,95,low_engagement_smooth,suspicious
SYN-0184,14,341475,4105,7,141,low_engagement_smooth,suspicious
SYN-0184,16,448468,5391,10,185,low_engagement_smooth,suspicious
SYN-0184,18,518279,6231,11,214,low_engagement_smooth,suspicious
SYN-0184,20,562523,6762,12,233,low_engagement_smooth,suspicious
SYN-0184,22,595466,7158,13,246,low_engagement_smooth,suspicious
SYN-0184,24,600000,7213,13,248,low_engagement_smooth,suspicious
SYN-0120,0,0,0,0,0,low_engagement_smooth,suspicious
SYN-0120,2,3248,34,1,2,low_engagement_smooth,suspicious
SYN-0120,4,16686,177,6,9,low_engagement_smooth,suspicious
SYN-0120,6,42856,454,15,23,low_engagement_smooth,suspicious
SYN-0120,8,80139,850,28,44,low_engagement_smooth,suspicious
SYN-0120,10,133978,1421,46,73,low_engagement_smooth,suspicious
SYN-0120,12,232467,2465,81,127,low_engagement_smooth,suspicious
SYN-0120,14,345694,3666,120,189,low_engagement_smooth,suspicious
SYN-0120,16,444220,4710,154,243,low_engagement_smooth,suspicious
SYN-0120,18,529073,5610,183,289,low_engagement_smooth,suspicious
SYN-0120,20,561402,5953,195,307,low_engagement_smooth,suspicious
SYN-0120,22,594259,6301,206,325,low_engagement_smooth,suspicious
SYN-0120,24,600000,6362,208,328,low_engagement_smooth,suspicious
SYN-0163,0,0,0,0,0,step_like_batches,suspicious
SYN-0163,2,14759,208,3,13,step_like_batches,suspicious
SYN-0163,4,23480,330,5,20,step_like_batches,suspicious
SYN-0163,6,27897,392,7,24,step_like_batches,suspicious
SYN-0163,8,55761,784,13,48,step_like_batches,suspicious
SYN-0163,10,63378,891,15,55,step_like_batches,suspicious
SYN-0163,12,135216,1901,32,117,step_like_batches,suspicious
SYN-0163,14,152323,2142,36,131,step_like_batches,suspicious
SYN-0163,16,267985,3768,63,231,step_like_batches,suspicious
SYN-0163,18,278749,3920,65,240,step_like_batches,suspicious
SYN-0163,20,415855,5848,97,358,step_like_batches,suspicious
SYN-0163,22,429011,6033,100,370,step_like_batches,suspicious
SYN-0163,24,600000,8437,140,517,step_like_batches,suspicious
SYN-0009,0,0,0,0,0,normal_viral_smooth,clean
SYN-0009,2,1440,198,3,21,normal_viral_smooth,clean
SYN-0009,4,2518,346,5,37,normal_viral_smooth,clean
SYN-0009,6,7778,1070,17,114,normal_viral_smooth,clean
SYN-0009,8,14080,1937,30,207,normal_viral_smooth,clean
SYN-0009,10,21693,2985,46,319,normal_viral_smooth,clean
SYN-0009,12,32459,4466,69,477,normal_viral_smooth,clean
SYN-0009,14,41661,5732,89,612,normal_viral_smooth,clean
SYN-0009,16,50163,6902,107,737,normal_viral_smooth,clean
SYN-0009,18,54661,7521,117,804,normal_viral_smooth,clean
SYN-0009,20,58686,8075,125,863,normal_viral_smooth,clean
SYN-0009,22,59387,8171,127,873,normal_viral_smooth,clean
SYN-0009,24,60404,8311,129,888,normal_viral_smooth,clean
SYN-0168,0,0,0,0,0,flat_then_spike,suspicious
SYN-0168,2,20584,975,2,114,flat_then_spike,suspicious
SYN-0168,4,24219,1836,4,214,flat_then_spike,suspicious
SYN-0168,6,24219,2595,6,303,flat_then_spike,suspicious
SYN-0168,8,24219,3265,7,381,flat_then_spike,suspicious
SYN-0168,10,32613,3857,8,450,flat_then_spike,suspicious
SYN-0168,12,32613,4379,10,511,flat_then_spike,suspicious
SYN-0168,14,35196,4839,11,565,flat_then_spike,suspicious
SYN-0168,16,271084,5246,11,613,flat_then_spike,suspicious
SYN-0168,18,440321,5604,12,655,flat_then_spike,suspicious
SYN-0168,20,494892,5921,13,692,flat_then_spike,suspicious
SYN-0168,22,545571,6200,13,724,flat_then_spike,suspicious
SYN-0168,24,600000,6447,14,753,flat_then_spike,suspicious
SYN-0132,0,0,0,0,0,low_engagement_smooth,suspicious
SYN-0132,2,199,24,1,1,low_engagement_smooth,suspicious
SYN-0132,4,199,45,1,1,low_engagement_smooth,suspicious
SYN-0132,6,620,64,2,2,low_engagement_smooth,suspicious
SYN-0132,8,1303,81,3,3,low_engagement_smooth,suspicious
SYN-0132,10,2247,95,3,3,low_engagement_smooth,suspicious
SYN-0132,12,3972,108,3,3,low_engagement_smooth,suspicious
SYN-0132,14,5889,119,4,4,low_engagement_smooth,suspicious
SYN-0132,16,7481,129,4,4,low_engagement_smooth,suspicious
SYN-0132,18,8764,138,4,4,low_engagement_smooth,suspicious
SYN-0132,20,9308,146,5,5,low_engagement_smooth,suspicious
SYN-0132,22,9671,153,5,5,low_engagement_smooth,suspicious
SYN-0132,24,10000,159,5,5,low_engagement_smooth,suspicious
SYN-0141,0,0,0,0,0,low_engagement_smooth,suspicious
SYN-0141,2,1694,18,0,3,low_engagement_smooth,suspicious
SYN-0141,4,1694,18,0,3,low_engagement_smooth,suspicious
SYN-0141,6,3806,40,0,6,low_engagement_smooth,suspicious
SYN-0141,8,9882,104,1,15,low_engagement_smooth,suspicious
SYN-0141,10,19215,203,2,29,low_engagement_smooth,suspicious
SYN-0141,12,32949,348,3,50,low_engagement_smooth,suspicious
SYN-0141,14,49187,519,4,75,low_engagement_smooth,suspicious
SYN-0141,16,61897,653,5,94,low_engagement_smooth,suspicious
SYN-0141,18,73946,781,6,113,low_engagement_smooth,suspicious
SYN-0141,20,78744,831,7,120,low_engagement_smooth,suspicious
SYN-0141,22,82398,870,7,126,low_engagement_smooth,suspicious
SYN-0141,24,83844,885,7,128,low_engagement_smooth,suspicious
SYN-0233,0,0,0,0,0,step_like_batches,botted
SYN-0233,2,380,121,0,0,step_like_batches,botted
SYN-0233,4,408,227,0,0,step_like_batches,botted
SYN-0233,6,678,321,0,0,step_like_batches,botted
SYN-0233,8,949,404,1,1,step_like_batches,botted
SYN-0233,10,1219,477,1,1,step_like_batches,botted
SYN-0233,12,2344,541,1,1,step_like_batches,botted
SYN-0233,14,2474,598,1,1,step_like_batches,botted
SYN-0233,16,4602,648,1,1,step_like_batches,botted
SYN-0233,18,4660,693,1,1,step_like_batches,botted
SYN-0233,20,7035,732,1,1,step_like_batches,botted
SYN-0233,22,7190,767,1,1,step_like_batches,botted
SYN-0233,24,10000,797,1,1,step_like_batches,botted
SYN-0033,0,0,0,0,0,normal_viral_smooth,clean
SYN-0033,2,77,2,0,1,normal_viral_smooth,clean
SYN-0033,4,299,9,1,3,normal_viral_smooth,clean
SYN-0033,6,703,22,2,8,normal_viral_smooth,clean
SYN-0033,8,1227,39,3,14,normal_viral_smooth,clean
SYN-0033,10,2126,67,5,25,normal_viral_smooth,clean
SYN-0033,12,3205,101,8,37,normal_viral_smooth,clean
SYN-0033,14,4134,130,11,48,normal_viral_smooth,clean
SYN-0033,16,4906,154,13,57,normal_viral_smooth,clean
SYN-0033,18,5427,171,14,63,normal_viral_smooth,clean
SYN-0033,20,5665,178,14,66,normal_viral_smooth,clean
SYN-0033,22,5855,184,15,68,normal_viral_smooth,clean
SYN-0033,24,5878,185,15,68,normal_viral_smooth,clean
SYN-0287,0,0,0,0,0,step_like_batches,botted
SYN-0287,2,669,14,0,0,step_like_batches,botted
SYN-0287,4,1493,32,0,1,step_like_batches,botted
SYN-0287,6,1776,38,0,1,step_like_batches,botted
SYN-0287,8,3273,71,1,2,step_like_batches,botted
SYN-0287,10,4111,89,1,3,step_like_batches,botted
SYN-0287,12,7358,159,1,5,step_like_batches,botted
SYN-0287,14,7899,171,1,5,step_like_batches,botted
SYN-0287,16,14493,314,3,10,step_like_batches,botted
SYN-0287,18,14794,320,3,10,step_like_batches,botted
SYN-0287,20,23147,501,4,15,step_like_batches,botted
SYN-0287,22,24028,520,4,16,step_like_batches,botted
SYN-0287,24,33213,719,6,22,step_like_batches,botted
SYN-0049,0,0,0,0,0,normal_viral_smooth,clean
SYN-0049,2,246,5,0,0,normal_viral_smooth,clean
SYN-0049,4,370,7,1,1,normal_viral_smooth,clean
SYN-0049,6,958,19,2,2,normal_viral_smooth,clean
SYN-0049,8,2015,40,3,4,normal_viral_smooth,clean
SYN-0049,10,3324,66,6,7,normal_viral_smooth,clean
SYN-0049,12,4846,97,8,10,normal_viral_smooth,clean
SYN-0049,14,6094,122,10,12,normal_viral_smooth,clean
SYN-0049,16,7380,147,12,15,normal_viral_smooth,clean
SYN-0049,18,8189,163,14,17,normal_viral_smooth,clean
SYN-0049,20,8621,172,15,17,normal_viral_smooth,clean
SYN-0049,22,8636,172,15,18,normal_viral_smooth,clean
SYN-0049,24,8873,177,15,18,normal_viral_smooth,clean
SYN-0147,0,0,0,0,0,late_like_spike,suspicious
SYN-0147,2,108447,126,1,60,late_like_spike,suspicious
SYN-0147,4,214641,136,1,64,late_like_spike,suspicious
SYN-0147,6,278594,145,1,69,late_like_spike,suspicious
SYN-0147,8,352189,155,1,74,late_like_spike,suspicious
SYN-0147,10,400759,165,1,78,late_like_spike,suspicious
SYN-0147,12,450256,174,1,83,late_like_spike,suspicious
SYN-0147,14,490306,184,1,87,late_like_spike,suspicious
SYN-0147,16,525679,194,1,92,late_like_spike,suspicious
SYN-0147,18,542043,291,2,138,late_like_spike,suspicious
SYN-0147,20,575385,582,4,276,late_like_spike,suspicious
SYN-0147,22,582416,872,5,414,late_like_spike,suspicious
SYN-0147,24,600000,1163,7,552,late_like_spike,suspicious
SYN-0284,0,0,0,0,0,flat_then_spike,botted
SYN-0284,2,122,6,0,0,flat_then_spike,botted
SYN-0284,4,336,11,0,1,flat_then_spike,botted
SYN-0284,6,429,15,0,1,flat_then_spike,botted
SYN-0284,8,429,19,1,1,flat_then_spike,botted
SYN-0284,10,467,23,1,1,flat_then_spike,botted
SYN-0284,12,591,26,1,1,flat_then_spike,botted
SYN-0284,14,591,29,1,2,flat_then_spike,botted
SYN-0284,16,4377,31,1,2,flat_then_spike,botted
SYN-0284,18,7236,33,1,2,flat_then_spike,botted
SYN-0284,20,8164,35,1,2,flat_then_spike,botted
SYN-0284,22,8972,37,1,2,flat_then_spike,botted
SYN-0284,24,10000,38,1,2,flat_then_spike,botted
SYN-0081,0,0,0,0,0,smooth_gradual,clean
SYN-0081,2,3838,190,15,4,smooth_gradual,clean
SYN-0081,4,6883,341,27,7,smooth_gradual,clean
SYN-0081,6,9174,454,36,9,smooth_gradual,clean
SYN-0081,8,10825,536,42,11,smooth_gradual,clean
SYN-0081,10,11962,592,46,12,smooth_gradual,clean
SYN-0081,12,13068,647,51,13,smooth_gradual,clean
SYN-0081,14,13960,691,54,14,smooth_gradual,clean
SYN-0081,16,14437,714,56,15,smooth_gradual,clean
SYN-0081,18,14967,741,58,15,smooth_gradual,clean
SYN-0081,20,15240,754,59,16,smooth_gradual,clean
SYN-0081,22,15671,776,61,16,smooth_gradual,clean
SYN-0081,24,15721,778,61,16,smooth_gradual,clean
SYN-0010,0,0,0,0,0,normal_viral_smooth,clean
SYN-0010,2,73,5,0,0,normal_viral_smooth,clean
SYN-0010,4,140,10,0,0,normal_viral_smooth,clean
SYN-0010,6,323,24,1,0,normal_viral_smooth,clean
SYN-0010,8,595,44,2,0,normal_viral_smooth,clean
SYN-0010,10,1020,75,3,1,normal_viral_smooth,clean
SYN-0010,12,1485,110,4,1,normal_viral_smooth,clean
SYN-0010,14,1884,139,6,1,normal_viral_smooth,clean
SYN-0010,16,2196,162,7,2,normal_viral_smooth,clean
SYN-0010,18,2468,182,7,2,normal_viral_smooth,clean
SYN-0010,20,2617,193,8,2,normal_viral_smooth,clean
SYN-0010,22,2686,198,8,2,normal_viral_smooth,clean
SYN-0010,24,2697,199,8,2,normal_viral_smooth,clean
SYN-0028,0,0,0,0,0,normal_viral_smooth,clean
SYN-0028,2,10,1,0,0,normal_viral_smooth,clean
SYN-0028,4,24,2,0,0,normal_viral_smooth,clean
SYN-0028,6,70,6,0,1,normal_viral_smooth,clean
SYN-0028,8,114,9,0,1,normal_viral_smooth,clean
SYN-0028,10,195,16,1,2,normal_viral_smooth,clean
SYN-0028,12,281,23,1,3,normal_viral_smooth,clean
SYN-0028,14,359,29,1,3,normal_viral_smooth,clean
SYN-0028,16,424,34,2,4,normal_viral_smooth,clean
SYN-0028,18,470,38,2,4,normal_viral_smooth,clean
SYN-0028,20,504,40,2,5,normal_viral_smooth,clean
SYN-0028,22,521,42,2,5,normal_viral_smooth,clean
SYN-0028,24,523,42,2,5,normal_viral_smooth,clean
SYN-0271,0,0,0,0,0,likes_freeze,botted
SYN-0271,2,0,1071,40,10,likes_freeze,botted
SYN-0271,4,6491,1778,66,17,likes_freeze,botted
SYN-0271,6,21513,2044,76,20,likes_freeze,botted
SYN-0271,8,21513,2044,76,20,likes_freeze,botted
SYN-0271,10,28752,2044,76,20,likes_freeze,botted
SYN-0271,12,56201,2044,76,20,likes_freeze,botted
SYN-0271,14,339832,2044,76,20,likes_freeze,botted
SYN-0271,16,601256,2044,76,20,likes_freeze,botted
SYN-0271,18,672783,2044,76,20,likes_freeze,botted
SYN-0271,20,732001,2044,76,20,likes_freeze,botted
SYN-0271,22,795907,2044,76,20,likes_freeze,botted
SYN-0271,24,850000,3144,117,30,likes_freeze,botted
SYN-0183,0,0,0,0,0,flat_then_spike,suspicious
SYN-0183,2,1993,205,3,1,flat_then_spike,suspicious
SYN-0183,4,1993,387,5,1,flat_then_spike,suspicious
SYN-0183,6,1993,547,8,2,flat_then_spike,suspicious
SYN-0183,8,1993,688,10,2,flat_then_spike,suspicious
SYN-0183,10,3205,812,11,2,flat_then_spike,suspicious
SYN-0183,12,3205,922,13,3,flat_then_spike,suspicious
SYN-0183,14,3205,1019,14,3,flat_then_spike,suspicious
SYN-0183,16,26531,1105,15,3,flat_then_spike,suspicious
SYN-0183,18,45842,1181,17,3,flat_then_spike,suspicious
SYN-0183,20,51677,1247,17,4,flat_then_spike,suspicious
SYN-0183,22,55879,1306,18,4,flat_then_spike,suspicious
SYN-0183,24,61899,1358,19,4,flat_then_spike,suspicious
SYN-0228,0,0,0,0,0,step_like_batches,botted
SYN-0228,2,8153,61,0,1,step_like_batches,botted
SYN-0228,4,11198,83,0,1,step_like_batches,botted
SYN-0228,6,13553,101,0,1,step_like_batches,botted
SYN-0228,8,22904,170,1,2,step_like_batches,botted
SYN-0228,10,22904,170,1,2,step_like_batches,botted
SYN-0228,12,47420,353,2,3,step_like_batches,botted
SYN-0228,14,47820,356,2,3,step_like_batches,botted
SYN-0228,16,91537,681,3,7,step_like_batches,botted
SYN-0228,18,94090,700,3,7,step_like_batches,botted
SYN-0228,20,146895,1093,5,11,step_like_batches,botted
SYN-0228,22,146895,1093,5,11,step_like_batches,botted
SYN-0228,24,207221,1542,7,15,step_like_batches,botted
SYN-0087,0,0,0,0,0,normal_viral_smooth,clean
SYN-0087,2,6,0,0,0,normal_viral_smooth,clean
SYN-0087,4,11,0,0,0,normal_viral_smooth,clean
SYN-0087,6,21,0,0,0,normal_viral_smooth,clean
SYN-0087,8,42,0,0,0,normal_viral_smooth,clean
SYN-0087,10,64,0,0,0,normal_viral_smooth,clean
SYN-0087,12,96,1,1,0,normal_viral_smooth,clean
SYN-0087,14,122,1,1,0,normal_viral_smooth,clean
SYN-0087,16,146,1,1,0,normal_viral_smooth,clean
SYN-0087,18,163,1,1,0,normal_viral_smooth,clean
SYN-0087,20,170,1,1,0,normal_viral_smooth,clean
SYN-0087,22,175,1,1,0,normal_viral_smooth,clean
SYN-0087,24,178,1,1,0,normal_viral_smooth,clean
SYN-0290,0,0,0,0,0,vertical_spike_no_engagement,botted
SYN-0290,2,37,1,0,0,vertical_spike_no_engagement,botted
SYN-0290,4,37,2,0,1,vertical_spike_no_engagement,botted
SYN-0290,6,145,3,0,1,vertical_spike_no_engagement,botted
SYN-0290,8,145,4,1,2,vertical_spike_no_engagement,botted
SYN-0290,10,211,4,1,2,vertical_spike_no_engagement,botted
SYN-0290,12,281,5,1,2,vertical_spike_no_engagement,botted
SYN-0290,14,281,5,1,2,vertical_spike_no_engagement,botted
SYN-0290,16,281,6,1,2,vertical_spike_no_engagement,botted
SYN-0290,18,6834,6,1,3,vertical_spike_no_engagement,botted
SYN-0290,20,8867,6,1,3,vertical_spike_no_engagement,botted
SYN-0290,22,9524,7,1,3,vertical_spike_no_engagement,botted
SYN-0290,24,10000,7,1,3,vertical_spike_no_engagement,botted
SYN-0194,0,0,0,0,0,low_engagement_smooth,suspicious
SYN-0194,2,322,316,1,0,low_engagement_smooth,suspicious
SYN-0194,4,4526,595,1,1,low_engagement_smooth,suspicious
SYN-0194,6,9256,842,2,1,low_engagement_smooth,suspicious
SYN-0194,8,19968,1059,3,1,low_engagement_smooth,suspicious
SYN-0194,10,38545,1251,3,1,low_engagement_smooth,suspicious
SYN-0194,12,71356,1420,3,1,low_engagement_smooth,suspicious
SYN-0194,14,105419,1570,4,2,low_engagement_smooth,suspicious
SYN-0194,16,135391,1701,4,2,low_engagement_smooth,suspicious
SYN-0194,18,152235,1818,4,2,low_engagement_smooth,suspicious
SYN-0194,20,164257,1920,5,2,low_engagement_smooth,suspicious
SYN-0194,22,173901,2011,5,2,low_engagement_smooth,suspicious
SYN-0194,24,176760,2091,5,2,low_engagement_smooth,suspicious
SYN-0115,0,0,0,0,0,step_like_batches,suspicious
SYN-0115,2,2155,15,1,2,step_like_batches,suspicious
SYN-0115,4,5403,38,3,6,step_like_batches,suspicious
SYN-0115,6,6910,49,4,8,step_like_batches,suspicious
SYN-0115,8,12856,92,8,14,step_like_batches,suspicious
SYN-0115,10,12856,92,8,14,step_like_batches,suspicious
SYN-0115,12,28483,203,18,31,step_like_batches,suspicious
SYN-0115,14,28483,203,18,31,step_like_batches,suspicious
SYN-0115,16,53805,383,34,59,step_like_batches,suspicious
SYN-0115,18,54258,386,34,59,step_like_batches,suspicious
SYN-0115,20,81767,582,52,89,step_like_batches,suspicious
SYN-0115,22,85082,606,54,93,step_like_batches,suspicious
SYN-0115,24,118513,844,75,129,step_like_batches,suspicious
SYN-0213,0,0,0,0,0,step_like_batches,botted
SYN-0213,2,22004,146,0,1,step_like_batches,botted
SYN-0213,4,23737,157,0,1,step_like_batches,botted
SYN-0213,6,29845,197,1,1,step_like_batches,botted
SYN-0213,8,54990,364,1,2,step_like_batches,botted
SYN-0213,10,54990,364,1,2,step_like_batches,botted
SYN-0213,12,124179,822,2,4,step_like_batches,botted
SYN-0213,14,124797,826,2,4,step_like_batches,botted
SYN-0213,16,234064,1549,4,7,step_like_batches,botted
SYN-0213,18,241230,1596,4,7,step_like_batches,botted
SYN-0213,20,360653,2386,6,10,step_like_batches,botted
SYN-0213,22,384161,2542,7,11,step_like_batches,botted
SYN-0213,24,522785,3459,9,15,step_like_batches,botted
SYN-0166,0,0,0,0,0,late_like_spike,suspicious
SYN-0166,2,113148,357,26,79,late_like_spike,suspicious
SYN-0166,4,215459,385,28,85,late_like_spike,suspicious
SYN-0166,6,281109,412,30,92,late_like_spike,suspicious
SYN-0166,8,350755,439,32,98,late_like_spike,suspicious
SYN-0166,10,413007,467,34,104,late_like_spike,suspicious
SYN-0166,12,454589,494,36,110,late_like_spike,suspicious
SYN-0166,14,485268,522,38,116,late_like_spike,suspicious
SYN-0166,16,527629,549,40,122,late_like_spike,suspicious
SYN-0166,18,542480,824,59,183,late_like_spike,suspicious
SYN-0166,20,573746,1648,119,366,late_like_spike,suspicious
SYN-0166,22,582373,2472,178,549,late_like_spike,suspicious
SYN-0166,24,600000,3296,237,732,late_like_spike,suspicious
SYN-0240,0,0,0,0,0,step_like_batches,botted
SYN-0240,2,28105,4,3,13,step_like_batches,botted
SYN-0240,4,35956,5,4,16,step_like_batches,botted
SYN-0240,6,45452,7,4,21,step_like_batches,botted
SYN-0240,8,90382,13,9,41,step_like_batches,botted
SYN-0240,10,103411,15,10,47,step_like_batches,botted
SYN-0240,12,196263,28,19,89,step_like_batches,botted
SYN-0240,14,200453,29,20,91,step_like_batches,botted
SYN-0240,16,389348,56,38,177,step_like_batches,botted
SYN-0240,18,403333,58,40,184,step_like_batches,botted
SYN-0240,20,589508,85,58,268,step_like_batches,botted
SYN-0240,22,613904,89,61,280,step_like_batches,botted
SYN-0240,24,850000,123,84,387,step_like_batches,botted
SYN-0222,0,0,0,0,0,step_like_batches,botted
SYN-0222,2,205,11,0,0,step_like_batches,botted
SYN-0222,4,555,22,0,0,step_like_batches,botted
SYN-0222,6,555,31,0,0,step_like_batches,botted
SYN-0222,8,885,38,1,1,step_like_batches,botted
SYN-0222,10,1245,45,1,1,step_like_batches,botted
SYN-0222,12,2346,52,1,1,step_like_batches,botted
SYN-0222,14,2346,57,1,1,step_like_batches,botted
SYN-0222,16,4548,62,1,1,step_like_batches,botted
SYN-0222,18,4617,66,1,1,step_like_batches,botted
SYN-0222,20,6983,70,1,1,step_like_batches,botted
SYN-0222,22,7063,73,1,1,step_like_batches,botted
SYN-0222,24,10000,76,1,1,step_like_batches,botted
SYN-0159,0,0,0,0,0,flat_then_spike,suspicious
SYN-0159,2,9948,635,1,88,flat_then_spike,suspicious
SYN-0159,4,20859,1196,2,166,flat_then_spike,suspicious
SYN-0159,6,20859,1691,2,234,flat_then_spike,suspicious
SYN-0159,8,25619,2127,3,295,flat_then_spike,suspicious
SYN-0159,10,25619,2513,4,348,flat_then_spike,suspicious
SYN-0159,12,25619,2853,4,395,flat_then_spike,suspicious
SYN-0159,14,25619,3153,5,437,flat_then_spike,suspicious
SYN-0159,16,256649,3417,5,474,flat_then_spike,suspicious
SYN-0159,18,436301,3651,5,506,flat_then_spike,suspicious
SYN-0159,20,485657,3857,6,535,flat_then_spike,suspicious
SYN-0159,22,538264,4039,6,560,flat_then_spike,suspicious
SYN-0159,24,600000,4200,6,582,flat_then_spike,suspicious
SYN-0034,0,0,0,0,0,smooth_gradual,clean
SYN-0034,2,170,13,0,0,smooth_gradual,clean
SYN-0034,4,319,24,1,0,smooth_gradual,clean
SYN-0034,6,421,31,1,1,smooth_gradual,clean
SYN-0034,8,493,37,1,1,smooth_gradual,clean
SYN-0034,10,555,41,2,1,smooth_gradual,clean
SYN-0034,12,606,45,2,1,smooth_gradual,clean
SYN-0034,14,641,48,2,1,smooth_gradual,clean
SYN-0034,16,660,49,2,1,smooth_gradual,clean
SYN-0034,18,688,51,2,1,smooth_gradual,clean
SYN-0034,20,713,53,2,1,smooth_gradual,clean
SYN-0034,22,719,54,2,1,smooth_gradual,clean
SYN-0034,24,725,54,2,1,smooth_gradual,clean
SYN-0086,0,0,0,0,0,normal_viral_smooth,clean
SYN-0086,2,5902,606,65,29,normal_viral_smooth,clean
SYN-0086,4,22410,2300,247,111,normal_viral_smooth,clean
SYN-0086,6,41026,4211,452,203,normal_viral_smooth,clean
SYN-0086,8,86136,8841,949,427,normal_viral_smooth,clean
SYN-0086,10,144982,14882,1597,719,normal_viral_smooth,clean
SYN-0086,12,201873,20721,2223,1001,normal_viral_smooth,clean
SYN-0086,14,263506,27048,2902,1306,normal_viral_smooth,clean
SYN-0086,16,316144,32451,3481,1567,normal_viral_smooth,clean
SYN-0086,18,351835,36114,3874,1744,normal_viral_smooth,clean
SYN-0086,20,363685,37330,4005,1803,normal_viral_smooth,clean
SYN-0086,22,382074,39218,4207,1894,normal_viral_smooth,clean
SYN-0086,24,383126,39326,4219,1899,normal_viral_smooth,clean
SYN-0288,0,0,0,0,0,vertical_spike_no_engagement,botted
SYN-0288,2,155,3,0,0,vertical_spike_no_engagement,botted
SYN-0288,4,155,5,0,1,vertical_spike_no_engagement,botted
SYN-0288,6,231,7,0,1,vertical_spike_no_engagement,botted
SYN-0288,8,231,9,1,2,vertical_spike_no_engagement,botted
SYN-0288,10,231,11,1,2,vertical_spike_no_engagement,botted
SYN-0288,12,291,12,1,2,vertical_spike_no_engagement,botted
SYN-0288,14,317,14,1,2,vertical_spike_no_engagement,botted
SYN-0288,16,317,15,1,2,vertical_spike_no_engagement,botted
SYN-0288,18,6952,16,1,3,vertical_spike_no_engagement,botted
SYN-0288,20,8729,17,1,3,vertical_spike_no_engagement,botted
SYN-0288,22,9478,17,1,3,vertical_spike_no_engagement,botted
SYN-0288,24,10000,18,1,3,vertical_spike_no_engagement,botted
SYN-0041,0,0,0,0,0,normal_viral_smooth,clean
SYN-0041,2,1173,34,2,1,normal_viral_smooth,clean
SYN-0041,4,2305,67,5,1,normal_viral_smooth,clean
SYN-0041,6,6820,198,14,4,normal_viral_smooth,clean
SYN-0041,8,12623,366,26,7,normal_viral_smooth,clean
SYN-0041,10,19250,558,39,11,normal_viral_smooth,clean
SYN-0041,12,28531,828,58,16,normal_viral_smooth,clean
SYN-0041,14,37615,1091,77,21,normal_viral_smooth,clean
SYN-0041,16,44235,1283,90,25,normal_viral_smooth,clean
SYN-0041,18,48053,1394,98,27,normal_viral_smooth,clean
SYN-0041,20,51164,1484,105,29,normal_viral_smooth,clean
SYN-0041,22,51847,1504,106,29,normal_viral_smooth,clean
SYN-0041,24,53294,1546,109,30,normal_viral_smooth,clean
SYN-0112,0,0,0,0,0,step_like_batches,suspicious
SYN-0112,2,573,11,0,0,step_like_batches,suspicious
SYN-0112,4,1533,28,1,1,step_like_batches,suspicious
SYN-0112,6,2310,43,1,2,step_like_batches,suspicious
SYN-0112,8,3346,62,2,3,step_like_batches,suspicious
SYN-0112,10,4029,75,3,3,step_like_batches,suspicious
SYN-0112,12,8345,155,5,7,step_like_batches,suspicious
SYN-0112,14,8345,155,5,7,step_like_batches,suspicious
SYN-0112,16,15147,281,10,12,step_like_batches,suspicious
SYN-0112,18,15838,293,10,13,step_like_batches,suspicious
SYN-0112,20,23985,444,15,20,step_like_batches,suspicious
SYN-0112,22,24598,456,16,20,step_like_batches,suspicious
SYN-0112,24,34179,633,22,28,step_like_batches,suspicious
SYN-0061,0,0,0,0,0,smooth_gradual,clean
SYN-0061,2,9036,122,24,33,smooth_gradual,clean
SYN-0061,4,14721,199,40,54,smooth_gradual,clean
SYN-0061,6,20219,273,55,74,smooth_gradual,clean
SYN-0061,8,24343,329,66,90,smooth_gradual,clean
SYN-0061,10,27117,366,74,100,smooth_gradual,clean
SYN-0061,12,29401,397,80,108,smooth_gradual,clean
SYN-0061,14,30886,417,84,114,smooth_gradual,clean
SYN-0061,16,32238,435,87,119,smooth_gradual,clean
SYN-0061,18,33226,448,90,122,smooth_gradual,clean
SYN-0061,20,33961,458,92,125,smooth_gradual,clean
SYN-0061,22,34342,463,93,126,smooth_gradual,clean
SYN-0061,24,35048,473,95,129,smooth_gradual,clean
SYN-0162,0,0,0,0,0,step_like_batches,suspicious
SYN-0162,2,1633,31,0,3,step_like_batches,suspicious
SYN-0162,4,1948,37,0,3,step_like_batches,suspicious
SYN-0162,6,2899,56,0,5,step_like_batches,suspicious
SYN-0162,8,5221,100,1,9,step_like_batches,suspicious
SYN-0162,10,5809,112,1,10,step_like_batches,suspicious
SYN-0162,12,11390,219,2,19,step_like_batches,suspicious
SYN-0162,14,11951,230,2,20,step_like_batches,suspicious
SYN-0162,16,23972,461,3,41,step_like_batches,suspicious
SYN-0162,18,24507,472,3,42,step_like_batches,suspicious
SYN-0162,20,36311,699,5,62,step_like_batches,suspicious
SYN-0162,22,37345,719,5,63,step_like_batches,suspicious
SYN-0162,24,52480,1010,7,89,step_like_batches,suspicious
SYN-0037,0,0,0,0,0,normal_viral_smooth,clean
SYN-0037,2,207,6,0,1,normal_viral_smooth,clean
SYN-0037,4,1320,41,1,6,normal_viral_smooth,clean
SYN-0037,6,2119,66,2,10,normal_viral_smooth,clean
SYN-0037,8,4371,136,3,20,normal_viral_smooth,clean
SYN-0037,10,6972,216,5,32,normal_viral_smooth,clean
SYN-0037,12,10248,318,7,47,normal_viral_smooth,clean
SYN-0037,14,13337,414,10,61,normal_viral_smooth,clean
SYN-0037,16,15584,483,11,71,normal_viral_smooth,clean
SYN-0037,18,17541,544,13,80,normal_viral_smooth,clean
SYN-0037,20,18477,573,13,85,normal_viral_smooth,clean
SYN-0037,22,18776,582,14,86,normal_viral_smooth,clean
SYN-0037,24,19218,596,14,88,normal_viral_smooth,clean
SYN-0118,0,0,0,0,0,flat_then_spike,suspicious
SYN-0118,2,9564,896,33,17,flat_then_spike,suspicious
SYN-0118,4,19900,1686,62,32,flat_then_spike,suspicious
SYN-0118,6,25732,2384,87,45,flat_then_spike,suspicious
SYN-0118,8,25732,3000,110,57,flat_then_spike,suspicious
SYN-0118,10,25732,3543,130,67,flat_then_spike,suspicious
SYN-0118,12,29263,4023,147,76,flat_then_spike,suspicious
SYN-0118,14,29263,4446,163,84,flat_then_spike,suspicious
SYN-0118,16,272561,4819,177,91,flat_then_spike,suspicious
SYN-0118,18,438635,5149,189,97,flat_then_spike,suspicious
SYN-0118,20,495251,5440,199,103,flat_then_spike,suspicious
SYN-0118,22,552933,5696,209,108,flat_then_spike,suspicious
SYN-0118,24,600000,5923,217,112,flat_then_spike,suspicious
SYN-0039,0,0,0,0,0,smooth_gradual,clean
SYN-0039,2,7922,394,61,88,smooth_gradual,clean
SYN-0039,4,14111,703,109,157,smooth_gradual,clean
SYN-0039,6,18737,933,145,208,smooth_gradual,clean
SYN-0039,8,22236,1107,172,247,smooth_gradual,clean
SYN-0039,10,24754,1233,192,275,smooth_gradual,clean
SYN-0039,12,27060,1347,209,301,smooth_gradual,clean
SYN-0039,14,28711,1430,222,319,smooth_gradual,clean
SYN-0039,16,29274,1458,227,325,smooth_gradual,clean
SYN-0039,18,30599,1524,237,340,smooth_gradual,clean
SYN-0039,20,31005,1544,240,344,smooth_gradual,clean
SYN-0039,22,31585,1573,244,351,smooth_gradual,clean
SYN-0039,24,32052,1596,248,356,smooth_gradual,clean
SYN-0243,0,0,0,0,0,step_like_batches,botted
SYN-0243,2,17844,47,0,6,step_like_batches,botted
SYN-0243,4,30638,80,0,11,step_like_batches,botted
SYN-0243,6,59392,156,0,21,step_like_batches,botted
SYN-0243,8,82739,217,1,29,step_like_batches,botted
SYN-0243,10,93449,245,1,33,step_like_batches,botted
SYN-0243,12,195390,512,2,69,step_like_batches,botted
SYN-0243,14,207498,544,2,73,step_like_batches,botted
SYN-0243,16,370808,972,3,130,step_like_batches,botted
SYN-0243,18,395936,1038,3,139,step_like_batches,botted
SYN-0243,20,605247,1587,5,212,step_like_batches,botted
SYN-0243,22,624703,1638,5,219,step_like_batches,botted
SYN-0243,24,850000,2229,7,298,step_like_batches,botted
SYN-0259,0,0,0,0,0,flat_then_spike,botted
SYN-0259,2,314,11,0,0,flat_then_spike,botted
SYN-0259,4,411,20,0,1,flat_then_spike,botted
SYN-0259,6,411,29,0,1,flat_then_spike,botted
SYN-0259,8,483,36,0,1,flat_then_spike,botted
SYN-0259,10,513,42,0,1,flat_then_spike,botted
SYN-0259,12,513,48,0,1,flat_then_spike,botted
SYN-0259,14,588,53,0,2,flat_then_spike,botted
SYN-0259,16,4438,58,0,2,flat_then_spike,botted
SYN-0259,18,7465,62,0,2,flat_then_spike,botted
SYN-0259,20,8262,65,0,2,flat_then_spike,botted
SYN-0259,22,8997,68,0,2,flat_then_spike,botted
SYN-0259,24,10000,71,0,2,flat_then_spike,botted
SYN-0250,0,0,0,0,0,vertical_spike_no_engagement,botted
SYN-0250,2,185,101,1,0,vertical_spike_no_engagement,botted
SYN-0250,4,545,189,1,0,vertical_spike_no_engagement,botted
SYN-0250,6,545,268,2,0,vertical_spike_no_engagement,botted
SYN-0250,8,545,337,2,1,vertical_spike_no_engagement,botted
SYN-0250,10,545,398,2,1,vertical_spike_no_engagement,botted
SYN-0250,12,545,452,3,1,vertical_spike_no_engagement,botted
SYN-0250,14,545,499,3,1,vertical_spike_no_engagement,botted
SYN-0250,16,545,541,3,1,vertical_spike_no_engagement,botted
SYN-0250,18,15222,578,3,1,vertical_spike_no_engagement,botted
SYN-0250,20,18778,611,4,1,vertical_spike_no_engagement,botted
SYN-0250,22,20315,640,4,1,vertical_spike_no_engagement,botted
SYN-0250,24,21820,665,4,1,vertical_spike_no_engagement,botted
SYN-0055,0,0,0,0,0,smooth_gradual,clean
SYN-0055,2,469,19,2,4,smooth_gradual,clean
SYN-0055,4,839,33,3,7,smooth_gradual,clean
SYN-0055,6,1176,47,4,11,smooth_gradual,clean
SYN-0055,8,1364,54,5,12,smooth_gradual,clean
SYN-0055,10,1570,62,5,14,smooth_gradual,clean
SYN-0055,12,1707,68,6,15,smooth_gradual,clean
SYN-0055,14,1787,71,6,16,smooth_gradual,clean
SYN-0055,16,1856,74,6,17,smooth_gradual,clean
SYN-0055,18,1900,75,7,17,smooth_gradual,clean
SYN-0055,20,1925,76,7,17,smooth_gradual,clean
SYN-0055,22,1965,78,7,18,smooth_gradual,clean
SYN-0055,24,2015,80,7,18,smooth_gradual,clean
SYN-0103,0,0,0,0,0,smooth_gradual,clean
SYN-0103,2,235,6,1,0,smooth_gradual,clean
SYN-0103,4,423,11,1,1,smooth_gradual,clean
SYN-0103,6,556,14,2,1,smooth_gradual,clean
SYN-0103,8,648,16,2,1,smooth_gradual,clean
SYN-0103,10,723,18,2,2,smooth_gradual,clean
SYN-0103,12,787,20,2,2,smooth_gradual,clean
SYN-0103,14,836,21,3,2,smooth_gradual,clean
SYN-0103,16,889,22,3,2,smooth_gradual,clean
SYN-0103,18,910,23,3,2,smooth_gradual,clean
SYN-0103,20,921,23,3,2,smooth_gradual,clean
SYN-0103,22,949,24,3,2,smooth_gradual,clean
SYN-0103,24,957,24,3,2,smooth_gradual,clean
SYN-0127,0,0,0,0,0,flat_then_spike,suspicious
SYN-0127,2,448,32,2,6,flat_then_spike,suspicious
SYN-0127,4,1441,61,3,11,flat_then_spike,suspicious
SYN-0127,6,1441,86,5,16,flat_then_spike,suspicious
SYN-0127,8,1441,108,6,20,flat_then_spike,suspicious
SYN-0127,10,1441,128,7,24,flat_then_spike,suspicious
SYN-0127,12,1441,145,8,27,flat_then_spike,suspicious
SYN-0127,14,1666,161,9,30,flat_then_spike,suspicious
SYN-0127,16,15920,174,10,33,flat_then_spike,suspicious
SYN-0127,18,26001,186,10,35,flat_then_spike,suspicious
SYN-0127,20,28324,197,11,37,flat_then_spike,suspicious
SYN-0127,22,32346,206,12,38,flat_then_spike,suspicious
SYN-0127,24,35086,214,12,40,flat_then_spike,suspicious
SYN-0019,0,0,0,0,0,normal_viral_smooth,clean
SYN-0019,2,13,1,0,0,normal_viral_smooth,clean
SYN-0019,4,133,11,1,1,normal_viral_smooth,clean
SYN-0019,6,297,24,2,2,normal_viral_smooth,clean
SYN-0019,8,567,45,4,4,normal_viral_smooth,clean
SYN-0019,10,869,69,5,7,normal_viral_smooth,clean
SYN-0019,12,1268,100,8,10,normal_viral_smooth,clean
SYN-0019,14,1696,134,11,13,normal_viral_smooth,clean
SYN-0019,16,1968,156,12,15,normal_viral_smooth,clean
SYN-0019,18,2182,173,14,16,normal_viral_smooth,clean
SYN-0019,20,2276,180,14,17,normal_viral_smooth,clean
SYN-0019,22,2348,186,15,18,normal_viral_smooth,clean
SYN-0019,24,2400,190,15,18,normal_viral_smooth,clean
SYN-0123,0,0,0,0,0,low_engagement_smooth,suspicious
SYN-0123,2,10033,109,0,15,low_engagement_smooth,suspicious
SYN-0123,4,21632,235,0,32,low_engagement_smooth,suspicious
SYN-0123,6,42218,459,1,62,low_engagement_smooth,suspicious
SYN-0123,8,76048,827,1,112,low_engagement_smooth,suspicious
SYN-0123,10,130700,1421,2,192,low_engagement_smooth,suspicious
SYN-0123,12,229241,2493,3,337,low_engagement_smooth,suspicious
SYN-0123,14,357214,3884,5,526,low_engagement_smooth,suspicious
SYN-0123,16,457376,4973,7,673,low_engagement_smooth,suspicious
SYN-0123,18,531187,5776,8,782,low_engagement_smooth,suspicious
SYN-0123,20,565225,6146,8,832,low_engagement_smooth,suspicious
SYN-0123,22,595081,6471,9,876,low_engagement_smooth,suspicious
SYN-0123,24,600000,6524,9,883,low_engagement_smooth,suspicious
SYN-0205,0,0,0,0,0,step_like_batches,botted
SYN-0205,2,28382,1253,0,1,step_like_batches,botted
SYN-0205,4,47405,2092,1,1,step_like_batches,botted
SYN-0205,6,47405,2092,1,1,step_like_batches,botted
SYN-0205,8,84320,3721,1,2,step_like_batches,botted
SYN-0205,10,84320,3721,1,2,step_like_batches,botted
SYN-0205,12,207707,9167,3,5,step_like_batches,botted
SYN-0205,14,207707,9167,3,5,step_like_batches,botted
SYN-0205,16,386608,17062,6,10,step_like_batches,botted
SYN-0205,18,389494,17190,6,10,step_like_batches,botted
SYN-0205,20,591175,26090,9,15,step_like_batches,botted
SYN-0205,22,612565,27034,9,15,step_like_batches,botted
SYN-0205,24,850000,37513,13,21,step_like_batches,botted
SYN-0101,0,0,0,0,0,smooth_gradual,clean
SYN-0101,2,72690,3118,403,43,smooth_gradual,clean
SYN-0101,4,131544,5643,728,78,smooth_gradual,clean
SYN-0101,6,171131,7341,948,101,smooth_gradual,clean
SYN-0101,8,207234,8889,1148,123,smooth_gradual,clean
SYN-0101,10,239558,10276,1327,142,smooth_gradual,clean
SYN-0101,12,255465,10958,1415,151,smooth_gradual,clean
SYN-0101,14,266911,11449,1478,158,smooth_gradual,clean
SYN-0101,16,282540,12120,1565,167,smooth_gradual,clean
SYN-0101,18,290108,12444,1607,172,smooth_gradual,clean
SYN-0101,20,298118,12788,1651,176,smooth_gradual,clean
SYN-0101,22,301943,12952,1672,179,smooth_gradual,clean
SYN-0101,24,306073,13129,1695,181,smooth_gradual,clean
SYN-0077,0,0,0,0,0,smooth_gradual,clean
SYN-0077,2,3974,111,4,14,smooth_gradual,clean
SYN-0077,4,7192,201,8,25,smooth_gradual,clean
SYN-0077,6,9495,265,10,33,smooth_gradual,clean
SYN-0077,8,11285,315,12,39,smooth_gradual,clean
SYN-0077,10,12373,346,13,43,smooth_gradual,clean
SYN-0077,12,13460,376,14,46,smooth_gradual,clean
SYN-0077,14,14468,404,15,50,smooth_gradual,clean
SYN-0077,16,15019,420,16,52,smooth_gradual,clean
SYN-0077,18,15448,432,16,53,smooth_gradual,clean
SYN-0077,20,15856,443,17,55,smooth_gradual,clean
SYN-0077,22,15921,445,17,55,smooth_gradual,clean
SYN-0077,24,16282,455,17,56,smooth_gradual,clean
SYN-0129,0,0,0,0,0,step_like_batches,suspicious
SYN-0129,2,1368,20,1,1,step_like_batches,suspicious
SYN-0129,4,2531,36,1,2,step_like_batches,suspicious
SYN-0129,6,2551,37,1,2,step_like_batches,suspicious
SYN-0129,8,4541,65,2,4,step_like_batches,suspicious
SYN-0129,10,4761,68,2,4,step_like_batches,suspicious
SYN-0129,12,11209,161,6,9,step_like_batches,suspicious
SYN-0129,14,12592,181,6,10,step_like_batches,suspicious
SYN-0129,16,22699,326,11,18,step_like_batches,suspicious
SYN-0129,18,22969,330,12,19,step_like_batches,suspicious
SYN-0129,20,34609,497,17,28,step_like_batches,suspicious
SYN-0129,22,36192,520,18,29,step_like_batches,suspicious
SYN-0129,24,49622,713,25,40,step_like_batches,suspicious
SYN-0059,0,0,0,0,0,normal_viral_smooth,clean
SYN-0059,2,289,28,1,2,normal_viral_smooth,clean
SYN-0059,4,1620,154,8,11,normal_viral_smooth,clean
SYN-0059,6,3772,359,19,26,normal_viral_smooth,clean
SYN-0059,8,6908,657,34,48,normal_viral_smooth,clean
SYN-0059,10,11266,1072,56,78,normal_viral_smooth,clean
SYN-0059,12,16296,1551,81,113,normal_viral_smooth,clean
SYN-0059,14,20986,1997,104,146,normal_viral_smooth,clean
SYN-0059,16,24269,2309,120,169,normal_viral_smooth,clean
SYN-0059,18,26674,2538,132,185,normal_viral_smooth,clean
SYN-0059,20,28695,2731,142,199,normal_viral_smooth,clean
SYN-0059,22,29088,2768,144,202,normal_viral_smooth,clean
SYN-0059,24,29666,2823,147,206,normal_viral_smooth,clean
SYN-0208,0,0,0,0,0,likes_freeze,botted
SYN-0208,2,568,160,1,9,likes_freeze,botted
SYN-0208,4,568,265,2,15,likes_freeze,botted
SYN-0208,6,568,305,2,18,likes_freeze,botted
SYN-0208,8,2343,305,2,18,likes_freeze,botted
SYN-0208,10,4270,305,2,18,likes_freeze,botted
SYN-0208,12,11159,305,2,18,likes_freeze,botted
SYN-0208,14,57352,305,2,18,likes_freeze,botted
SYN-0208,16,102426,305,2,18,likes_freeze,botted
SYN-0208,18,112440,305,2,18,likes_freeze,botted
SYN-0208,20,124708,305,2,18,likes_freeze,botted
SYN-0208,22,133201,305,2,18,likes_freeze,botted
SYN-0208,24,143027,469,3,27,likes_freeze,botted
SYN-0128,0,0,0,0,0,low_engagement_smooth,suspicious
SYN-0128,2,0,0,0,0,low_engagement_smooth,suspicious
SYN-0128,4,17822,439,0,1,low_engagement_smooth,suspicious
SYN-0128,6,40014,986,1,2,low_engagement_smooth,suspicious
SYN-0128,8,78431,1933,1,4,low_engagement_smooth,suspicious
SYN-0128,10,146170,3602,2,8,low_engagement_smooth,suspicious
SYN-0128,12,226507,5581,3,12,low_engagement_smooth,suspicious
SYN-0128,14,357483,8808,5,18,low_engagement_smooth,suspicious
SYN-0128,16,457573,11275,6,24,low_engagement_smooth,suspicious
SYN-0128,18,528272,13017,7,27,low_engagement_smooth,suspicious
SYN-0128,20,561182,13828,7,29,low_engagement_smooth,suspicious
SYN-0128,22,592915,14609,8,31,low_engagement_smooth,suspicious
SYN-0128,24,600000,14784,8,31,low_engagement_smooth,suspicious
SYN-0225,0,0,0,0,0,vertical_spike_no_engagement,botted
SYN-0225,2,48,265,0,2,vertical_spike_no_engagement,botted
SYN-0225,4,243,440,1,3,vertical_spike_no_engagement,botted
SYN-0225,6,243,506,1,4,vertical_spike_no_engagement,botted
SYN-0225,8,243,506,1,4,vertical_spike_no_engagement,botted
SYN-0225,10,243,506,1,4,vertical_spike_no_engagement,botted
SYN-0225,12,243,506,1,4,vertical_spike_no_engagement,botted
SYN-0225,14,243,506,1,4,vertical_spike_no_engagement,botted
SYN-0225,16,356,506,1,4,vertical_spike_no_engagement,botted
SYN-0225,18,6945,506,1,4,vertical_spike_no_engagement,botted
SYN-0225,20,8871,506,1,4,vertical_spike_no_engagement,botted
SYN-0225,22,9294,506,1,4,vertical_spike_no_engagement,botted
SYN-0225,24,10000,779,1,6,vertical_spike_no_engagement,botted
SYN-0221,0,0,0,0,0,likes_freeze,botted
SYN-0221,2,4952,238,28,62,likes_freeze,botted
SYN-0221,4,5582,395,46,102,likes_freeze,botted
SYN-0221,6,5582,454,53,118,likes_freeze,botted
SYN-0221,8,6325,454,53,118,likes_freeze,botted
SYN-0221,10,6342,454,53,118,likes_freeze,botted
SYN-0221,12,63411,454,53,118,likes_freeze,botted
SYN-0221,14,282763,454,53,118,likes_freeze,botted
SYN-0221,16,489438,454,53,118,likes_freeze,botted
SYN-0221,18,533440,454,53,118,likes_freeze,botted
SYN-0221,20,590797,454,53,118,likes_freeze,botted
SYN-0221,22,632774,454,53,118,likes_freeze,botted
SYN-0221,24,684806,698,82,181,likes_freeze,botted
SYN-0029,0,0,0,0,0,smooth_gradual,clean
SYN-0029,2,4199,335,37,53,smooth_gradual,clean
SYN-0029,4,7424,592,65,94,smooth_gradual,clean
SYN-0029,6,9971,796,87,127,smooth_gradual,clean
SYN-0029,8,11824,944,103,150,smooth_gradual,clean
SYN-0029,10,13160,1050,115,167,smooth_gradual,clean
SYN-0029,12,14526,1159,127,184,smooth_gradual,clean
SYN-0029,14,15543,1240,136,197,smooth_gradual,clean
SYN-0029,16,16008,1277,140,203,smooth_gradual,clean
SYN-0029,18,16760,1337,146,213,smooth_gradual,clean
SYN-0029,20,16780,1339,146,213,smooth_gradual,clean
SYN-0029,22,17419,1390,152,221,smooth_gradual,clean
SYN-0029,24,17419,1390,152,221,smooth_gradual,clean
SYN-0017,0,0,0,0,0,normal_viral_smooth,clean
SYN-0017,2,265,27,1,3,normal_viral_smooth,clean
SYN-0017,4,380,38,1,4,normal_viral_smooth,clean
SYN-0017,6,1204,121,3,12,normal_viral_smooth,clean
SYN-0017,8,2106,213,6,21,normal_viral_smooth,clean
SYN-0017,10,3342,337,9,34,normal_viral_smooth,clean
SYN-0017,12,4747,479,13,48,normal_viral_smooth,clean
SYN-0017,14,6184,624,17,62,normal_viral_smooth,clean
SYN-0017,16,7390,746,21,75,normal_viral_smooth,clean
SYN-0017,18,8080,816,23,81,normal_viral_smooth,clean
SYN-0017,20,8503,858,24,86,normal_viral_smooth,clean
SYN-0017,22,8756,884,25,88,normal_viral_smooth,clean
SYN-0017,24,8927,901,25,90,normal_viral_smooth,clean
SYN-0072,0,0,0,0,0,smooth_gradual,clean
SYN-0072,2,7442,506,22,24,smooth_gradual,clean
SYN-0072,4,13997,951,41,45,smooth_gradual,clean
SYN-0072,6,18381,1249,54,59,smooth_gradual,clean
SYN-0072,8,21586,1467,64,69,smooth_gradual,clean
SYN-0072,10,24075,1636,71,77,smooth_gradual,clean
SYN-0072,12,26403,1794,78,84,smooth_gradual,clean
SYN-0072,14,27787,1888,82,89,smooth_gradual,clean
SYN-0072,16,29061,1975,86,93,smooth_gradual,clean
SYN-0072,18,30708,2087,91,98,smooth_gradual,clean
SYN-0072,20,31064,2111,92,99,smooth_gradual,clean
SYN-0072,22,31282,2125,92,100,smooth_gradual,clean
SYN-0072,24,31893,2167,94,102,smooth_gradual,clean
SYN-0042,0,0,0,0,0,normal_viral_smooth,clean
SYN-0042,2,691,11,1,2,normal_viral_smooth,clean
SYN-0042,4,2026,33,2,5,normal_viral_smooth,clean
SYN-0042,6,3545,57,3,9,normal_viral_smooth,clean
SYN-0042,8,6810,110,6,17,normal_viral_smooth,clean
SYN-0042,10,11562,187,11,29,normal_viral_smooth,clean
SYN-0042,12,16954,274,16,43,normal_viral_smooth,clean
SYN-0042,14,22431,363,21,56,normal_viral_smooth,clean
SYN-0042,16,26176,423,24,66,normal_viral_smooth,clean
SYN-0042,18,29717,481,28,75,normal_viral_smooth,clean
SYN-0042,20,30605,495,28,77,normal_viral_smooth,clean
SYN-0042,22,31930,516,30,80,normal_viral_smooth,clean
SYN-0042,24,32279,522,30,81,normal_viral_smooth,clean
SYN-0295,0,0,0,0,0,step_like_batches,botted
SYN-0295,2,35590,7184,0,26,step_like_batches,botted
SYN-0295,4,44502,13524,0,50,step_like_batches,botted
SYN-0295,6,61991,19120,0,70,step_like_batches,botted
SYN-0295,8,77643,24057,0,89,step_like_batches,botted
SYN-0295,10,82690,28415,0,105,step_like_batches,botted
SYN-0295,12,184275,32260,0,119,step_like_batches,botted
SYN-0295,14,194105,35654,0,131,step_like_batches,botted
SYN-0295,16,381882,38649,0,142,step_like_batches,botted
SYN-0295,18,397794,41292,0,152,step_like_batches,botted
SYN-0295,20,587417,43624,0,161,step_like_batches,botted
SYN-0295,22,617926,45683,0,168,step_like_batches,botted
SYN-0295,24,850000,47499,0,175,step_like_batches,botted
SYN-0242,0,0,0,0,0,step_like_batches,botted
SYN-0242,2,312,11,0,1,step_like_batches,botted
SYN-0242,4,446,21,0,1,step_like_batches,botted
SYN-0242,6,578,29,0,2,step_like_batches,botted
SYN-0242,8,947,36,0,2,step_like_batches,botted
SYN-0242,10,1236,43,0,2,step_like_batches,botted
SYN-0242,12,2430,49,0,3,step_like_batches,botted
SYN-0242,14,2495,54,0,3,step_like_batches,botted
SYN-0242,16,4351,59,0,3,step_like_batches,botted
SYN-0242,18,4467,63,0,3,step_like_batches,botted
SYN-0242,20,6972,66,0,4,step_like_batches,botted
SYN-0242,22,7094,69,0,4,step_like_batches,botted
SYN-0242,24,10000,72,0,4,step_like_batches,botted
SYN-0079,0,0,0,0,0,smooth_gradual,clean
SYN-0079,2,2534,28,4,8,smooth_gradual,clean
SYN-0079,4,4447,50,8,15,smooth_gradual,clean
SYN-0079,6,5826,65,10,19,smooth_gradual,clean
SYN-0079,8,7140,80,13,24,smooth_gradual,clean
SYN-0079,10,7927,89,14,26,smooth_gradual,clean
SYN-0079,12,8647,97,15,29,smooth_gradual,clean
SYN-0079,14,9168,103,16,30,smooth_gradual,clean
SYN-0079,16,9287,104,16,31,smooth_gradual,clean
SYN-0079,18,9565,107,17,32,smooth_gradual,clean
SYN-0079,20,9799,110,17,33,smooth_gradual,clean
SYN-0079,22,10065,113,18,33,smooth_gradual,clean
SYN-0079,24,10238,115,18,34,smooth_gradual,clean
SYN-0016,0,0,0,0,0,normal_viral_smooth,clean
SYN-0016,2,2158,130,20,6,normal_viral_smooth,clean
SYN-0016,4,5903,356,53,17,normal_viral_smooth,clean
SYN-0016,6,11474,693,104,34,normal_viral_smooth,clean
SYN-0016,8,20998,1267,190,61,normal_viral_smooth,clean
SYN-0016,10,32472,1960,294,95,normal_viral_smooth,clean
SYN-0016,12,48069,2901,435,140,normal_viral_smooth,clean
SYN-0016,14,63467,3831,574,185,normal_viral_smooth,clean
SYN-0016,16,74815,4516,676,218,normal_viral_smooth,clean
SYN-0016,18,80758,4874,730,236,normal_viral_smooth,clean
SYN-0016,20,85420,5156,772,249,normal_viral_smooth,clean
SYN-0016,22,89000,5372,805,260,normal_viral_smooth,clean
SYN-0016,24,89053,5375,805,260,normal_viral_smooth,clean
SYN-0152,0,0,0,0,0,low_engagement_smooth,suspicious
SYN-0152,2,0,8,1,0,low_engagement_smooth,suspicious
SYN-0152,4,200,15,1,0,low_engagement_smooth,suspicious
SYN-0152,6,459,21,2,0,low_engagement_smooth,suspicious
SYN-0152,8,1317,26,3,0,low_engagement_smooth,suspicious
SYN-0152,10,2235,31,3,0,low_engagement_smooth,suspicious
SYN-0152,12,4043,35,3,0,low_engagement_smooth,suspicious
SYN-0152,14,5904,39,4,0,low_engagement_smooth,suspicious
SYN-0152,16,7668,42,4,0,low_engagement_smooth,suspicious
SYN-0152,18,8650,45,4,0,low_engagement_smooth,suspicious
SYN-0152,20,9501,48,5,0,low_engagement_smooth,suspicious
SYN-0152,22,9888,50,5,0,low_engagement_smooth,suspicious
SYN-0152,24,10000,52,5,0,low_engagement_smooth,suspicious
SYN-0224,0,0,0,0,0,step_like_batches,botted
SYN-0224,2,728,471,1,3,step_like_batches,botted
SYN-0224,4,1388,781,2,5,step_like_batches,botted
SYN-0224,6,1537,898,3,5,step_like_batches,botted
SYN-0224,8,3074,898,3,5,step_like_batches,botted
SYN-0224,10,3662,898,3,5,step_like_batches,botted
SYN-0224,12,7455,898,3,5,step_like_batches,botted
SYN-0224,14,8181,898,3,5,step_like_batches,botted
SYN-0224,16,14890,898,3,5,step_like_batches,botted
SYN-0224,18,15419,898,3,5,step_like_batches,botted
SYN-0224,20,23600,898,3,5,step_like_batches,botted
SYN-0224,22,24803,898,3,5,step_like_batches,botted
SYN-0224,24,34134,1382,4,8,step_like_batches,botted
SYN-0026,0,0,0,0,0,smooth_gradual,clean
SYN-0026,2,2235,221,2,4,smooth_gradual,clean
SYN-0026,4,3947,390,3,7,smooth_gradual,clean
SYN-0026,6,5146,509,4,9,smooth_gradual,clean
SYN-0026,8,6198,613,5,11,smooth_gradual,clean
SYN-0026,10,6950,687,5,12,smooth_gradual,clean
SYN-0026,12,7774,768,6,14,smooth_gradual,clean
SYN-0026,14,8080,798,6,14,smooth_gradual,clean
SYN-0026,16,8505,841,6,15,smooth_gradual,clean
SYN-0026,18,8758,866,7,15,smooth_gradual,clean
SYN-0026,20,8998,889,7,16,smooth_gradual,clean
SYN-0026,22,9156,905,7,16,smooth_gradual,clean
SYN-0026,24,9178,907,7,16,smooth_gradual,clean
SYN-0180,0,0,0,0,0,flat_then_spike,suspicious
SYN-0180,2,181,14,0,1,flat_then_spike,suspicious
SYN-0180,4,181,26,1,1,flat_then_spike,suspicious
SYN-0180,6,265,37,1,2,flat_then_spike,suspicious
SYN-0180,8,265,47,2,3,flat_then_spike,suspicious
SYN-0180,10,368,55,2,3,flat_then_spike,suspicious
SYN-0180,12,368,62,2,3,flat_then_spike,suspicious
SYN-0180,14,436,69,2,4,flat_then_spike,suspicious
SYN-0180,16,4540,75,2,4,flat_then_spike,suspicious
SYN-0180,18,7180,80,3,4,flat_then_spike,suspicious
SYN-0180,20,8271,84,3,5,flat_then_spike,suspicious
SYN-0180,22,8957,88,3,5,flat_then_spike,suspicious
SYN-0180,24,10000,92,3,5,flat_then_spike,suspicious
SYN-0179,0,0,0,0,0,late_like_spike,suspicious
SYN-0179,2,6970,6,1,4,late_like_spike,suspicious
SYN-0179,4,12410,7,1,5,late_like_spike,suspicious
SYN-0179,6,17155,7,1,5,late_like_spike,suspicious
SYN-0179,8,21172,8,1,5,late_like_spike,suspicious
SYN-0179,10,24830,8,1,6,late_like_spike,suspicious
SYN-0179,12,26590,9,1,6,late_like_spike,suspicious
SYN-0179,14,29669,9,1,6,late_like_spike,suspicious
SYN-0179,16,30732,10,1,7,late_like_spike,suspicious
SYN-0179,18,33042,14,2,10,late_like_spike,suspicious
SYN-0179,20,34318,29,4,21,late_like_spike,suspicious
SYN-0179,22,34736,43,6,31,late_like_spike,suspicious
SYN-0179,24,36081,58,8,41,late_like_spike,suspicious
SYN-0135,0,0,0,0,0,late_like_spike,suspicious
SYN-0135,2,1834,21,0,2,late_like_spike,suspicious
SYN-0135,4,3600,39,1,4,late_like_spike,suspicious
SYN-0135,6,4763,55,1,5,late_like_spike,suspicious
SYN-0135,8,5809,69,2,7,late_like_spike,suspicious
SYN-0135,10,6895,81,2,8,late_like_spike,suspicious
SYN-0135,12,7613,92,2,9,late_like_spike,suspicious
SYN-0135,14,8105,102,2,10,late_like_spike,suspicious
SYN-0135,16,8715,111,2,11,late_like_spike,suspicious
SYN-0135,18,9017,118,3,11,late_like_spike,suspicious
SYN-0135,20,9334,125,3,12,late_like_spike,suspicious
SYN-0135,22,9688,131,3,13,late_like_spike,suspicious
SYN-0135,24,10000,136,3,13,late_like_spike,suspicious
SYN-0278,0,0,0,0,0,flat_then_spike,botted
SYN-0278,2,25775,7280,1,29,flat_then_spike,botted
SYN-0278,4,29798,13704,2,54,flat_then_spike,botted
SYN-0278,6,29798,19374,3,77,flat_then_spike,botted
SYN-0278,8,29798,24377,4,97,flat_then_spike,botted
SYN-0278,10,33551,28793,4,114,flat_then_spike,botted
SYN-0278,12,41091,32690,5,130,flat_then_spike,botted
SYN-0278,14,48251,36128,5,143,flat_then_spike,botted
SYN-0278,16,335461,39163,6,155,flat_then_spike,botted
SYN-0278,18,561980,41841,6,166,flat_then_spike,botted
SYN-0278,20,617981,44205,6,175,flat_then_spike,botted
SYN-0278,22,701139,46290,7,184,flat_then_spike,botted
SYN-0278,24,763571,48131,7,191,flat_then_spike,botted
SYN-0223,0,0,0,0,0,step_like_batches,botted
SYN-0223,2,904,23,1,2,step_like_batches,botted
SYN-0223,4,1713,43,1,3,step_like_batches,botted
SYN-0223,6,2683,61,2,4,step_like_batches,botted
SYN-0223,8,3949,77,2,6,step_like_batches,botted
SYN-0223,10,4209,91,2,7,step_like_batches,botted
SYN-0223,12,9023,103,3,7,step_like_batches,botted
SYN-0223,14,10026,114,3,8,step_like_batches,botted
SYN-0223,16,18277,124,3,9,step_like_batches,botted
SYN-0223,18,18297,132,3,10,step_like_batches,botted
SYN-0223,20,29048,140,4,10,step_like_batches,botted
SYN-0223,22,29314,146,4,11,step_like_batches,botted
SYN-0223,24,40724,152,4,11,step_like_batches,botted
SYN-0192,0,0,0,0,0,low_engagement_smooth,suspicious
SYN-0192,2,138,7,0,1,low_engagement_smooth,suspicious
SYN-0192,4,182,14,0,3,low_engagement_smooth,suspicious
SYN-0192,6,492,19,0,4,low_engagement_smooth,suspicious
SYN-0192,8,1283,24,0,5,low_engagement_smooth,suspicious
SYN-0192,10,2175,29,0,5,low_engagement_smooth,suspicious
SYN-0192,12,4040,33,0,6,low_engagement_smooth,suspicious
SYN-0192,14,5922,36,0,7,low_engagement_smooth,suspicious
SYN-0192,16,7445,39,0,7,low_engagement_smooth,suspicious
SYN-0192,18,8706,42,0,8,low_engagement_smooth,suspicious
SYN-0192,20,9535,44,0,8,low_engagement_smooth,suspicious
SYN-0192,22,9856,46,0,9,low_engagement_smooth,suspicious
SYN-0192,24,10000,48,0,9,low_engagement_smooth,suspicious
SYN-0255,0,0,0,0,0,step_like_batches,botted
SYN-0255,2,5067,18,1,4,step_like_batches,botted
SYN-0255,4,8576,34,1,8,step_like_batches,botted
SYN-0255,6,10096,48,2,12,step_like_batches,botted
SYN-0255,8,12566,60,2,15,step_like_batches,botted
SYN-0255,10,15630,71,2,17,step_like_batches,botted
SYN-0255,12,31862,81,3,20,step_like_batches,botted
SYN-0255,14,32132,89,3,22,step_like_batches,botted
SYN-0255,16,63898,97,3,24,step_like_batches,botted
SYN-0255,18,64851,103,3,25,step_like_batches,botted
SYN-0255,20,99125,109,4,27,step_like_batches,botted
SYN-0255,22,99867,114,4,28,step_like_batches,botted
SYN-0255,24,139340,119,4,29,step_like_batches,botted
SYN-0142,0,0,0,0,0,late_like_spike,suspicious
SYN-0142,2,26036,73,10,11,late_like_spike,suspicious
SYN-0142,4,46200,79,11,12,late_like_spike,suspicious
SYN-0142,6,65392,85,12,13,late_like_spike,suspicious
SYN-0142,8,81498,90,12,14,late_like_spike,suspicious
SYN-0142,10,93990,96,13,15,late_like_spike,suspicious
SYN-0142,12,104643,102,14,16,late_like_spike,suspicious
SYN-0142,14,112925,107,15,17,late_like_spike,suspicious
SYN-0142,16,118050,113,16,18,late_like_spike,suspicious
SYN-0142,18,124116,169,23,26,late_like_spike,suspicious
SYN-0142,20,131407,339,47,53,late_like_spike,suspicious
SYN-0142,22,132993,508,70,79,late_like_spike,suspicious
SYN-0142,24,138536,677,93,105,late_like_spike,suspicious
SYN-0067,0,0,0,0,0,smooth_gradual,clean
SYN-0067,2,5137,260,17,18,smooth_gradual,clean
SYN-0067,4,9043,458,31,32,smooth_gradual,clean
SYN-0067,6,11667,591,39,42,smooth_gradual,clean
SYN-0067,8,14452,732,49,52,smooth_gradual,clean
SYN-0067,10,16139,818,54,58,smooth_gradual,clean
SYN-0067,12,17008,862,57,61,smooth_gradual,clean
SYN-0067,14,18324,929,62,65,smooth_gradual,clean
SYN-0067,16,19347,980,65,69,smooth_gradual,clean
SYN-0067,18,19731,1000,67,70,smooth_gradual,clean
SYN-0067,20,20346,1031,69,73,smooth_gradual,clean
SYN-0067,22,20739,1051,70,74,smooth_gradual,clean
SYN-0067,24,20739,1051,70,74,smooth_gradual,clean
SYN-0097,0,0,0,0,0,smooth_gradual,clean
SYN-0097,2,11172,215,17,6,smooth_gradual,clean
SYN-0097,4,20487,395,32,10,smooth_gradual,clean
SYN-0097,6,26559,512,42,13,smooth_gradual,clean
SYN-0097,8,32502,626,51,16,smooth_gradual,clean
SYN-0097,10,36691,707,57,19,smooth_gradual,clean
SYN-0097,12,39853,768,62,20,smooth_gradual,clean
SYN-0097,14,41124,792,64,21,smooth_gradual,clean
SYN-0097,16,44012,848,69,22,smooth_gradual,clean
SYN-0097,18,45361,874,71,23,smooth_gradual,clean
SYN-0097,20,46460,895,73,24,smooth_gradual,clean
SYN-0097,22,46460,895,73,24,smooth_gradual,clean
SYN-0097,24,47277,911,74,24,smooth_gradual,clean
SYN-0069,0,0,0,0,0,normal_viral_smooth,clean
SYN-0069,2,929,103,2,1,normal_viral_smooth,clean
SYN-0069,4,6031,669,13,9,normal_viral_smooth,clean
SYN-0069,6,14922,1655,31,22,normal_viral_smooth,clean
SYN-0069,8,24072,2670,50,35,normal_viral_smooth,clean
SYN-0069,10,41481,4601,87,61,normal_viral_smooth,clean
SYN-0069,12,60627,6725,127,89,normal_viral_smooth,clean
SYN-0069,14,81130,9000,170,119,normal_viral_smooth,clean
SYN-0069,16,95700,10616,201,140,normal_viral_smooth,clean
SYN-0069,18,106038,11763,222,155,normal_viral_smooth,clean
SYN-0069,20,108978,12089,228,159,normal_viral_smooth,clean
SYN-0069,22,112285,12456,235,164,normal_viral_smooth,clean
SYN-0069,24,115470,12809,242,169,normal_viral_smooth,clean
SYN-0094,0,0,0,0,0,smooth_gradual,clean
SYN-0094,2,35749,4436,171,141,smooth_gradual,clean
SYN-0094,4,62188,7716,298,244,smooth_gradual,clean
SYN-0094,6,79977,9924,384,314,smooth_gradual,clean
SYN-0094,8,97724,12126,469,384,smooth_gradual,clean
SYN-0094,10,108782,13498,522,428,smooth_gradual,clean
SYN-0094,12,116978,14515,561,460,smooth_gradual,clean
SYN-0094,14,123713,15351,593,486,smooth_gradual,clean
SYN-0094,16,131436,16309,630,517,smooth_gradual,clean
SYN-0094,18,133323,16543,639,524,smooth_gradual,clean
SYN-0094,20,136139,16893,653,535,smooth_gradual,clean
SYN-0094,22,138271,17157,663,544,smooth_gradual,clean
SYN-0094,24,141180,17518,677,555,smooth_gradual,clean
SYN-0051,0,0,0,0,0,smooth_gradual,clean
SYN-0051,2,677,51,7,2,smooth_gradual,clean
SYN-0051,4,1196,90,12,3,smooth_gradual,clean
SYN-0051,6,1591,120,16,5,smooth_gradual,clean
SYN-0051,8,1904,144,19,5,smooth_gradual,clean
SYN-0051,10,2144,162,22,6,smooth_gradual,clean
SYN-0051,12,2320,175,23,7,smooth_gradual,clean
SYN-0051,14,2405,181,24,7,smooth_gradual,clean
SYN-0051,16,2566,193,26,7,smooth_gradual,clean
SYN-0051,18,2637,199,27,8,smooth_gradual,clean
SYN-0051,20,2653,200,27,8,smooth_gradual,clean
SYN-0051,22,2770,209,28,8,smooth_gradual,clean
SYN-0051,24,2773,209,28,8,smooth_gradual,clean
SYN-0070,0,0,0,0,0,smooth_gradual,clean
SYN-0070,2,144658,16329,1035,1288,smooth_gradual,clean
SYN-0070,4,250516,28278,1793,2231,smooth_gradual,clean
SYN-0070,6,325985,36796,2333,2903,smooth_gradual,clean
SYN-0070,8,401384,45307,2872,3575,smooth_gradual,clean
SYN-0070,10,446856,50440,3197,3980,smooth_gradual,clean
SYN-0070,12,481898,54396,3448,4292,smooth_gradual,clean
SYN-0070,14,513462,57958,3674,4573,smooth_gradual,clean
SYN-0070,16,534045,60282,3821,4756,smooth_gradual,clean
SYN-0070,18,537616,60685,3847,4788,smooth_gradual,clean
SYN-0070,20,551033,62199,3943,4907,smooth_gradual,clean
SYN-0070,22,561150,63341,4015,4998,smooth_gradual,clean
SYN-0070,24,574675,64868,4112,5118,smooth_gradual,clean
SYN-0121,0,0,0,0,0,low_engagement_smooth,suspicious
SYN-0121,2,1234,9,0,1,low_engagement_smooth,suspicious
SYN-0121,4,3440,24,1,2,low_engagement_smooth,suspicious
SYN-0121,6,8499,59,3,6,low_engagement_smooth,suspicious
SYN-0121,8,16645,116,7,11,low_engagement_smooth,suspicious
SYN-0121,10,31231,218,13,21,low_engagement_smooth,suspicious
SYN-0121,12,52041,363,21,35,low_engagement_smooth,suspicious
SYN-0121,14,76519,534,31,51,low_engagement_smooth,suspicious
SYN-0121,16,95152,663,38,63,low_engagement_smooth,suspicious
SYN-0121,18,111932,780,45,75,low_engagement_smooth,suspicious
SYN-0121,20,123050,858,50,82,low_engagement_smooth,suspicious
SYN-0121,22,125854,878,51,84,low_engagement_smooth,suspicious
SYN-0121,24,128929,899,52,86,low_engagement_smooth,suspicious
SYN-0215,0,0,0,0,0,vertical_spike_no_engagement,botted
SYN-0215,2,196,15,0,1,vertical_spike_no_engagement,botted
SYN-0215,4,196,24,0,2,vertical_spike_no_engagement,botted
SYN-0215,6,266,28,0,3,vertical_spike_no_engagement,botted
SYN-0215,8,266,28,0,3,vertical_spike_no_engagement,botted
SYN-0215,10,266,28,0,3,vertical_spike_no_engagement,botted
SYN-0215,12,266,28,0,3,vertical_spike_no_engagement,botted
SYN-0215,14,342,28,0,3,vertical_spike_no_engagement,botted
SYN-0215,16,342,28,0,3,vertical_spike_no_engagement,botted
SYN-0215,18,7038,28,0,3,vertical_spike_no_engagement,botted
SYN-0215,20,8740,28,0,3,vertical_spike_no_engagement,botted
SYN-0215,22,9344,28,0,3,vertical_spike_no_engagement,botted
SYN-0215,24,10000,43,0,4,vertical_spike_no_engagement,botted
SYN-0176,0,0,0,0,0,low_engagement_smooth,suspicious
SYN-0176,2,116,22,1,0,low_engagement_smooth,suspicious
SYN-0176,4,335,41,1,0,low_engagement_smooth,suspicious
SYN-0176,6,658,58,2,0,low_engagement_smooth,suspicious
SYN-0176,8,1233,73,2,0,low_engagement_smooth,suspicious
SYN-0176,10,2618,87,2,0,low_engagement_smooth,suspicious
SYN-0176,12,4299,98,3,0,low_engagement_smooth,suspicious
SYN-0176,14,6278,109,3,0,low_engagement_smooth,suspicious
SYN-0176,16,7980,118,3,0,low_engagement_smooth,suspicious
SYN-0176,18,9292,126,3,0,low_engagement_smooth,suspicious
SYN-0176,20,10169,133,4,0,low_engagement_smooth,suspicious
SYN-0176,22,10681,139,4,0,low_engagement_smooth,suspicious
SYN-0176,24,10829,145,4,0,low_engagement_smooth,suspicious
SYN-0254,0,0,0,0,0,step_like_batches,botted
SYN-0254,2,229,8,0,0,step_like_batches,botted
SYN-0254,4,785,15,0,1,step_like_batches,botted
SYN-0254,6,785,21,0,1,step_like_batches,botted
SYN-0254,8,1214,26,0,1,step_like_batches,botted
SYN-0254,10,1428,31,0,1,step_like_batches,botted
SYN-0254,12,2865,35,0,1,step_like_batches,botted
SYN-0254,14,2884,38,0,2,step_like_batches,botted
SYN-0254,16,5496,41,0,2,step_like_batches,botted
SYN-0254,18,5564,44,0,2,step_like_batches,botted
SYN-0254,20,8312,47,0,2,step_like_batches,botted
SYN-0254,22,8615,49,0,2,step_like_batches,botted
SYN-0254,24,12130,51,0,2,step_like_batches,botted
SYN-0006,0,0,0,0,0,normal_viral_smooth,clean
SYN-0006,2,140,8,1,1,normal_viral_smooth,clean
SYN-0006,4,403,24,2,2,normal_viral_smooth,clean
SYN-0006,6,741,44,4,5,normal_viral_smooth,clean
SYN-0006,8,1356,80,6,8,normal_viral_smooth,clean
SYN-0006,10,2227,131,11,14,normal_viral_smooth,clean
SYN-0006,12,3326,196,16,20,normal_viral_smooth,clean
SYN-0006,14,4198,247,20,26,normal_viral_smooth,clean
SYN-0006,16,4945,291,24,30,normal_viral_smooth,clean
SYN-0006,18,5519,325,26,34,normal_viral_smooth,clean
SYN-0006,20,5771,340,28,35,normal_viral_smooth,clean
SYN-0006,22,5930,349,28,36,normal_viral_smooth,clean
SYN-0006,24,6084,358,29,37,normal_viral_smooth,clean
SYN-0252,0,0,0,0,0,vertical_spike_no_engagement,botted
SYN-0252,2,5,57,6,16,vertical_spike_no_engagement,botted
SYN-0252,4,2448,94,10,27,vertical_spike_no_engagement,botted
SYN-0252,6,2448,108,12,31,vertical_spike_no_engagement,botted
SYN-0252,8,2448,108,12,31,vertical_spike_no_engagement,botted
SYN-0252,10,2448,108,12,31,vertical_spike_no_engagement,botted
SYN-0252,12,3291,108,12,31,vertical_spike_no_engagement,botted
SYN-0252,14,4390,108,12,31,vertical_spike_no_engagement,botted
SYN-0252,16,4390,108,12,31,vertical_spike_no_engagement,botted
SYN-0252,18,88366,108,12,31,vertical_spike_no_engagement,botted
SYN-0252,20,110435,108,12,31,vertical_spike_no_engagement,botted
SYN-0252,22,117763,108,12,31,vertical_spike_no_engagement,botted
SYN-0252,24,125648,166,18,47,vertical_spike_no_engagement,botted
SYN-0156,0,0,0,0,0,late_like_spike,suspicious
SYN-0156,2,115415,1410,0,132,late_like_spike,suspicious
SYN-0156,4,200703,2654,1,248,late_like_spike,suspicious
SYN-0156,6,276956,3752,1,350,late_like_spike,suspicious
SYN-0156,8,345389,4720,1,441,late_like_spike,suspicious
SYN-0156,10,399563,5575,1,520,late_like_spike,suspicious
SYN-0156,12,447744,6330,1,591,late_like_spike,suspicious
SYN-0156,14,486513,6996,2,653,late_like_spike,suspicious
SYN-0156,16,526275,7583,2,708,late_like_spike,suspicious
SYN-0156,18,541617,8102,2,756,late_like_spike,suspicious
SYN-0156,20,572131,8560,2,799,late_like_spike,suspicious
SYN-0156,22,585924,8964,2,837,late_like_spike,suspicious
SYN-0156,24,600000,9320,2,870,late_like_spike,suspicious
SYN-0207,0,0,0,0,0,vertical_spike_no_engagement,botted
SYN-0207,2,0,4,0,0,vertical_spike_no_engagement,botted
SYN-0207,4,198,8,0,1,vertical_spike_no_engagement,botted
SYN-0207,6,299,12,0,1,vertical_spike_no_engagement,botted
SYN-0207,8,299,15,0,1,vertical_spike_no_engagement,botted
SYN-0207,10,299,17,0,1,vertical_spike_no_engagement,botted
SYN-0207,12,299,20,0,1,vertical_spike_no_engagement,botted
SYN-0207,14,340,22,0,2,vertical_spike_no_engagement,botted
SYN-0207,16,340,24,0,2,vertical_spike_no_engagement,botted
SYN-0207,18,6908,25,0,2,vertical_spike_no_engagement,botted
SYN-0207,20,8639,27,0,2,vertical_spike_no_engagement,botted
SYN-0207,22,9507,28,0,2,vertical_spike_no_engagement,botted
SYN-0207,24,10000,29,0,2,vertical_spike_no_engagement,botted
SYN-0201,0,0,0,0,0,step_like_batches,suspicious
SYN-0201,2,2501,161,0,17,step_like_batches,suspicious
SYN-0201,4,5902,304,0,32,step_like_batches,suspicious
SYN-0201,6,5902,429,0,46,step_like_batches,suspicious
SYN-0201,8,10308,540,0,58,step_like_batches,suspicious
SYN-0201,10,10308,638,0,68,step_like_batches,suspicious
SYN-0201,12,20431,725,0,77,step_like_batches,suspicious
SYN-0201,14,22132,801,0,86,step_like_batches,suspicious
SYN-0201,16,41375,868,0,93,step_like_batches,suspicious
SYN-0201,18,43065,928,0,99,step_like_batches,suspicious
SYN-0201,20,63450,980,0,105,step_like_batches,suspicious
SYN-0201,22,66883,1026,0,110,step_like_batches,suspicious
SYN-0201,24,92092,1067,0,114,step_like_batches,suspicious
SYN-0211,0,0,0,0,0,vertical_spike_no_engagement,botted
SYN-0211,2,3405,2505,5,11,vertical_spike_no_engagement,botted
SYN-0211,4,4777,4716,9,20,vertical_spike_no_engagement,botted
SYN-0211,6,4777,6667,12,29,vertical_spike_no_engagement,botted
SYN-0211,8,4777,8389,15,36,vertical_spike_no_engagement,botted
SYN-0211,10,5180,9909,18,42,vertical_spike_no_engagement,botted
SYN-0211,12,5180,11250,20,48,vertical_spike_no_engagement,botted
SYN-0211,14,7403,12433,23,53,vertical_spike_no_engagement,botted
SYN-0211,16,7403,13478,24,58,vertical_spike_no_engagement,botted
SYN-0211,18,142935,14399,26,62,vertical_spike_no_engagement,botted
SYN-0211,20,184893,15213,28,65,vertical_spike_no_engagement,botted
SYN-0211,22,196019,15931,29,68,vertical_spike_no_engagement,botted
SYN-0211,24,208276,16564,30,71,vertical_spike_no_engagement,botted
SYN-0060,0,0,0,0,0,smooth_gradual,clean
SYN-0060,2,69,5,1,0,smooth_gradual,clean
SYN-0060,4,118,9,1,1,smooth_gradual,clean
SYN-0060,6,159,12,2,1,smooth_gradual,clean
SYN-0060,8,190,15,2,1,smooth_gradual,clean
SYN-0060,10,216,17,2,2,smooth_gradual,clean
SYN-0060,12,233,18,2,2,smooth_gradual,clean
SYN-0060,14,246,19,3,2,smooth_gradual,clean
SYN-0060,16,260,20,3,2,smooth_gradual,clean
SYN-0060,18,271,21,3,2,smooth_gradual,clean
SYN-0060,20,274,21,3,2,smooth_gradual,clean
SYN-0060,22,281,22,3,2,smooth_gradual,clean
SYN-0060,24,283,22,3,2,smooth_gradual,clean
SYN-0058,0,0,0,0,0,smooth_gradual,clean
SYN-0058,2,133,6,0,0,smooth_gradual,clean
SYN-0058,4,244,11,0,1,smooth_gradual,clean
SYN-0058,6,327,15,1,1,smooth_gradual,clean
SYN-0058,8,393,18,1,1,smooth_gradual,clean
SYN-0058,10,441,20,1,2,smooth_gradual,clean
SYN-0058,12,475,22,1,2,smooth_gradual,clean
SYN-0058,14,501,23,1,2,smooth_gradual,clean
SYN-0058,16,534,24,1,2,smooth_gradual,clean
SYN-0058,18,537,24,1,2,smooth_gradual,clean
SYN-0058,20,549,25,1,2,smooth_gradual,clean
SYN-0058,22,569,26,1,2,smooth_gradual,clean
SYN-0058,24,572,26,1,2,smooth_gradual,clean
SYN-0131,0,0,0,0,0,late_like_spike,suspicious
SYN-0131,2,1778,45,2,2,late_like_spike,suspicious
SYN-0131,4,3375,75,3,3,late_like_spike,suspicious
SYN-0131,6,4765,86,3,3,late_like_spike,suspicious
SYN-0131,8,5984,86,3,3,late_like_spike,suspicious
SYN-0131,10,6636,86,3,3,late_like_spike,suspicious
SYN-0131,12,7414,86,3,3,late_like_spike,suspicious
SYN-0131,14,8077,86,3,3,late_like_spike,suspicious
SYN-0131,16,8735,86,3,3,late_like_spike,suspicious
SYN-0131,18,9105,86,3,3,late_like_spike,suspicious
SYN-0131,20,9537,86,3,3,late_like_spike,suspicious
SYN-0131,22,9896,86,3,3,late_like_spike,suspicious
SYN-0131,24,10000,132,5,5,late_like_spike,suspicious
SYN-0133,0,0,0,0,0,late_like_spike,suspicious
SYN-0133,2,18451,125,4,1,late_like_spike,suspicious
SYN-0133,4,32926,135,4,1,late_like_spike,suspicious
SYN-0133,6,46000,145,5,1,late_like_spike,suspicious
SYN-0133,8,55614,154,5,1,late_like_spike,suspicious
SYN-0133,10,66154,164,5,1,late_like_spike,suspicious
SYN-0133,12,71685,174,6,2,late_like_spike,suspicious
SYN-0133,14,78307,183,6,2,late_like_spike,suspicious
SYN-0133,16,82479,193,6,2,late_like_spike,suspicious
SYN-0133,18,87161,289,10,2,late_like_spike,suspicious
SYN-0133,20,91948,579,19,5,late_like_spike,suspicious
SYN-0133,22,94529,868,28,7,late_like_spike,suspicious
SYN-0133,24,96372,1157,38,10,late_like_spike,suspicious
SYN-0035,0,0,0,0,0,smooth_gradual,clean
SYN-0035,2,25423,191,44,110,smooth_gradual,clean
SYN-0035,4,45412,342,78,196,smooth_gradual,clean
SYN-0035,6,62296,469,107,269,smooth_gradual,clean
SYN-0035,8,73986,557,127,320,smooth_gradual,clean
SYN-0035,10,83505,629,143,361,smooth_gradual,clean
SYN-0035,12,90371,681,155,390,smooth_gradual,clean
SYN-0035,14,93690,706,161,405,smooth_gradual,clean
SYN-0035,16,97658,736,167,422,smooth_gradual,clean
SYN-0035,18,100697,758,173,435,smooth_gradual,clean
SYN-0035,20,103601,780,178,447,smooth_gradual,clean
SYN-0035,22,105324,793,181,455,smooth_gradual,clean
SYN-0035,24,106750,804,183,461,smooth_gradual,clean
SYN-0149,0,0,0,0,0,flat_then_spike,suspicious
SYN-0149,2,20021,1963,30,49,flat_then_spike,suspicious
SYN-0149,4,20021,3696,56,91,flat_then_spike,suspicious
SYN-0149,6,20021,5224,79,129,flat_then_spike,suspicious
SYN-0149,8,27168,6574,99,163,flat_then_spike,suspicious
SYN-0149,10,27168,7764,117,192,flat_then_spike,suspicious
SYN-0149,12,29118,8815,133,218,flat_then_spike,suspicious
SYN-0149,14,29118,9742,147,241,flat_then_spike,suspicious
SYN-0149,16,271785,10561,159,261,flat_then_spike,suspicious
SYN-0149,18,433058,11283,170,279,flat_then_spike,suspicious
SYN-0149,20,499096,11920,180,295,flat_then_spike,suspicious
SYN-0149,22,537920,12483,189,309,flat_then_spike,suspicious
SYN-0149,24,600000,12979,196,321,flat_then_spike,suspicious
SYN-0138,0,0,0,0,0,low_engagement_smooth,suspicious
SYN-0138,2,5709,140,0,6,low_engagement_smooth,suspicious
SYN-0138,4,16916,415,1,19,low_engagement_smooth,suspicious
SYN-0138,6,25414,624,2,28,low_engagement_smooth,suspicious
SYN-0138,8,74207,1821,5,83,low_engagement_smooth,suspicious
SYN-0138,10,131741,3233,10,147,low_engagement_smooth,suspicious
SYN-0138,12,228824,5616,17,256,low_engagement_smooth,suspicious
SYN-0138,14,356299,8744,26,398,low_engagement_smooth,suspicious
SYN-0138,16,442469,10859,32,494,low_engagement_smooth,suspicious
SYN-0138,18,523861,12856,38,585,low_engagement_smooth,suspicious
SYN-0138,20,565642,13882,41,632,low_engagement_smooth,suspicious
SYN-0138,22,580466,14246,43,648,low_engagement_smooth,suspicious
SYN-0138,24,600000,14725,44,670,low_engagement_smooth,suspicious
SYN-0027,0,0,0,0,0,smooth_gradual,clean
SYN-0027,2,88714,6146,199,976,smooth_gradual,clean
SYN-0027,4,146647,10160,328,1614,smooth_gradual,clean
SYN-0027,6,193232,13387,433,2127,smooth_gradual,clean
SYN-0027,8,237392,16447,531,2613,smooth_gradual,clean
SYN-0027,10,264098,18297,591,2907,smooth_gradual,clean
SYN-0027,12,284789,19731,638,3134,smooth_gradual,clean
SYN-0027,14,302293,20943,677,3327,smooth_gradual,clean
SYN-0027,16,317596,22003,711,3496,smooth_gradual,clean
SYN-0027,18,329899,22856,739,3631,smooth_gradual,clean
SYN-0027,20,334782,23194,750,3685,smooth_gradual,clean
SYN-0027,22,335620,23252,751,3694,smooth_gradual,clean
SYN-0027,24,345260,23920,773,3800,smooth_gradual,clean
SYN-0272,0,0,0,0,0,flat_then_spike,botted
SYN-0272,2,413,13,0,1,flat_then_spike,botted
SYN-0272,4,413,25,0,1,flat_then_spike,botted
SYN-0272,6,500,35,0,2,flat_then_spike,botted
SYN-0272,8,500,44,1,2,flat_then_spike,botted
SYN-0272,10,500,52,1,2,flat_then_spike,botted
SYN-0272,12,718,59,1,3,flat_then_spike,botted
SYN-0272,14,780,65,1,3,flat_then_spike,botted
SYN-0272,16,5422,71,1,3,flat_then_spike,botted
SYN-0272,18,9220,76,1,3,flat_then_spike,botted
SYN-0272,20,10159,80,1,4,flat_then_spike,botted
SYN-0272,22,11296,84,1,4,flat_then_spike,botted
SYN-0272,24,12408,87,1,4,flat_then_spike,botted
SYN-0275,0,0,0,0,0,flat_then_spike,botted
SYN-0275,2,3758,149,1,7,flat_then_spike,botted
SYN-0275,4,3758,280,1,13,flat_then_spike,botted
SYN-0275,6,3758,395,2,18,flat_then_spike,botted
SYN-0275,8,3758,497,3,23,flat_then_spike,botted
SYN-0275,10,5084,587,3,27,flat_then_spike,botted
SYN-0275,12,7379,667,3,31,flat_then_spike,botted
SYN-0275,14,9220,737,4,34,flat_then_spike,botted
SYN-0275,16,62284,799,4,37,flat_then_spike,botted
SYN-0275,18,105446,854,4,39,flat_then_spike,botted
SYN-0275,20,119028,902,5,41,flat_then_spike,botted
SYN-0275,22,132899,944,5,43,flat_then_spike,botted
SYN-0275,24,143704,982,5,45,flat_then_spike,botted
SYN-0062,0,0,0,0,0,normal_viral_smooth,clean
SYN-0062,2,191,3,0,0,normal_viral_smooth,clean
SYN-0062,4,1753,29,0,3,normal_viral_smooth,clean
SYN-0062,6,4326,72,1,9,normal_viral_smooth,clean
SYN-0062,8,8015,133,1,16,normal_viral_smooth,clean
SYN-0062,10,13580,225,3,27,normal_viral_smooth,clean
SYN-0062,12,20018,332,4,40,normal_viral_smooth,clean
SYN-0062,14,26187,434,5,52,normal_viral_smooth,clean
SYN-0062,16,30839,511,6,61,normal_viral_smooth,clean
SYN-0062,18,34166,567,6,68,normal_viral_smooth,clean
SYN-0062,20,36055,598,7,72,normal_viral_smooth,clean
SYN-0062,22,37521,622,7,74,normal_viral_smooth,clean
SYN-0062,24,37811,627,7,75,normal_viral_smooth,clean
SYN-0258,0,0,0,0,0,likes_freeze,botted
SYN-0258,2,188,211,1,3,likes_freeze,botted
SYN-0258,4,333,350,2,5,likes_freeze,botted
SYN-0258,6,403,402,2,6,likes_freeze,botted
SYN-0258,8,403,402,2,6,likes_freeze,botted
SYN-0258,10,403,402,2,6,likes_freeze,botted
SYN-0258,12,1083,402,2,6,likes_freeze,botted
SYN-0258,14,6668,402,2,6,likes_freeze,botted
SYN-0258,16,11460,402,2,6,likes_freeze,botted
SYN-0258,18,12812,402,2,6,likes_freeze,botted
SYN-0258,20,13823,402,2,6,likes_freeze,botted
SYN-0258,22,14985,402,2,6,likes_freeze,botted
SYN-0258,24,16205,619,3,9,likes_freeze,botted
SYN-0263,0,0,0,0,0,step_like_batches,botted
SYN-0263,2,320,112,0,0,step_like_batches,botted
SYN-0263,4,574,211,1,1,step_like_batches,botted
SYN-0263,6,678,298,1,1,step_like_batches,botted
SYN-0263,8,1131,375,1,1,step_like_batches,botted
SYN-0263,10,1131,443,1,1,step_like_batches,botted
SYN-0263,12,2218,503,1,1,step_like_batches,botted
SYN-0263,14,2335,555,2,2,step_like_batches,botted
SYN-0263,16,4558,602,2,2,step_like_batches,botted
SYN-0263,18,4558,643,2,2,step_like_batches,botted
SYN-0263,20,7081,680,2,2,step_like_batches,botted
SYN-0263,22,7205,712,2,2,step_like_batches,botted
SYN-0263,24,10000,740,2,2,step_like_batches,botted
SYN-0285,0,0,0,0,0,likes_freeze,botted
SYN-0285,2,15231,953,27,3,likes_freeze,botted
SYN-0285,4,15231,1581,45,5,likes_freeze,botted
SYN-0285,6,19204,1817,51,5,likes_freeze,botted
SYN-0285,8,19204,1817,51,5,likes_freeze,botted
SYN-0285,10,19204,1817,51,5,likes_freeze,botted
SYN-0285,12,78392,1817,51,5,likes_freeze,botted
SYN-0285,14,341964,1817,51,5,likes_freeze,botted
SYN-0285,16,610935,1817,51,5,likes_freeze,botted
SYN-0285,18,673480,1817,51,5,likes_freeze,botted
SYN-0285,20,732546,1817,51,5,likes_freeze,botted
SYN-0285,22,779155,1817,51,5,likes_freeze,botted
SYN-0285,24,850000,2796,79,8,likes_freeze,botted
SYN-0082,0,0,0,0,0,smooth_gradual,clean
SYN-0082,2,224744,4275,129,222,smooth_gradual,clean
SYN-0082,4,397145,7555,227,393,smooth_gradual,clean
SYN-0082,6,522687,9944,299,517,smooth_gradual,clean
SYN-0082,8,627703,11941,359,621,smooth_gradual,clean
SYN-0082,10,693991,13202,397,686,smooth_gradual,clean
SYN-0082,12,760304,14464,435,752,smooth_gradual,clean
SYN-0082,14,798398,15189,457,790,smooth_gradual,clean
SYN-0082,16,817385,15550,467,808,smooth_gradual,clean
SYN-0082,18,862402,16406,493,853,smooth_gradual,clean
SYN-0082,20,871072,16571,498,861,smooth_gradual,clean
SYN-0082,22,904023,17198,517,894,smooth_gradual,clean
SYN-0082,24,904023,17198,517,894,smooth_gradual,clean
SYN-0109,0,0,0,0,0,step_like_batches,suspicious
SYN-0109,2,3166,38,2,3,step_like_batches,suspicious
SYN-0109,4,3656,44,2,4,step_like_batches,suspicious
SYN-0109,6,4662,56,3,5,step_like_batches,suspicious
SYN-0109,8,7554,91,4,8,step_like_batches,suspicious
SYN-0109,10,7597,92,4,8,step_like_batches,suspicious
SYN-0109,12,17615,213,10,19,step_like_batches,suspicious
SYN-0109,14,18121,219,10,20,step_like_batches,suspicious
SYN-0109,16,32880,397,19,36,step_like_batches,suspicious
SYN-0109,18,32880,397,19,36,step_like_batches,suspicious
SYN-0109,20,49721,600,28,55,step_like_batches,suspicious
SYN-0109,22,52596,635,30,58,step_like_batches,suspicious
SYN-0109,24,72029,869,41,79,step_like_batches,suspicious
SYN-0104,0,0,0,0,0,flat_then_spike,suspicious
SYN-0104,2,8182,614,58,22,flat_then_spike,suspicious
SYN-0104,4,17454,1156,109,42,flat_then_spike,suspicious
SYN-0104,6,19498,1634,154,60,flat_then_spike,suspicious
SYN-0104,8,22791,2056,194,75,flat_then_spike,suspicious
SYN-0104,10,23144,2428,229,89,flat_then_spike,suspicious
SYN-0104,12,34585,2757,260,101,flat_then_spike,suspicious
SYN-0104,14,34585,3047,287,111,flat_then_spike,suspicious
SYN-0104,16,259047,3303,312,120,flat_then_spike,suspicious
SYN-0104,18,446166,3529,333,129,flat_then_spike,suspicious
SYN-0104,20,493351,3728,352,136,flat_then_spike,suspicious
SYN-0104,22,552624,3904,368,142,flat_then_spike,suspicious
SYN-0104,24,600000,4059,383,148,flat_then_spike,suspicious
SYN-0030,0,0,0,0,0,smooth_gradual,clean
SYN-0030,2,89624,1677,11,260,smooth_gradual,clean
SYN-0030,4,154768,2896,19,449,smooth_gradual,clean
SYN-0030,6,209967,3929,26,609,smooth_gradual,clean
SYN-0030,8,247485,4631,31,717,smooth_gradual,clean
SYN-0030,10,275061,5147,35,797,smooth_gradual,clean
SYN-0030,12,293596,5494,37,851,smooth_gradual,clean
SYN-0030,14,312082,5839,39,905,smooth_gradual,clean
SYN-0030,16,329941,6174,42,956,smooth_gradual,clean
SYN-0030,18,342003,6399,43,991,smooth_gradual,clean
SYN-0030,20,345350,6462,43,1001,smooth_gradual,clean
SYN-0030,22,348959,6529,44,1012,smooth_gradual,clean
SYN-0030,24,357381,6687,45,1036,smooth_gradual,clean
SYN-0220,0,0,0,0,0,likes_freeze,botted
SYN-0220,2,0,638,1,119,likes_freeze,botted
SYN-0220,4,8594,1058,2,197,likes_freeze,botted
SYN-0220,6,21894,1216,3,226,likes_freeze,botted
SYN-0220,8,21894,1216,3,226,likes_freeze,botted
SYN-0220,10,25557,1216,3,226,likes_freeze,botted
SYN-0220,12,66323,1216,3,226,likes_freeze,botted
SYN-0220,14,353192,1216,3,226,likes_freeze,botted
SYN-0220,16,597040,1216,3,226,likes_freeze,botted
SYN-0220,18,662006,1216,3,226,likes_freeze,botted
SYN-0220,20,723037,1216,3,226,likes_freeze,botted
SYN-0220,22,793347,1216,3,226,likes_freeze,botted
SYN-0220,24,850000,1871,4,348,likes_freeze,botted
SYN-0092,0,0,0,0,0,normal_viral_smooth,clean
SYN-0092,2,3036,99,17,22,normal_viral_smooth,clean
SYN-0092,4,5910,193,33,43,normal_viral_smooth,clean
SYN-0092,6,15776,516,88,115,normal_viral_smooth,clean
SYN-0092,8,27163,888,151,198,normal_viral_smooth,clean
SYN-0092,10,43236,1413,241,316,normal_viral_smooth,clean
SYN-0092,12,64676,2114,361,472,normal_viral_smooth,clean
SYN-0092,14,83725,2737,467,611,normal_viral_smooth,clean
SYN-0092,16,100409,3282,560,733,normal_viral_smooth,clean
SYN-0092,18,109321,3573,610,798,normal_viral_smooth,clean
SYN-0092,20,114170,3732,637,834,normal_viral_smooth,clean
SYN-0092,22,119624,3910,667,874,normal_viral_smooth,clean
SYN-0092,24,120513,3939,672,880,normal_viral_smooth,clean
SYN-0031,0,0,0,0,0,normal_viral_smooth,clean
SYN-0031,2,5347,508,24,20,normal_viral_smooth,clean
SYN-0031,4,24985,2372,112,95,normal_viral_smooth,clean
SYN-0031,6,50967,4838,229,194,normal_viral_smooth,clean
SYN-0031,8,84792,8050,381,323,normal_viral_smooth,clean
SYN-0031,10,136975,13004,616,522,normal_viral_smooth,clean
SYN-0031,12,200983,19080,903,766,normal_viral_smooth,clean
SYN-0031,14,264017,25064,1187,1006,normal_viral_smooth,clean
SYN-0031,16,319505,30332,1436,1217,normal_viral_smooth,clean
SYN-0031,18,343892,32647,1546,1310,normal_viral_smooth,clean
SYN-0031,20,366031,34749,1645,1394,normal_viral_smooth,clean
SYN-0031,22,370931,35214,1667,1413,normal_viral_smooth,clean
SYN-0031,24,381138,36183,1713,1452,normal_viral_smooth,clean
SYN-0291,0,0,0,0,0,vertical_spike_no_engagement,botted
SYN-0291,2,181,87,0,0,vertical_spike_no_engagement,botted
SYN-0291,4,181,163,0,1,vertical_spike_no_engagement,botted
SYN-0291,6,272,231,0,1,vertical_spike_no_engagement,botted
SYN-0291,8,272,291,0,1,vertical_spike_no_engagement,botted
SYN-0291,10,272,343,0,1,vertical_spike_no_engagement,botted
SYN-0291,12,372,390,0,1,vertical_spike_no_engagement,botted
SYN-0291,14,372,431,0,2,vertical_spike_no_engagement,botted
SYN-0291,16,372,467,0,2,vertical_spike_no_engagement,botted
SYN-0291,18,7938,499,0,2,vertical_spike_no_engagement,botted
SYN-0291,20,10100,527,0,2,vertical_spike_no_engagement,botted
SYN-0291,22,10670,552,0,2,vertical_spike_no_engagement,botted
SYN-0291,24,11466,574,0,2,vertical_spike_no_engagement,botted
SYN-0186,0,0,0,0,0,step_like_batches,suspicious
SYN-0186,2,5890,22,0,4,step_like_batches,suspicious
SYN-0186,4,9889,37,1,7,step_like_batches,suspicious
SYN-0186,6,10385,39,1,7,step_like_batches,suspicious
SYN-0186,8,16903,63,1,11,step_like_batches,suspicious
SYN-0186,10,20361,76,1,14,step_like_batches,suspicious
SYN-0186,12,43003,160,3,29,step_like_batches,suspicious
SYN-0186,14,43931,163,3,30,step_like_batches,suspicious
SYN-0186,16,81886,305,6,55,step_like_batches,suspicious
SYN-0186,18,85815,319,6,58,step_like_batches,suspicious
SYN-0186,20,127750,475,9,86,step_like_batches,suspicious
SYN-0186,22,131551,490,9,89,step_like_batches,suspicious
SYN-0186,24,180849,673,13,122,step_like_batches,suspicious
SYN-0105,0,0,0,0,0,flat_then_spike,suspicious
SYN-0105,2,9862,628,30,88,flat_then_spike,suspicious
SYN-0105,4,9862,1182,56,165,flat_then_spike,suspicious
SYN-0105,6,10989,1672,79,233,flat_then_spike,suspicious
SYN-0105,8,18096,2103,100,294,flat_then_spike,suspicious
SYN-0105,10,19041,2484,118,347,flat_then_spike,suspicious
SYN-0105,12,19041,2821,134,394,flat_then_spike,suspicious
SYN-0105,14,19041,3117,148,435,flat_then_spike,suspicious
SYN-0105,16,164714,3379,160,472,flat_then_spike,suspicious
SYN-0105,18,272080,3610,171,504,flat_then_spike,suspicious
SYN-0105,20,300292,3814,181,533,flat_then_spike,suspicious
SYN-0105,22,335666,3994,189,558,flat_then_spike,suspicious
SYN-0105,24,366777,4153,197,580,flat_then_spike,suspicious
SYN-0280,0,0,0,0,0,flat_then_spike,botted
SYN-0280,2,13958,4,5,10,flat_then_spike,botted
SYN-0280,4,13958,7,10,18,flat_then_spike,botted
SYN-0280,6,15143,10,14,26,flat_then_spike,botted
SYN-0280,8,15143,12,18,32,flat_then_spike,botted
SYN-0280,10,15331,14,22,38,flat_then_spike,botted
SYN-0280,12,15331,16,24,43,flat_then_spike,botted
SYN-0280,14,20109,18,27,48,flat_then_spike,botted
SYN-0280,16,165049,20,29,52,flat_then_spike,botted
SYN-0280,18,272878,21,31,56,flat_then_spike,botted
SYN-0280,20,308568,22,33,59,flat_then_spike,botted
SYN-0280,22,348161,23,35,62,flat_then_spike,botted
SYN-0280,24,377046,24,36,64,flat_then_spike,botted
SYN-0036,0,0,0,0,0,normal_viral_smooth,clean
SYN-0036,2,16092,2249,128,61,normal_viral_smooth,clean
SYN-0036,4,60751,8490,484,231,normal_viral_smooth,clean
SYN-0036,6,124411,17386,992,474,normal_viral_smooth,clean
SYN-0036,8,215577,30125,1718,821,normal_viral_smooth,clean
SYN-0036,10,360072,50318,2870,1371,normal_viral_smooth,clean
SYN-0036,12,505524,70644,4030,1924,normal_viral_smooth,clean
SYN-0036,14,666726,93170,5315,2538,normal_viral_smooth,clean
SYN-0036,16,775239,108334,6180,2951,normal_viral_smooth,clean
SYN-0036,18,861736,120422,6869,3280,normal_viral_smooth,clean
SYN-0036,20,909084,127038,7247,3460,normal_viral_smooth,clean
SYN-0036,22,950714,132856,7578,3619,normal_viral_smooth,clean
SYN-0036,24,953914,133303,7604,3631,normal_viral_smooth,clean
SYN-0169,0,0,0,0,0,flat_then_spike,suspicious
SYN-0169,2,17330,1952,1,82,flat_then_spike,suspicious
SYN-0169,4,17330,3675,1,154,flat_then_spike,suspicious
SYN-0169,6,17330,5195,2,217,flat_then_spike,suspicious
SYN-0169,8,25432,6537,2,273,flat_then_spike,suspicious
SYN-0169,10,29736,7721,2,323,flat_then_spike,suspicious
SYN-0169,12,29736,8766,3,367,flat_then_spike,suspicious
SYN-0169,14,36523,9688,3,405,flat_then_spike,suspicious
SYN-0169,16,267726,10502,3,439,flat_then_spike,suspicious
SYN-0169,18,438628,11220,3,469,flat_then_spike,suspicious
SYN-0169,20,497792,11854,4,496,flat_then_spike,suspicious
SYN-0169,22,553994,12413,4,519,flat_then_spike,suspicious
SYN-0169,24,600000,12907,4,540,flat_then_spike,suspicious
SYN-0296,0,0,0,0,0,likes_freeze,botted
SYN-0296,2,13504,1221,2,108,likes_freeze,botted
SYN-0296,4,13504,2025,3,180,likes_freeze,botted
SYN-0296,6,13504,2328,3,207,likes_freeze,botted
SYN-0296,8,13504,2328,3,207,likes_freeze,botted
SYN-0296,10,21253,2328,3,207,likes_freeze,botted
SYN-0296,12,60941,2328,3,207,likes_freeze,botted
SYN-0296,14,357457,2328,3,207,likes_freeze,botted
SYN-0296,16,596028,2328,3,207,likes_freeze,botted
SYN-0296,18,675717,2328,3,207,likes_freeze,botted
SYN-0296,20,716948,2328,3,207,likes_freeze,botted
SYN-0296,22,791770,2328,3,207,likes_freeze,botted
SYN-0296,24,850000,3582,5,318,likes_freeze,botted
SYN-0217,0,0,0,0,0,vertical_spike_no_engagement,botted
SYN-0217,2,9332,243,0,22,vertical_spike_no_engagement,botted
SYN-0217,4,15677,458,0,41,vertical_spike_no_engagement,botted
SYN-0217,6,15677,648,0,58,vertical_spike_no_engagement,botted
SYN-0217,8,15677,815,1,73,vertical_spike_no_engagement,botted
SYN-0217,10,15677,963,1,87,vertical_spike_no_engagement,botted
SYN-0217,12,16704,1093,1,98,vertical_spike_no_engagement,botted
SYN-0217,14,16704,1208,1,109,vertical_spike_no_engagement,botted
SYN-0217,16,20107,1309,1,118,vertical_spike_no_engagement,botted
SYN-0217,18,582994,1399,1,126,vertical_spike_no_engagement,botted
SYN-0217,20,753822,1478,1,133,vertical_spike_no_engagement,botted
SYN-0217,22,805363,1547,1,139,vertical_spike_no_engagement,botted
SYN-0217,24,850000,1609,1,145,vertical_spike_no_engagement,botted
SYN-0218,0,0,0,0,0,vertical_spike_no_engagement,botted
SYN-0218,2,7419,974,0,39,vertical_spike_no_engagement,botted
SYN-0218,4,8868,1834,0,73,vertical_spike_no_engagement,botted
SYN-0218,6,13378,2592,0,103,vertical_spike_no_engagement,botted
SYN-0218,8,15119,3262,0,130,vertical_spike_no_engagement,botted
SYN-0218,10,15119,3853,0,153,vertical_spike_no_engagement,botted
SYN-0218,12,18961,4374,0,174,vertical_spike_no_engagement,botted
SYN-0218,14,18961,4834,0,192,vertical_spike_no_engagement,botted
SYN-0218,16,18961,5240,0,208,vertical_spike_no_engagement,botted
SYN-0218,18,595752,5598,0,223,vertical_spike_no_engagement,botted
SYN-0218,20,734913,5915,0,235,vertical_spike_no_engagement,botted
SYN-0218,22,786678,6194,0,246,vertical_spike_no_engagement,botted
SYN-0218,24,850000,6440,0,256,vertical_spike_no_engagement,botted
SYN-0266,0,0,0,0,0,vertical_spike_no_engagement,botted
SYN-0266,2,9963,7621,19,48,vertical_spike_no_engagement,botted
SYN-0266,4,9963,14346,36,91,vertical_spike_no_engagement,botted
SYN-0266,6,24554,20282,50,129,vertical_spike_no_engagement,botted
SYN-0266,8,24554,25520,63,162,vertical_spike_no_engagement,botted
SYN-0266,10,24554,30142,75,191,vertical_spike_no_engagement,botted
SYN-0266,12,24554,34221,85,217,vertical_spike_no_engagement,botted
SYN-0266,14,24554,37821,94,240,vertical_spike_no_engagement,botted
SYN-0266,16,24554,40998,102,260,vertical_spike_no_engagement,botted
SYN-0266,18,589762,43801,109,278,vertical_spike_no_engagement,botted
SYN-0266,20,747582,46276,115,294,vertical_spike_no_engagement,botted
SYN-0266,22,786856,48459,120,308,vertical_spike_no_engagement,botted
SYN-0266,24,850000,50386,125,320,vertical_spike_no_engagement,botted
SYN-0015,0,0,0,0,0,smooth_gradual,clean
SYN-0015,2,11,0,0,0,smooth_gradual,clean
SYN-0015,4,18,1,0,0,smooth_gradual,clean
SYN-0015,6,25,1,1,1,smooth_gradual,clean
SYN-0015,8,30,1,1,1,smooth_gradual,clean
SYN-0015,10,33,2,1,1,smooth_gradual,clean
SYN-0015,12,36,2,1,1,smooth_gradual,clean
SYN-0015,14,37,2,1,1,smooth_gradual,clean
SYN-0015,16,39,2,1,1,smooth_gradual,clean
SYN-0015,18,41,2,1,1,smooth_gradual,clean
SYN-0015,20,42,2,1,1,smooth_gradual,clean
SYN-0015,22,42,2,1,1,smooth_gradual,clean
SYN-0015,24,43,2,1,1,smooth_gradual,clean
SYN-0157,0,0,0,0,0,late_like_spike,suspicious
SYN-0157,2,1907,18,1,3,late_like_spike,suspicious
SYN-0157,4,3340,31,2,6,late_like_spike,suspicious
SYN-0157,6,4732,35,2,6,late_like_spike,suspicious
SYN-0157,8,5929,35,2,6,late_like_spike,suspicious
SYN-0157,10,6836,35,2,6,late_like_spike,suspicious
SYN-0157,12,7482,35,2,6,late_like_spike,suspicious
SYN-0157,14,8101,35,2,6,late_like_spike,suspicious
SYN-0157,16,8672,35,2,6,late_like_spike,suspicious
SYN-0157,18,9205,35,2,6,late_like_spike,suspicious
SYN-0157,20,9429,35,2,6,late_like_spike,suspicious
SYN-0157,22,9812,35,2,6,late_like_spike,suspicious
SYN-0157,24,10000,54,3,10,late_like_spike,suspicious
SYN-0014,0,0,0,0,0,smooth_gradual,clean
SYN-0014,2,51,1,0,0,smooth_gradual,clean
SYN-0014,4,96,2,0,0,smooth_gradual,clean
SYN-0014,6,125,2,1,1,smooth_gradual,clean
SYN-0014,8,152,3,1,1,smooth_gradual,clean
SYN-0014,10,167,3,1,1,smooth_gradual,clean
SYN-0014,12,183,3,1,1,smooth_gradual,clean
SYN-0014,14,194,4,1,1,smooth_gradual,clean
SYN-0014,16,200,4,1,1,smooth_gradual,clean
SYN-0014,18,208,4,1,1,smooth_gradual,clean
SYN-0014,20,211,4,1,1,smooth_gradual,clean
SYN-0014,22,217,4,1,1,smooth_gradual,clean
SYN-0014,24,218,4,1,1,smooth_gradual,clean
SYN-0230,0,0,0,0,0,likes_freeze,botted
SYN-0230,2,4812,412,1,91,likes_freeze,botted
SYN-0230,4,4812,684,2,152,likes_freeze,botted
SYN-0230,6,4812,786,3,174,likes_freeze,botted
SYN-0230,8,15650,786,3,174,likes_freeze,botted
SYN-0230,10,17063,786,3,174,likes_freeze,botted
SYN-0230,12,51264,786,3,174,likes_freeze,botted
SYN-0230,14,306706,786,3,174,likes_freeze,botted
SYN-0230,16,532220,786,3,174,likes_freeze,botted
SYN-0230,18,605794,786,3,174,likes_freeze,botted
SYN-0230,20,649785,786,3,174,likes_freeze,botted
SYN-0230,22,692584,786,3,174,likes_freeze,botted
SYN-0230,24,757175,1210,4,268,likes_freeze,botted
SYN-0174,0,0,0,0,0,low_engagement_smooth,suspicious
SYN-0174,2,1352,8,0,2,low_engagement_smooth,suspicious
SYN-0174,4,1838,10,0,2,low_engagement_smooth,suspicious
SYN-0174,6,4616,26,1,6,low_engagement_smooth,suspicious
SYN-0174,8,7523,42,1,10,low_engagement_smooth,suspicious
SYN-0174,10,15503,86,3,21,low_engagement_smooth,suspicious
SYN-0174,12,26178,145,4,35,low_engagement_smooth,suspicious
SYN-0174,14,37657,209,6,50,low_engagement_smooth,suspicious
SYN-0174,16,48961,272,8,66,low_engagement_smooth,suspicious
SYN-0174,18,56827,316,10,76,low_engagement_smooth,suspicious
SYN-0174,20,62072,345,11,83,low_engagement_smooth,suspicious
SYN-0174,22,64315,357,11,86,low_engagement_smooth,suspicious
SYN-0174,24,64981,361,11,87,low_engagement_smooth,suspicious
SYN-0262,0,0,0,0,0,flat_then_spike,botted
SYN-0262,2,517,2,0,1,flat_then_spike,botted
SYN-0262,4,896,4,1,2,flat_then_spike,botted
SYN-0262,6,946,6,1,3,flat_then_spike,botted
SYN-0262,8,1185,7,1,4,flat_then_spike,botted
SYN-0262,10,1185,8,1,5,flat_then_spike,botted
SYN-0262,12,1185,10,1,5,flat_then_spike,botted
SYN-0262,14,1185,11,2,6,flat_then_spike,botted
SYN-0262,16,10426,11,2,7,flat_then_spike,botted
SYN-0262,18,16952,12,2,7,flat_then_spike,botted
SYN-0262,20,18727,13,2,7,flat_then_spike,botted
SYN-0262,22,21018,13,2,8,flat_then_spike,botted
SYN-0262,24,23083,14,2,8,flat_then_spike,botted
SYN-0083,0,0,0,0,0,normal_viral_smooth,clean
SYN-0083,2,172,15,1,2,normal_viral_smooth,clean
SYN-0083,4,423,36,1,4,normal_viral_smooth,clean
SYN-0083,6,766,65,3,7,normal_viral_smooth,clean
SYN-0083,8,1494,126,5,14,normal_viral_smooth,clean
SYN-0083,10,2593,219,9,24,normal_viral_smooth,clean
SYN-0083,12,3795,321,13,36,normal_viral_smooth,clean
SYN-0083,14,5012,424,18,47,normal_viral_smooth,clean
SYN-0083,16,5962,504,21,56,normal_viral_smooth,clean
SYN-0083,18,6372,538,22,60,normal_viral_smooth,clean
SYN-0083,20,6913,584,24,65,normal_viral_smooth,clean
SYN-0083,22,7081,598,25,67,normal_viral_smooth,clean
SYN-0083,24,7112,601,25,67,normal_viral_smooth,clean
SYN-0253,0,0,0,0,0,flat_then_spike,botted
SYN-0253,2,10509,3650,0,36,flat_then_spike,botted
SYN-0253,4,26536,6871,0,68,flat_then_spike,botted
SYN-0253,6,26536,9714,0,97,flat_then_spike,botted
SYN-0253,8,27285,12222,1,122,flat_then_spike,botted
SYN-0253,10,44651,14436,1,144,flat_then_spike,botted
SYN-0253,12,44651,16390,1,163,flat_then_spike,botted
SYN-0253,14,44651,18114,1,180,flat_then_spike,botted
SYN-0253,16,370744,19636,1,195,flat_then_spike,botted
SYN-0253,18,625319,20978,1,209,flat_then_spike,botted
SYN-0253,20,687455,22163,1,220,flat_then_spike,botted
SYN-0253,22,777563,23209,1,231,flat_then_spike,botted
SYN-0253,24,850000,24132,1,240,flat_then_spike,botted
SYN-0164,0,0,0,0,0,low_engagement_smooth,suspicious
SYN-0164,2,227,27,0,3,low_engagement_smooth,suspicious
SYN-0164,4,304,50,0,6,low_engagement_smooth,suspicious
SYN-0164,6,558,71,0,8,low_engagement_smooth,suspicious
SYN-0164,8,1325,90,1,10,low_engagement_smooth,suspicious
SYN-0164,10,2363,106,1,12,low_engagement_smooth,suspicious
SYN-0164,12,4059,120,1,14,low_engagement_smooth,suspicious
SYN-0164,14,5879,133,1,15,low_engagement_smooth,suspicious
SYN-0164,16,7548,144,1,16,low_engagement_smooth,suspicious
SYN-0164,18,8626,154,1,17,low_engagement_smooth,suspicious
SYN-0164,20,9302,163,1,18,low_engagement_smooth,suspicious
SYN-0164,22,9780,170,1,19,low_engagement_smooth,suspicious
SYN-0164,24,10000,177,1,20,low_engagement_smooth,suspicious
SYN-0047,0,0,0,0,0,normal_viral_smooth,clean
SYN-0047,2,587,56,5,7,normal_viral_smooth,clean
SYN-0047,4,4008,380,35,49,normal_viral_smooth,clean
SYN-0047,6,8778,832,76,107,normal_viral_smooth,clean
SYN-0047,8,13913,1319,120,170,normal_viral_smooth,clean
SYN-0047,10,23550,2233,204,288,normal_viral_smooth,clean
SYN-0047,12,34746,3294,300,425,normal_viral_smooth,clean
SYN-0047,14,46505,4409,402,569,normal_viral_smooth,clean
SYN-0047,16,54235,5142,469,664,normal_viral_smooth,clean
SYN-0047,18,60142,5702,520,736,normal_viral_smooth,clean
SYN-0047,20,64014,6069,553,784,normal_viral_smooth,clean
SYN-0047,22,65737,6233,568,805,normal_viral_smooth,clean
SYN-0047,24,65931,6251,570,807,normal_viral_smooth,clean
SYN-0126,0,0,0,0,0,low_engagement_smooth,suspicious
SYN-0126,2,247,42,0,3,low_engagement_smooth,suspicious
SYN-0126,4,247,80,0,6,low_engagement_smooth,suspicious
SYN-0126,6,708,113,0,8,low_engagement_smooth,suspicious
SYN-0126,8,1654,142,1,11,low_engagement_smooth,suspicious
SYN-0126,10,3519,168,1,13,low_engagement_smooth,suspicious
SYN-0126,12,6214,190,1,14,low_engagement_smooth,suspicious
SYN-0126,14,9219,210,1,16,low_engagement_smooth,suspicious
SYN-0126,16,11573,228,1,17,low_engagement_smooth,suspicious
SYN-0126,18,13413,243,1,18,low_engagement_smooth,suspicious
SYN-0126,20,14393,257,1,19,low_engagement_smooth,suspicious
SYN-0126,22,15326,269,1,20,low_engagement_smooth,suspicious
SYN-0126,24,15481,280,1,21,low_engagement_smooth,suspicious
SYN-0281,0,0,0,0,0,vertical_spike_no_engagement,botted
SYN-0281,2,11826,28,0,20,vertical_spike_no_engagement,botted
SYN-0281,4,22099,52,0,37,vertical_spike_no_engagement,botted
SYN-0281,6,22099,74,0,52,vertical_spike_no_engagement,botted
SYN-0281,8,22099,93,0,65,vertical_spike_no_engagement,botted
SYN-0281,10,22099,109,0,77,vertical_spike_no_engagement,botted
SYN-0281,12,22099,124,0,88,vertical_spike_no_engagement,botted
SYN-0281,14,22099,137,0,97,vertical_spike_no_engagement,botted
SYN-0281,16,22099,149,0,105,vertical_spike_no_engagement,botted
SYN-0281,18,563604,159,0,112,vertical_spike_no_engagement,botted
SYN-0281,20,727169,168,0,118,vertical_spike_no_engagement,botted
SYN-0281,22,784938,176,0,124,vertical_spike_no_engagement,botted
SYN-0281,24,826710,183,0,129,vertical_spike_no_engagement,botted
SYN-0177,0,0,0,0,0,low_engagement_smooth,suspicious
SYN-0177,2,57,5,0,1,low_engagement_smooth,suspicious
SYN-0177,4,283,10,1,2,low_engagement_smooth,suspicious
SYN-0177,6,657,14,1,3,low_engagement_smooth,suspicious
SYN-0177,8,1085,18,1,4,low_engagement_smooth,suspicious
SYN-0177,10,2432,22,1,4,low_engagement_smooth,suspicious
SYN-0177,12,3938,24,1,5,low_engagement_smooth,suspicious
SYN-0177,14,5770,27,2,5,low_engagement_smooth,suspicious
SYN-0177,16,7538,29,2,6,low_engagement_smooth,suspicious
SYN-0177,18,8730,31,2,6,low_engagement_smooth,suspicious
SYN-0177,20,9351,33,2,6,low_engagement_smooth,suspicious
SYN-0177,22,9913,35,2,7,low_engagement_smooth,suspicious
SYN-0177,24,10000,36,2,7,low_engagement_smooth,suspicious
SYN-0198,0,0,0,0,0,low_engagement_smooth,suspicious
SYN-0198,2,5141,1765,0,146,low_engagement_smooth,suspicious
SYN-0198,4,13132,3322,1,276,low_engagement_smooth,suspicious
SYN-0198,6,38824,4697,1,390,low_engagement_smooth,suspicious
SYN-0198,8,70345,5910,2,490,low_engagement_smooth,suspicious
SYN-0198,10,132102,6980,2,579,low_engagement_smooth,suspicious
SYN-0198,12,241565,7925,2,657,low_engagement_smooth,suspicious
SYN-0198,14,346186,8758,2,727,low_engagement_smooth,suspicious
SYN-0198,16,450270,9494,2,788,low_engagement_smooth,suspicious
SYN-0198,18,526293,10143,3,842,low_engagement_smooth,suspicious
SYN-0198,20,561474,10716,3,889,low_engagement_smooth,suspicious
SYN-0198,22,591509,11222,3,931,low_engagement_smooth,suspicious
SYN-0198,24,600000,11668,3,968,low_engagement_smooth,suspicious
SYN-0196,0,0,0,0,0,flat_then_spike,suspicious
SYN-0196,2,1446,114,3,10,flat_then_spike,suspicious
SYN-0196,4,1579,214,6,18,flat_then_spike,suspicious
SYN-0196,6,1754,303,8,26,flat_then_spike,suspicious
SYN-0196,8,1754,381,10,32,flat_then_spike,suspicious
SYN-0196,10,2347,450,12,38,flat_then_spike,suspicious
SYN-0196,12,2347,511,14,43,flat_then_spike,suspicious
SYN-0196,14,2347,565,15,48,flat_then_spike,suspicious
SYN-0196,16,22177,613,16,52,flat_then_spike,suspicious
SYN-0196,18,37128,655,17,56,flat_then_spike,suspicious
SYN-0196,20,41871,692,18,59,flat_then_spike,suspicious
SYN-0196,22,46978,724,19,62,flat_then_spike,suspicious
SYN-0196,24,51063,753,20,64,flat_then_spike,suspicious
SYN-0274,0,0,0,0,0,flat_then_spike,botted
SYN-0274,2,3002,826,0,5,flat_then_spike,botted
SYN-0274,4,3002,1554,1,9,flat_then_spike,botted
SYN-0274,6,3002,2197,1,12,flat_then_spike,botted
SYN-0274,8,3002,2765,1,15,flat_then_spike,botted
SYN-0274,10,3002,3266,1,18,flat_then_spike,botted
SYN-0274,12,3002,3708,1,20,flat_then_spike,botted
SYN-0274,14,3975,4098,2,23,flat_then_spike,botted
SYN-0274,16,33679,4442,2,24,flat_then_spike,botted
SYN-0274,18,57471,4746,2,26,flat_then_spike,botted
SYN-0274,20,65742,5014,2,28,flat_then_spike,botted
SYN-0274,22,71280,5250,2,29,flat_then_spike,botted
SYN-0274,24,79081,5459,2,30,flat_then_spike,botted
SYN-0139,0,0,0,0,0,low_engagement_smooth,suspicious
SYN-0139,2,0,36,1,0,low_engagement_smooth,suspicious
SYN-0139,4,147,68,1,1,low_engagement_smooth,suspicious
SYN-0139,6,445,96,2,1,low_engagement_smooth,suspicious
SYN-0139,8,1272,121,2,1,low_engagement_smooth,suspicious
SYN-0139,10,2370,143,2,1,low_engagement_smooth,suspicious
SYN-0139,12,3976,162,3,1,low_engagement_smooth,suspicious
SYN-0139,14,5847,179,3,2,low_engagement_smooth,suspicious
SYN-0139,16,7501,194,3,2,low_engagement_smooth,suspicious
SYN-0139,18,8610,208,3,2,low_engagement_smooth,suspicious
SYN-0139,20,9501,220,4,2,low_engagement_smooth,suspicious
SYN-0139,22,9941,230,4,2,low_engagement_smooth,suspicious
SYN-0139,24,10000,239,4,2,low_engagement_smooth,suspicious
SYN-0241,0,0,0,0,0,vertical_spike_no_engagement,botted
SYN-0241,2,18287,6338,0,46,vertical_spike_no_engagement,botted
SYN-0241,4,18287,11931,1,87,vertical_spike_no_engagement,botted
SYN-0241,6,18287,16866,1,124,vertical_spike_no_engagement,botted
SYN-0241,8,18287,21222,1,155,vertical_spike_no_engagement,botted
SYN-0241,10,18287,25066,1,184,vertical_spike_no_engagement,botted
SYN-0241,12,20268,28458,1,209,vertical_spike_no_engagement,botted
SYN-0241,14,20268,31452,2,230,vertical_spike_no_engagement,botted
SYN-0241,16,20268,34094,2,250,vertical_spike_no_engagement,botted
SYN-0241,18,603453,36425,2,267,vertical_spike_no_engagement,botted
SYN-0241,20,734880,38483,2,282,vertical_spike_no_engagement,botted
SYN-0241,22,788100,40299,2,295,vertical_spike_no_engagement,botted
SYN-0241,24,850000,41901,2,307,vertical_spike_no_engagement,botted
SYN-0064,0,0,0,0,0,normal_viral_smooth,clean
SYN-0064,2,8,1,0,0,normal_viral_smooth,clean
SYN-0064,4,30,4,0,1,normal_viral_smooth,clean
SYN-0064,6,58,7,1,1,normal_viral_smooth,clean
SYN-0064,8,107,13,1,2,normal_viral_smooth,clean
SYN-0064,10,178,22,2,3,normal_viral_smooth,clean
SYN-0064,12,258,31,3,4,normal_viral_smooth,clean
SYN-0064,14,328,40,3,6,normal_viral_smooth,clean
SYN-0064,16,380,46,4,6,normal_viral_smooth,clean
SYN-0064,18,427,52,5,7,normal_viral_smooth,clean
SYN-0064,20,443,54,5,8,normal_viral_smooth,clean
SYN-0064,22,454,55,5,8,normal_viral_smooth,clean
SYN-0064,24,468,57,5,8,normal_viral_smooth,clean
SYN-0093,0,0,0,0,0,smooth_gradual,clean
SYN-0093,2,78335,2359,244,273,smooth_gradual,clean
SYN-0093,4,133887,4032,417,467,smooth_gradual,clean
SYN-0093,6,177109,5334,552,618,smooth_gradual,clean
SYN-0093,8,205755,6197,641,717,smooth_gradual,clean
SYN-0093,10,236624,7127,738,825,smooth_gradual,clean
SYN-0093,12,253559,7637,790,884,smooth_gradual,clean
SYN-0093,14,262708,7912,819,916,smooth_gradual,clean
SYN-0093,16,275779,8306,860,962,smooth_gradual,clean
SYN-0093,18,286621,8632,893,999,smooth_gradual,clean
SYN-0093,20,297407,8957,927,1037,smooth_gradual,clean
SYN-0093,22,300090,9038,935,1046,smooth_gradual,clean
SYN-0093,24,302546,9112,943,1055,smooth_gradual,clean
SYN-0114,0,0,0,0,0,late_like_spike,suspicious
SYN-0114,2,16526,55,2,9,late_like_spike,suspicious
SYN-0114,4,29595,60,3,10,late_like_spike,suspicious
SYN-0114,6,39409,64,3,11,late_like_spike,suspicious
SYN-0114,8,49110,68,3,11,late_like_spike,suspicious
SYN-0114,10,57022,73,3,12,late_like_spike,suspicious
SYN-0114,12,62473,77,3,13,late_like_spike,suspicious
SYN-0114,14,66324,81,3,14,late_like_spike,suspicious
SYN-0114,16,72822,85,4,14,late_like_spike,suspicious
SYN-0114,18,76173,128,6,22,late_like_spike,suspicious
SYN-0114,20,77560,256,11,43,late_like_spike,suspicious
SYN-0114,22,81556,384,16,64,late_like_spike,suspicious
SYN-0114,24,83088,512,22,86,late_like_spike,suspicious
SYN-0068,0,0,0,0,0,normal_viral_smooth,clean
SYN-0068,2,1305,33,3,1,normal_viral_smooth,clean
SYN-0068,4,10944,280,25,5,normal_viral_smooth,clean
SYN-0068,6,16592,424,38,8,normal_viral_smooth,clean
SYN-0068,8,36833,942,84,18,normal_viral_smooth,clean
SYN-0068,10,58170,1488,133,28,normal_viral_smooth,clean
SYN-0068,12,81249,2079,186,39,normal_viral_smooth,clean
SYN-0068,14,107190,2742,245,52,normal_viral_smooth,clean
SYN-0068,16,125988,3223,288,61,normal_viral_smooth,clean
SYN-0068,18,141025,3608,323,68,normal_viral_smooth,clean
SYN-0068,20,147374,3770,337,71,normal_viral_smooth,clean
SYN-0068,22,154516,3953,354,75,normal_viral_smooth,clean
SYN-0068,24,154668,3957,354,75,normal_viral_smooth,clean
SYN-0065,0,0,0,0,0,smooth_gradual,clean
SYN-0065,2,76,3,0,0,smooth_gradual,clean
SYN-0065,4,135,6,0,0,smooth_gradual,clean
SYN-0065,6,178,8,1,1,smooth_gradual,clean
SYN-0065,8,215,10,1,1,smooth_gradual,clean
SYN-0065,10,246,11,1,1,smooth_gradual,clean
SYN-0065,12,268,12,1,1,smooth_gradual,clean
SYN-0065,14,280,12,1,1,smooth_gradual,clean
SYN-0065,16,290,13,1,1,smooth_gradual,clean
SYN-0065,18,296,13,1,1,smooth_gradual,clean
SYN-0065,20,308,14,1,1,smooth_gradual,clean
SYN-0065,22,315,14,1,1,smooth_gradual,clean
SYN-0065,24,317,14,1,1,smooth_gradual,clean
SYN-0076,0,0,0,0,0,normal_viral_smooth,clean
SYN-0076,2,12281,1032,29,185,normal_viral_smooth,clean
SYN-0076,4,33308,2800,79,501,normal_viral_smooth,clean
SYN-0076,6,90339,7593,215,1359,normal_viral_smooth,clean
SYN-0076,8,180153,15143,429,2709,normal_viral_smooth,clean
SYN-0076,10,289115,24302,689,4348,normal_viral_smooth,clean
SYN-0076,12,428783,36041,1021,6448,normal_viral_smooth,clean
SYN-0076,14,554735,46628,1322,8342,normal_viral_smooth,clean
SYN-0076,16,645874,54289,1539,9713,normal_viral_smooth,clean
SYN-0076,18,705461,59297,1681,10609,normal_viral_smooth,clean
SYN-0076,20,750459,63080,1788,11286,normal_viral_smooth,clean
SYN-0076,22,765514,64345,1824,11512,normal_viral_smooth,clean
SYN-0076,24,784131,65910,1868,11792,normal_viral_smooth,clean
SYN-0107,0,0,0,0,0,late_like_spike,suspicious
SYN-0107,2,52321,481,1,25,late_like_spike,suspicious
SYN-0107,4,96599,518,2,27,late_like_spike,suspicious
SYN-0107,6,139303,555,2,29,late_like_spike,suspicious
SYN-0107,8,170171,592,2,31,late_like_spike,suspicious
SYN-0107,10,193544,629,2,33,late_like_spike,suspicious
SYN-0107,12,217606,666,2,35,late_like_spike,suspicious
SYN-0107,14,236994,703,2,37,late_like_spike,suspicious
SYN-0107,16,253578,741,2,39,late_like_spike,suspicious
SYN-0107,18,264257,1111,3,58,late_like_spike,suspicious
SYN-0107,20,276331,2222,7,117,late_like_spike,suspicious
SYN-0107,22,280434,3332,10,175,late_like_spike,suspicious
SYN-0107,24,289687,4443,13,233,late_like_spike,suspicious
SYN-0012,0,0,0,0,0,smooth_gradual,clean
SYN-0012,2,35101,1677,195,358,smooth_gradual,clean
SYN-0012,4,63738,3046,354,650,smooth_gradual,clean
SYN-0012,6,83261,3979,463,849,smooth_gradual,clean
SYN-0012,8,99138,4738,551,1011,smooth_gradual,clean
SYN-0012,10,109577,5236,609,1118,smooth_gradual,clean
SYN-0012,12,121244,5794,674,1237,smooth_gradual,clean
SYN-0012,14,130092,6217,723,1327,smooth_gradual,clean
SYN-0012,16,131565,6287,731,1342,smooth_gradual,clean
SYN-0012,18,135983,6498,756,1387,smooth_gradual,clean
SYN-0012,20,143058,6836,795,1459,smooth_gradual,clean
SYN-0012,22,143058,6836,795,1459,smooth_gradual,clean
SYN-0012,24,145372,6947,808,1483,smooth_gradual,clean
SYN-0052,0,0,0,0,0,smooth_gradual,clean
SYN-0052,2,945,60,8,1,smooth_gradual,clean
SYN-0052,4,1690,107,15,1,smooth_gradual,clean
SYN-0052,6,2200,139,19,2,smooth_gradual,clean
SYN-0052,8,2670,169,23,2,smooth_gradual,clean
SYN-0052,10,2904,184,25,2,smooth_gradual,clean
SYN-0052,12,3227,204,28,3,smooth_gradual,clean
SYN-0052,14,3386,214,29,3,smooth_gradual,clean
SYN-0052,16,3550,225,31,3,smooth_gradual,clean
SYN-0052,18,3636,230,31,3,smooth_gradual,clean
SYN-0052,20,3693,234,32,3,smooth_gradual,clean
SYN-0052,22,3719,236,32,3,smooth_gradual,clean
SYN-0052,24,3822,242,33,3,smooth_gradual,clean
SYN-0249,0,0,0,0,0,step_like_batches,botted
SYN-0249,2,2682,142,0,4,step_like_batches,botted
SYN-0249,4,6392,268,1,8,step_like_batches,botted
SYN-0249,6,6645,379,1,11,step_like_batches,botted
SYN-0249,8,12551,477,2,14,step_like_batches,botted
SYN-0249,10,12551,563,2,17,step_like_batches,botted
SYN-0249,12,26841,639,2,19,step_like_batches,botted
SYN-0249,14,29398,706,2,21,step_like_batches,botted
SYN-0249,16,56465,766,2,23,step_like_batches,botted
SYN-0249,18,56465,818,3,24,step_like_batches,botted
SYN-0249,20,86256,864,3,26,step_like_batches,botted
SYN-0249,22,88884,905,3,27,step_like_batches,botted
SYN-0249,24,122819,941,3,28,step_like_batches,botted
SYN-0197,0,0,0,0,0,late_like_spike,suspicious
SYN-0197,2,48874,249,16,38,late_like_spike,suspicious
SYN-0197,4,100344,268,18,41,late_like_spike,suspicious
SYN-0197,6,135709,288,19,44,late_like_spike,suspicious
SYN-0197,8,162801,307,20,47,late_like_spike,suspicious
SYN-0197,10,187072,326,22,50,late_like_spike,suspicious
SYN-0197,12,213495,345,23,53,late_like_spike,suspicious
SYN-0197,14,227342,364,24,56,late_like_spike,suspicious
SYN-0197,16,240499,383,25,59,late_like_spike,suspicious
SYN-0197,18,253077,575,38,88,late_like_spike,suspicious
SYN-0197,20,268015,1150,76,176,late_like_spike,suspicious
SYN-0197,22,276647,1725,114,263,late_like_spike,suspicious
SYN-0197,24,281348,2300,152,351,late_like_spike,suspicious
SYN-0202,0,0,0,0,0,flat_then_spike,suspicious
SYN-0202,2,16125,489,45,160,flat_then_spike,suspicious
SYN-0202,4,16125,921,84,302,flat_then_spike,suspicious
SYN-0202,6,22035,1302,119,427,flat_then_spike,suspicious
SYN-0202,8,29191,1638,150,537,flat_then_spike,suspicious
SYN-0202,10,29191,1935,177,635,flat_then_spike,suspicious
SYN-0202,12,29191,2196,201,721,flat_then_spike,suspicious
SYN-0202,14,38483,2428,222,796,flat_then_spike,suspicious
SYN-0202,16,269257,2631,241,863,flat_then_spike,suspicious
SYN-0202,18,444897,2811,257,922,flat_then_spike,suspicious
SYN-0202,20,491841,2970,272,974,flat_then_spike,suspicious
SYN-0202,22,543190,3110,285,1020,flat_then_spike,suspicious
SYN-0202,24,600000,3234,296,1061,flat_then_spike,suspicious
SYN-0154,0,0,0,0,0,late_like_spike,suspicious
SYN-0154,2,71426,821,0,60,late_like_spike,suspicious
SYN-0154,4,124075,1545,1,114,late_like_spike,suspicious
SYN-0154,6,176895,2184,1,161,late_like_spike,suspicious
SYN-0154,8,221334,2748,2,202,late_like_spike,suspicious
SYN-0154,10,254669,3246,2,239,late_like_spike,suspicious
SYN-0154,12,281080,3685,2,271,late_like_spike,suspicious
SYN-0154,14,303662,4073,2,299,late_like_spike,suspicious
SYN-0154,16,322781,4415,2,325,late_like_spike,suspicious
SYN-0154,18,341855,4717,3,347,late_like_spike,suspicious
SYN-0154,20,346952,4983,3,366,late_like_spike,suspicious
SYN-0154,22,366102,5218,3,384,late_like_spike,suspicious
SYN-0154,24,372271,5426,3,399,late_like_spike,suspicious
SYN-0040,0,0,0,0,0,normal_viral_smooth,clean
SYN-0040,2,4777,67,14,14,normal_viral_smooth,clean
SYN-0040,4,27297,384,80,80,normal_viral_smooth,clean
SYN-0040,6,56351,793,166,165,normal_viral_smooth,clean
SYN-0040,8,101676,1431,299,298,normal_viral_smooth,clean
SYN-0040,10,156691,2206,461,459,normal_viral_smooth,clean
SYN-0040,12,229762,3235,676,673,normal_viral_smooth,clean
SYN-0040,14,302043,4252,889,885,normal_viral_smooth,clean
SYN-0040,16,356887,5024,1051,1046,normal_viral_smooth,clean
SYN-0040,18,398136,5605,1172,1166,normal_viral_smooth,clean
SYN-0040,20,417803,5882,1230,1224,normal_viral_smooth,clean
SYN-0040,22,431194,6070,1269,1263,normal_viral_smooth,clean
SYN-0040,24,432798,6093,1274,1268,normal_viral_smooth,clean
SYN-0226,0,0,0,0,0,step_like_batches,botted
SYN-0226,2,24807,99,0,8,step_like_batches,botted
SYN-0226,4,51420,205,0,17,step_like_batches,botted
SYN-0226,6,51420,205,0,17,step_like_batches,botted
SYN-0226,8,93309,373,1,32,step_like_batches,botted
SYN-0226,10,93781,375,1,32,step_like_batches,botted
SYN-0226,12,207974,831,1,70,step_like_batches,botted
SYN-0226,14,207974,831,1,70,step_like_batches,botted
SYN-0226,16,373068,1490,3,126,step_like_batches,botted
SYN-0226,18,386645,1544,3,131,step_like_batches,botted
SYN-0226,20,606663,2423,4,206,step_like_batches,botted
SYN-0226,22,615260,2457,4,208,step_like_batches,botted
SYN-0226,24,850000,3395,6,288,step_like_batches,botted
SYN-0091,0,0,0,0,0,normal_viral_smooth,clean
SYN-0091,2,27,1,0,0,normal_viral_smooth,clean
SYN-0091,4,90,4,1,0,normal_viral_smooth,clean
SYN-0091,6,204,10,1,1,normal_viral_smooth,clean
SYN-0091,8,430,21,3,2,normal_viral_smooth,clean
SYN-0091,10,729,35,5,3,normal_viral_smooth,clean
SYN-0091,12,1047,50,8,5,normal_viral_smooth,clean
SYN-0091,14,1320,63,10,6,normal_viral_smooth,clean
SYN-0091,16,1559,75,11,7,normal_viral_smooth,clean
SYN-0091,18,1747,84,13,8,normal_viral_smooth,clean
SYN-0091,20,1851,88,14,9,normal_viral_smooth,clean
SYN-0091,22,1874,90,14,9,normal_viral_smooth,clean
SYN-0091,24,1904,91,14,9,normal_viral_smooth,clean
SYN-0038,0,0,0,0,0,normal_viral_smooth,clean
SYN-0038,2,5,0,0,0,normal_viral_smooth,clean
SYN-0038,4,8,1,0,0,normal_viral_smooth,clean
SYN-0038,6,18,1,0,0,normal_viral_smooth,clean
SYN-0038,8,37,3,0,0,normal_viral_smooth,clean
SYN-0038,10,61,5,0,1,normal_viral_smooth,clean
SYN-0038,12,91,7,1,1,normal_viral_smooth,clean
SYN-0038,14,114,9,1,1,normal_viral_smooth,clean
SYN-0038,16,136,11,1,2,normal_viral_smooth,clean
SYN-0038,18,149,12,1,2,normal_viral_smooth,clean
SYN-0038,20,156,12,1,2,normal_viral_smooth,clean
SYN-0038,22,163,13,1,2,normal_viral_smooth,clean
SYN-0038,24,165,13,1,2,normal_viral_smooth,clean
SYN-0268,0,0,0,0,0,likes_freeze,botted
SYN-0268,2,1013,1116,5,17,likes_freeze,botted
SYN-0268,4,1013,1851,8,28,likes_freeze,botted
SYN-0268,6,1804,2128,9,32,likes_freeze,botted
SYN-0268,8,1804,2128,9,32,likes_freeze,botted
SYN-0268,10,1804,2128,9,32,likes_freeze,botted
SYN-0268,12,7367,2128,9,32,likes_freeze,botted
SYN-0268,14,36936,2128,9,32,likes_freeze,botted
SYN-0268,16,63872,2128,9,32,likes_freeze,botted
SYN-0268,18,68750,2128,9,32,likes_freeze,botted
SYN-0268,20,75909,2128,9,32,likes_freeze,botted
SYN-0268,22,82861,2128,9,32,likes_freeze,botted
SYN-0268,24,89099,3274,14,50,likes_freeze,botted
SYN-0160,0,0,0,0,0,late_like_spike,suspicious
SYN-0160,2,109507,1189,45,31,late_like_spike,suspicious
SYN-0160,4,202315,1280,49,33,late_like_spike,suspicious
SYN-0160,6,279412,1371,52,35,late_like_spike,suspicious
SYN-0160,8,350340,1463,55,38,late_like_spike,suspicious
SYN-0160,10,402674,1554,59,40,late_like_spike,suspicious
SYN-0160,12,443749,1646,62,42,late_like_spike,suspicious
SYN-0160,14,479204,1737,66,45,late_like_spike,suspicious
SYN-0160,16,522495,1829,69,47,late_like_spike,suspicious
SYN-0160,18,541525,2743,104,71,late_like_spike,suspicious
SYN-0160,20,572548,5486,208,142,late_like_spike,suspicious
SYN-0160,22,588312,8228,312,212,late_like_spike,suspicious
SYN-0160,24,600000,10971,416,283,late_like_spike,suspicious
SYN-0111,0,0,0,0,0,late_like_spike,suspicious
SYN-0111,2,108241,590,45,35,late_like_spike,suspicious
SYN-0111,4,213341,635,48,38,late_like_spike,suspicious
SYN-0111,6,284241,680,52,40,late_like_spike,suspicious
SYN-0111,8,343817,726,55,43,late_like_spike,suspicious
SYN-0111,10,412051,771,58,46,late_like_spike,suspicious
SYN-0111,12,444800,816,62,49,late_like_spike,suspicious
SYN-0111,14,491476,862,65,51,late_like_spike,suspicious
SYN-0111,16,525699,907,69,54,late_like_spike,suspicious
SYN-0111,18,545925,1360,103,81,late_like_spike,suspicious
SYN-0111,20,566771,2721,206,162,late_like_spike,suspicious
SYN-0111,22,577968,4081,309,243,late_like_spike,suspicious
SYN-0111,24,600000,5442,412,324,late_like_spike,suspicious
SYN-0161,0,0,0,0,0,late_like_spike,suspicious
SYN-0161,2,1735,34,1,2,late_like_spike,suspicious
SYN-0161,4,3479,63,1,4,late_like_spike,suspicious
SYN-0161,6,4751,90,2,6,late_like_spike,suspicious
SYN-0161,8,5926,113,3,7,late_like_spike,suspicious
SYN-0161,10,6889,133,3,8,late_like_spike,suspicious
SYN-0161,12,7520,151,3,10,late_like_spike,suspicious
SYN-0161,14,8235,167,4,11,late_like_spike,suspicious
SYN-0161,16,8621,181,4,11,late_like_spike,suspicious
SYN-0161,18,9188,194,4,12,late_like_spike,suspicious
SYN-0161,20,9380,205,5,13,late_like_spike,suspicious
SYN-0161,22,9777,214,5,13,late_like_spike,suspicious
SYN-0161,24,10000,223,5,14,late_like_spike,suspicious
SYN-0195,0,0,0,0,0,low_engagement_smooth,suspicious
SYN-0195,2,2864,26,1,4,low_engagement_smooth,suspicious
SYN-0195,4,16223,148,7,24,low_engagement_smooth,suspicious
SYN-0195,6,38033,346,16,56,low_engagement_smooth,suspicious
SYN-0195,8,65443,596,27,97,low_engagement_smooth,suspicious
SYN-0195,10,137559,1252,56,204,low_engagement_smooth,suspicious
SYN-0195,12,235894,2147,97,350,low_engagement_smooth,suspicious
SYN-0195,14,351621,3200,144,522,low_engagement_smooth,suspicious
SYN-0195,16,459204,4179,188,682,low_engagement_smooth,suspicious
SYN-0195,18,525638,4783,216,781,low_engagement_smooth,suspicious
SYN-0195,20,564156,5134,231,838,low_engagement_smooth,suspicious
SYN-0195,22,582497,5301,239,865,low_engagement_smooth,suspicious
SYN-0195,24,600000,5460,246,891,low_engagement_smooth,suspicious
SYN-0297,0,0,0,0,0,step_like_batches,botted
SYN-0297,2,3272,10,0,1,step_like_batches,botted
SYN-0297,4,4536,14,0,1,step_like_batches,botted
SYN-0297,6,5942,18,0,1,step_like_batches,botted
SYN-0297,8,8756,27,1,2,step_like_batches,botted
SYN-0297,10,10677,33,1,2,step_like_batches,botted
SYN-0297,12,20549,63,1,4,step_like_batches,botted
SYN-0297,14,21808,67,2,4,step_like_batches,botted
SYN-0297,16,37676,115,3,7,step_like_batches,botted
SYN-0297,18,40686,124,3,7,step_like_batches,botted
SYN-0297,20,61192,187,4,11,step_like_batches,botted
SYN-0297,22,62457,191,4,11,step_like_batches,botted
SYN-0297,24,85778,262,6,15,step_like_batches,botted
SYN-0013,0,0,0,0,0,smooth_gradual,clean
SYN-0013,2,5853,497,39,99,smooth_gradual,clean
SYN-0013,4,10787,916,72,182,smooth_gradual,clean
SYN-0013,6,14968,1270,100,252,smooth_gradual,clean
SYN-0013,8,17134,1454,115,289,smooth_gradual,clean
SYN-0013,10,19501,1655,130,328,smooth_gradual,clean
SYN-0013,12,21515,1826,144,362,smooth_gradual,clean
SYN-0013,14,22036,1870,147,371,smooth_gradual,clean
SYN-0013,16,23294,1977,156,392,smooth_gradual,clean
SYN-0013,18,23928,2031,160,403,smooth_gradual,clean
SYN-0013,20,24557,2084,164,414,smooth_gradual,clean
SYN-0013,22,24715,2098,165,416,smooth_gradual,clean
SYN-0013,24,25413,2157,170,428,smooth_gradual,clean
SYN-0286,0,0,0,0,0,flat_then_spike,botted
SYN-0286,2,388,20,0,1,flat_then_spike,botted
SYN-0286,4,388,33,0,2,flat_then_spike,botted
SYN-0286,6,398,38,0,2,flat_then_spike,botted
SYN-0286,8,398,38,0,2,flat_then_spike,botted
SYN-0286,10,398,38,0,2,flat_then_spike,botted
SYN-0286,12,398,38,0,2,flat_then_spike,botted
SYN-0286,14,597,38,0,2,flat_then_spike,botted
SYN-0286,16,4489,38,0,2,flat_then_spike,botted
SYN-0286,18,7376,38,0,2,flat_then_spike,botted
SYN-0286,20,8065,38,0,2,flat_then_spike,botted
SYN-0286,22,9075,38,0,2,flat_then_spike,botted
SYN-0286,24,10000,59,0,3,flat_then_spike,botted
SYN-0260,0,0,0,0,0,flat_then_spike,botted
SYN-0260,2,14077,5543,1,29,flat_then_spike,botted
SYN-0260,4,14077,10435,1,54,flat_then_spike,botted
SYN-0260,6,22246,14752,2,76,flat_then_spike,botted
SYN-0260,8,26067,18562,3,96,flat_then_spike,botted
SYN-0260,10,27168,21924,3,113,flat_then_spike,botted
SYN-0260,12,31324,24891,3,128,flat_then_spike,botted
SYN-0260,14,31324,27510,4,142,flat_then_spike,botted
SYN-0260,16,240711,29820,4,154,flat_then_spike,botted
SYN-0260,18,401226,31860,4,164,flat_then_spike,botted
SYN-0260,20,448054,33659,5,174,flat_then_spike,botted
SYN-0260,22,493048,35247,5,182,flat_then_spike,botted
SYN-0260,24,545276,36649,5,189,flat_then_spike,botted
SYN-0025,0,0,0,0,0,normal_viral_smooth,clean
SYN-0025,2,39242,3002,27,172,normal_viral_smooth,clean
SYN-0025,4,160644,12288,111,703,normal_viral_smooth,clean
SYN-0025,6,366831,28060,253,1605,normal_viral_smooth,clean
SYN-0025,8,739411,56560,510,3236,normal_viral_smooth,clean
SYN-0025,10,1169858,89486,808,5119,normal_viral_smooth,clean
SYN-0025,12,1672948,127969,1155,7321,normal_viral_smooth,clean
SYN-0025,14,2183772,167043,1507,9556,normal_viral_smooth,clean
SYN-0025,16,2567510,196396,1772,11236,normal_viral_smooth,clean
SYN-0025,18,2891403,221172,1996,12653,normal_viral_smooth,clean
SYN-0025,20,3065963,234524,2116,13417,normal_viral_smooth,clean
SYN-0025,22,3097858,236964,2138,13556,normal_viral_smooth,clean
SYN-0025,24,3159680,241693,2181,13827,normal_viral_smooth,clean
SYN-0098,0,0,0,0,0,smooth_gradual,clean
SYN-0098,2,1084,106,1,9,smooth_gradual,clean
SYN-0098,4,1884,184,2,16,smooth_gradual,clean
SYN-0098,6,2378,232,2,21,smooth_gradual,clean
SYN-0098,8,2866,280,3,25,smooth_gradual,clean
SYN-0098,10,3186,311,3,28,smooth_gradual,clean
SYN-0098,12,3456,337,3,30,smooth_gradual,clean
SYN-0098,14,3699,361,3,32,smooth_gradual,clean
SYN-0098,16,3867,378,4,34,smooth_gradual,clean
SYN-0098,18,4042,395,4,35,smooth_gradual,clean
SYN-0098,20,4071,397,4,36,smooth_gradual,clean
SYN-0098,22,4113,402,4,36,smooth_gradual,clean
SYN-0098,24,4230,413,4,37,smooth_gradual,clean
SYN-0238,0,0,0,0,0,vertical_spike_no_engagement,botted
SYN-0238,2,5923,36,1,60,vertical_spike_no_engagement,botted
SYN-0238,4,13466,69,2,113,vertical_spike_no_engagement,botted
SYN-0238,6,13466,97,2,159,vertical_spike_no_engagement,botted
SYN-0238,8,14363,122,3,201,vertical_spike_no_engagement,botted
SYN-0238,10,14363,144,4,237,vertical_spike_no_engagement,botted
SYN-0238,12,20541,164,4,269,vertical_spike_no_engagement,botted
SYN-0238,14,27155,181,5,297,vertical_spike_no_engagement,botted
SYN-0238,16,29089,196,5,322,vertical_spike_no_engagement,botted
SYN-0238,18,599739,210,5,344,vertical_spike_no_engagement,botted
SYN-0238,20,756450,221,6,364,vertical_spike_no_engagement,botted
SYN-0238,22,793116,232,6,381,vertical_spike_no_engagement,botted
SYN-0238,24,850000,241,6,396,vertical_spike_no_engagement,botted
SYN-0247,0,0,0,0,0,vertical_spike_no_engagement,botted
SYN-0247,2,229,6,0,0,vertical_spike_no_engagement,botted
SYN-0247,4,270,11,0,1,vertical_spike_no_engagement,botted
SYN-0247,6,270,16,0,1,vertical_spike_no_engagement,botted
SYN-0247,8,270,20,1,1,vertical_spike_no_engagement,botted
SYN-0247,10,270,24,1,1,vertical_spike_no_engagement,botted
SYN-0247,12,309,27,1,1,vertical_spike_no_engagement,botted
SYN-0247,14,309,30,1,2,vertical_spike_no_engagement,botted
SYN-0247,16,346,33,1,2,vertical_spike_no_engagement,botted
SYN-0247,18,6936,35,1,2,vertical_spike_no_engagement,botted
SYN-0247,20,8834,37,1,2,vertical_spike_no_engagement,botted
SYN-0247,22,9440,38,1,2,vertical_spike_no_engagement,botted
SYN-0247,24,10000,40,1,2,vertical_spike_no_engagement,botted
SYN-0236,0,0,0,0,0,vertical_spike_no_engagement,botted
SYN-0236,2,651,1465,33,105,vertical_spike_no_engagement,botted
SYN-0236,4,3858,2430,55,174,vertical_spike_no_engagement,botted
SYN-0236,6,19334,2794,64,200,vertical_spike_no_engagement,botted
SYN-0236,8,19334,2794,64,200,vertical_spike_no_engagement,botted
SYN-0236,10,23378,2794,64,200,vertical_spike_no_engagement,botted
SYN-0236,12,23378,2794,64,200,vertical_spike_no_engagement,botted
SYN-0236,14,23378,2794,64,200,vertical_spike_no_engagement,botted
SYN-0236,16,23378,2794,64,200,vertical_spike_no_engagement,botted
SYN-0236,18,595740,2794,64,200,vertical_spike_no_engagement,botted
SYN-0236,20,754400,2794,64,200,vertical_spike_no_engagement,botted
SYN-0236,22,809319,2794,64,200,vertical_spike_no_engagement,botted
SYN-0236,24,850000,4298,98,308,vertical_spike_no_engagement,botted
SYN-0264,0,0,0,0,0,likes_freeze,botted
SYN-0264,2,0,7673,37,153,likes_freeze,botted
SYN-0264,4,0,12731,62,253,likes_freeze,botted
SYN-0264,6,15925,14635,72,291,likes_freeze,botted
SYN-0264,8,22089,14635,72,291,likes_freeze,botted
SYN-0264,10,22089,14635,72,291,likes_freeze,botted
SYN-0264,12,77913,14635,72,291,likes_freeze,botted
SYN-0264,14,362604,14635,72,291,likes_freeze,botted
SYN-0264,16,602494,14635,72,291,likes_freeze,botted
SYN-0264,18,661663,14635,72,291,likes_freeze,botted
SYN-0264,20,739156,14635,72,291,likes_freeze,botted
SYN-0264,22,793857,14635,72,291,likes_freeze,botted
SYN-0264,24,850000,22516,110,448,likes_freeze,botted
SYN-0294,0,0,0,0,0,likes_freeze,botted
SYN-0294,2,7272,1995,13,19,likes_freeze,botted
SYN-0294,4,7272,3310,22,32,likes_freeze,botted
SYN-0294,6,7272,3806,25,37,likes_freeze,botted
SYN-0294,8,11887,3806,25,37,likes_freeze,botted
SYN-0294,10,11887,3806,25,37,likes_freeze,botted
SYN-0294,12,66838,3806,25,37,likes_freeze,botted
SYN-0294,14,360923,3806,25,37,likes_freeze,botted
SYN-0294,16,614014,3806,25,37,likes_freeze,botted
SYN-0294,18,677161,3806,25,37,likes_freeze,botted
SYN-0294,20,725418,3806,25,37,likes_freeze,botted
SYN-0294,22,800764,3806,25,37,likes_freeze,botted
SYN-0294,24,850000,5855,39,57,likes_freeze,botted
SYN-0018,0,0,0,0,0,smooth_gradual,clean
SYN-0018,2,26721,2101,59,273,smooth_gradual,clean
SYN-0018,4,47903,3767,106,489,smooth_gradual,clean
SYN-0018,6,63423,4987,140,648,smooth_gradual,clean
SYN-0018,8,72484,5700,160,741,smooth_gradual,clean
SYN-0018,10,82608,6496,182,844,smooth_gradual,clean
SYN-0018,12,88504,6960,195,904,smooth_gradual,clean
SYN-0018,14,93588,7359,207,956,smooth_gradual,clean
SYN-0018,16,100050,7868,221,1022,smooth_gradual,clean
SYN-0018,18,102660,8073,227,1049,smooth_gradual,clean
SYN-0018,20,104628,8228,231,1069,smooth_gradual,clean
SYN-0018,22,107494,8453,237,1098,smooth_gradual,clean
SYN-0018,24,107851,8481,238,1102,smooth_gradual,clean
SYN-0209,0,0,0,0,0,vertical_spike_no_engagement,botted
SYN-0209,2,21990,294,1,19,vertical_spike_no_engagement,botted
SYN-0209,4,21990,553,2,36,vertical_spike_no_engagement,botted
SYN-0209,6,21990,782,3,51,vertical_spike_no_engagement,botted
SYN-0209,8,21990,984,4,64,vertical_spike_no_engagement,botted
SYN-0209,10,26033,1162,5,76,vertical_spike_no_engagement,botted
SYN-0209,12,26033,1319,5,86,vertical_spike_no_engagement,botted
SYN-0209,14,26033,1458,6,95,vertical_spike_no_engagement,botted
SYN-0209,16,29355,1580,7,103,vertical_spike_no_engagement,botted
SYN-0209,18,586646,1688,7,110,vertical_spike_no_engagement,botted
SYN-0209,20,750497,1784,7,117,vertical_spike_no_engagement,botted
SYN-0209,22,802795,1868,8,122,vertical_spike_no_engagement,botted
SYN-0209,24,850000,1942,8,127,vertical_spike_no_engagement,botted
SYN-0054,0,0,0,0,0,smooth_gradual,clean
SYN-0054,2,12696,1605,109,171,smooth_gradual,clean
SYN-0054,4,23617,2986,203,318,smooth_gradual,clean
SYN-0054,6,31798,4021,274,428,smooth_gradual,clean
SYN-0054,8,37994,4804,327,512,smooth_gradual,clean
SYN-0054,10,42208,5337,363,569,smooth_gradual,clean
SYN-0054,12,45136,5708,388,608,smooth_gradual,clean
SYN-0054,14,48881,6181,421,659,smooth_gradual,clean
SYN-0054,16,51222,6477,441,690,smooth_gradual,clean
SYN-0054,18,52026,6579,448,701,smooth_gradual,clean
SYN-0054,20,53985,6826,465,727,smooth_gradual,clean
SYN-0054,22,54715,6919,471,737,smooth_gradual,clean
SYN-0054,24,54851,6936,472,739,smooth_gradual,clean
SYN-0300,0,0,0,0,0,likes_freeze,botted
SYN-0300,2,1147,2299,5,2,likes_freeze,botted
SYN-0300,4,1147,3815,9,3,likes_freeze,botted
SYN-0300,6,1147,4386,10,4,likes_freeze,botted
SYN-0300,8,1681,4386,10,4,likes_freeze,botted
SYN-0300,10,2368,4386,10,4,likes_freeze,botted
SYN-0300,12,7385,4386,10,4,likes_freeze,botted
SYN-0300,14,35278,4386,10,4,likes_freeze,botted
SYN-0300,16,59804,4386,10,4,likes_freeze,botted
SYN-0300,18,66016,4386,10,4,likes_freeze,botted
SYN-0300,20,74246,4386,10,4,likes_freeze,botted
SYN-0300,22,78290,4386,10,4,likes_freeze,botted
SYN-0300,24,85117,6748,16,6,likes_freeze,botted
SYN-0100,0,0,0,0,0,normal_viral_smooth,clean
SYN-0100,2,324,31,1,6,normal_viral_smooth,clean
SYN-0100,4,994,95,2,18,normal_viral_smooth,clean
SYN-0100,6,2299,219,4,41,normal_viral_smooth,clean
SYN-0100,8,4737,451,9,84,normal_viral_smooth,clean
SYN-0100,10,7409,705,14,132,normal_viral_smooth,clean
SYN-0100,12,11088,1055,21,197,normal_viral_smooth,clean
SYN-0100,14,14475,1377,27,257,normal_viral_smooth,clean
SYN-0100,16,16949,1612,32,301,normal_viral_smooth,clean
SYN-0100,18,18716,1780,35,333,normal_viral_smooth,clean
SYN-0100,20,19554,1860,36,347,normal_viral_smooth,clean
SYN-0100,22,19982,1900,37,355,normal_viral_smooth,clean
SYN-0100,24,20376,1938,38,362,normal_viral_smooth,clean
SYN-0231,0,0,0,0,0,flat_then_spike,botted
SYN-0231,2,30057,4022,19,31,flat_then_spike,botted
SYN-0231,4,35601,7571,36,58,flat_then_spike,botted
SYN-0231,6,35601,10703,51,83,flat_then_spike,botted
SYN-0231,8,40032,13467,64,104,flat_then_spike,botted
SYN-0231,10,40032,15907,75,123,flat_then_spike,botted
SYN-0231,12,40032,18059,86,139,flat_then_spike,botted
SYN-0231,14,40032,19959,95,154,flat_then_spike,botted
SYN-0231,16,367369,21636,103,167,flat_then_spike,botted
SYN-0231,18,633570,23115,110,178,flat_then_spike,botted
SYN-0231,20,698998,24421,116,188,flat_then_spike,botted
SYN-0231,22,782140,25573,121,197,flat_then_spike,botted
SYN-0231,24,850000,26590,126,205,flat_then_spike,botted
SYN-0181,0,0,0,0,0,low_engagement_smooth,suspicious
SYN-0181,2,0,0,0,0,low_engagement_smooth,suspicious
SYN-0181,4,147,1,0,0,low_engagement_smooth,suspicious
SYN-0181,6,611,4,0,1,low_engagement_smooth,suspicious
SYN-0181,8,1669,11,1,3,low_engagement_smooth,suspicious
SYN-0181,10,2939,19,2,5,low_engagement_smooth,suspicious
SYN-0181,12,5152,33,3,8,low_engagement_smooth,suspicious
SYN-0181,14,7610,49,4,12,low_engagement_smooth,suspicious
SYN-0181,16,10168,66,5,16,low_engagement_smooth,suspicious
SYN-0181,18,11644,76,6,18,low_engagement_smooth,suspicious
SYN-0181,20,12541,81,7,20,low_engagement_smooth,suspicious
SYN-0181,22,12964,84,7,20,low_engagement_smooth,suspicious
SYN-0181,24,13391,87,7,21,low_engagement_smooth,suspicious
SYN-0246,0,0,0,0,0,flat_then_spike,botted
SYN-0246,2,23873,397,1,46,flat_then_spike,botted
SYN-0246,4,30020,747,2,86,flat_then_spike,botted
SYN-0246,6,35248,1057,2,122,flat_then_spike,botted
SYN-0246,8,36817,1330,3,153,flat_then_spike,botted
SYN-0246,10,44721,1570,4,181,flat_then_spike,botted
SYN-0246,12,49772,1783,4,205,flat_then_spike,botted
SYN-0246,14,49772,1970,5,227,flat_then_spike,botted
SYN-0246,16,382030,2136,5,246,flat_then_spike,botted
SYN-0246,18,615162,2282,5,263,flat_then_spike,botted
SYN-0246,20,694336,2411,6,277,flat_then_spike,botted
SYN-0246,22,785946,2525,6,290,flat_then_spike,botted
SYN-0246,24,850000,2625,6,302,flat_then_spike,botted
SYN-0199,0,0,0,0,0,flat_then_spike,suspicious
SYN-0199,2,2455,276,3,5,flat_then_spike,suspicious
SYN-0199,4,2818,520,5,10,flat_then_spike,suspicious
SYN-0199,6,3033,736,8,14,flat_then_spike,suspicious
SYN-0199,8,3650,926,10,17,flat_then_spike,suspicious
SYN-0199,10,3650,1094,11,20,flat_then_spike,suspicious
SYN-0199,12,3650,1242,13,23,flat_then_spike,suspicious
SYN-0199,14,4936,1372,14,26,flat_then_spike,suspicious
SYN-0199,16,34250,1487,15,28,flat_then_spike,suspicious
SYN-0199,18,57791,1589,17,30,flat_then_spike,suspicious
SYN-0199,20,64006,1679,17,31,flat_then_spike,suspicious
SYN-0199,22,71889,1758,18,33,flat_then_spike,suspicious
SYN-0199,24,77863,1828,19,34,flat_then_spike,suspicious
SYN-0005,0,0,0,0,0,normal_viral_smooth,clean
SYN-0005,2,692,61,5,0,normal_viral_smooth,clean
SYN-0005,4,1239,109,10,1,normal_viral_smooth,clean
SYN-0005,6,2207,193,17,1,normal_viral_smooth,clean
SYN-0005,8,4267,374,33,2,normal_viral_smooth,clean
SYN-0005,10,7464,654,57,4,normal_viral_smooth,clean
SYN-0005,12,11118,974,85,5,normal_viral_smooth,clean
SYN-0005,14,14561,1275,112,7,normal_viral_smooth,clean
SYN-0005,16,16650,1458,128,8,normal_viral_smooth,clean
SYN-0005,18,18419,1613,142,9,normal_viral_smooth,clean
SYN-0005,20,19770,1731,152,10,normal_viral_smooth,clean
SYN-0005,22,20272,1775,156,10,normal_viral_smooth,clean
SYN-0005,24,20420,1788,157,10,normal_viral_smooth,clean
SYN-0151,0,0,0,0,0,step_like_batches,suspicious
SYN-0151,2,458,6,1,4,step_like_batches,suspicious
SYN-0151,4,527,10,2,6,step_like_batches,suspicious
SYN-0151,6,641,11,3,7,step_like_batches,suspicious
SYN-0151,8,1097,11,3,7,step_like_batches,suspicious
SYN-0151,10,1493,11,3,7,step_like_batches,suspicious
SYN-0151,12,2722,11,3,7,step_like_batches,suspicious
SYN-0151,14,2789,11,3,7,step_like_batches,suspicious
SYN-0151,16,5685,11,3,7,step_like_batches,suspicious
SYN-0151,18,5685,11,3,7,step_like_batches,suspicious
SYN-0151,20,8414,11,3,7,step_like_batches,suspicious
SYN-0151,22,8928,11,3,7,step_like_batches,suspicious
SYN-0151,24,12238,17,4,11,step_like_batches,suspicious
SYN-0048,0,0,0,0,0,smooth_gradual,clean
SYN-0048,2,395,43,2,2,smooth_gradual,clean
SYN-0048,4,696,76,4,3,smooth_gradual,clean
SYN-0048,6,909,99,5,5,smooth_gradual,clean
SYN-0048,8,1098,120,6,5,smooth_gradual,clean
SYN-0048,10,1256,137,7,6,smooth_gradual,clean
SYN-0048,12,1331,145,7,7,smooth_gradual,clean
SYN-0048,14,1426,155,8,7,smooth_gradual,clean
SYN-0048,16,1470,160,8,7,smooth_gradual,clean
SYN-0048,18,1518,166,8,8,smooth_gradual,clean
SYN-0048,20,1555,170,9,8,smooth_gradual,clean
SYN-0048,22,1614,176,9,8,smooth_gradual,clean
SYN-0048,24,1614,176,9,8,smooth_gradual,clean
SYN-0189,0,0,0,0,0,late_like_spike,suspicious
SYN-0189,2,1940,11,0,1,late_like_spike,suspicious
SYN-0189,4,3569,21,1,2,late_like_spike,suspicious
SYN-0189,6,4684,30,1,3,late_like_spike,suspicious
SYN-0189,8,5750,37,1,4,late_like_spike,suspicious
SYN-0189,10,6801,44,1,5,late_like_spike,suspicious
SYN-0189,12,7411,50,1,5,late_like_spike,suspicious
SYN-0189,14,8149,56,2,6,late_like_spike,suspicious
SYN-0189,16,8630,60,2,7,late_like_spike,suspicious
SYN-0189,18,9233,64,2,7,late_like_spike,suspicious
SYN-0189,20,9436,68,2,7,late_like_spike,suspicious
SYN-0189,22,9817,71,2,8,late_like_spike,suspicious
SYN-0189,24,10000,74,2,8,late_like_spike,suspicious
SYN-0237,0,0,0,0,0,vertical_spike_no_engagement,botted
SYN-0237,2,9645,1877,0,104,vertical_spike_no_engagement,botted
SYN-0237,4,9645,3115,1,173,vertical_spike_no_engagement,botted
SYN-0237,6,9645,3581,1,199,vertical_spike_no_engagement,botted
SYN-0237,8,9645,3581,1,199,vertical_spike_no_engagement,botted
SYN-0237,10,21070,3581,1,199,vertical_spike_no_engagement,botted
SYN-0237,12,26429,3581,1,199,vertical_spike_no_engagement,botted
SYN-0237,14,26429,3581,1,199,vertical_spike_no_engagement,botted
SYN-0237,16,26981,3581,1,199,vertical_spike_no_engagement,botted
SYN-0237,18,593975,3581,1,199,vertical_spike_no_engagement,botted
SYN-0237,20,733174,3581,1,199,vertical_spike_no_engagement,botted
SYN-0237,22,793557,3581,1,199,vertical_spike_no_engagement,botted
SYN-0237,24,850000,5509,1,306,vertical_spike_no_engagement,botted
SYN-0244,0,0,0,0,0,step_like_batches,botted
SYN-0244,2,2406,98,0,4,step_like_batches,botted
SYN-0244,4,7794,185,1,7,step_like_batches,botted
SYN-0244,6,7794,261,1,10,step_like_batches,botted
SYN-0244,8,12197,329,1,12,step_like_batches,botted
SYN-0244,10,15469,388,1,14,step_like_batches,botted
SYN-0244,12,28117,441,1,16,step_like_batches,botted
SYN-0244,14,29646,487,2,18,step_like_batches,botted
SYN-0244,16,56306,528,2,20,step_like_batches,botted
SYN-0244,18,56907,564,2,21,step_like_batches,botted
SYN-0244,20,87543,596,2,22,step_like_batches,botted
SYN-0244,22,90312,624,2,23,step_like_batches,botted
SYN-0244,24,123965,649,2,24,step_like_batches,botted
SYN-0279,0,0,0,0,0,vertical_spike_no_engagement,botted
SYN-0279,2,22,12,0,2,vertical_spike_no_engagement,botted
SYN-0279,4,97,20,1,3,vertical_spike_no_engagement,botted
SYN-0279,6,144,23,1,3,vertical_spike_no_engagement,botted
SYN-0279,8,177,23,1,3,vertical_spike_no_engagement,botted
SYN-0279,10,247,23,1,3,vertical_spike_no_engagement,botted
SYN-0279,12,247,23,1,3,vertical_spike_no_engagement,botted
SYN-0279,14,247,23,1,3,vertical_spike_no_engagement,botted
SYN-0279,16,303,23,1,3,vertical_spike_no_engagement,botted
SYN-0279,18,6854,23,1,3,vertical_spike_no_engagement,botted
SYN-0279,20,8818,23,1,3,vertical_spike_no_engagement,botted
SYN-0279,22,9232,23,1,3,vertical_spike_no_engagement,botted
SYN-0279,24,10000,36,1,5,vertical_spike_no_engagement,botted
SYN-0214,0,0,0,0,0,flat_then_spike,botted
SYN-0214,2,1221,15,0,1,flat_then_spike,botted
SYN-0214,4,1488,28,1,2,flat_then_spike,botted
SYN-0214,6,1488,39,1,3,flat_then_spike,botted
SYN-0214,8,1991,50,2,4,flat_then_spike,botted
SYN-0214,10,2410,59,2,4,flat_then_spike,botted
SYN-0214,12,2410,67,2,5,flat_then_spike,botted
SYN-0214,14,2410,74,2,5,flat_then_spike,botted
SYN-0214,16,21705,80,2,6,flat_then_spike,botted
SYN-0214,18,35744,85,3,6,flat_then_spike,botted
SYN-0214,20,40227,90,3,6,flat_then_spike,botted
SYN-0214,22,43993,94,3,7,flat_then_spike,botted
SYN-0214,24,48694,98,3,7,flat_then_spike,botted
SYN-0227,0,0,0,0,0,flat_then_spike,botted
SYN-0227,2,20582,5051,1,19,flat_then_spike,botted
SYN-0227,4,20582,9509,3,35,flat_then_spike,botted
SYN-0227,6,20582,13442,4,50,flat_then_spike,botted
SYN-0227,8,22994,16914,5,63,flat_then_spike,botted
SYN-0227,10,29296,19978,5,74,flat_then_spike,botted
SYN-0227,12,29296,22681,6,84,flat_then_spike,botted
SYN-0227,14,31509,25067,7,93,flat_then_spike,botted
SYN-0227,16,268110,27173,7,101,flat_then_spike,botted
SYN-0227,18,430570,29031,8,108,flat_then_spike,botted
SYN-0227,20,483230,30671,8,114,flat_then_spike,botted
SYN-0227,22,539826,32118,9,119,flat_then_spike,botted
SYN-0227,24,597064,33395,9,124,flat_then_spike,botted
SYN-0074,0,0,0,0,0,smooth_gradual,clean
SYN-0074,2,269,10,1,0,smooth_gradual,clean
SYN-0074,4,438,16,2,0,smooth_gradual,clean
SYN-0074,6,599,22,3,1,smooth_gradual,clean
SYN-0074,8,704,26,3,1,smooth_gradual,clean
SYN-0074,10,792,30,4,1,smooth_gradual,clean
SYN-0074,12,860,32,4,1,smooth_gradual,clean
SYN-0074,14,921,34,4,1,smooth_gradual,clean
SYN-0074,16,964,36,5,1,smooth_gradual,clean
SYN-0074,18,988,37,5,1,smooth_gradual,clean
SYN-0074,20,1019,38,5,1,smooth_gradual,clean
SYN-0074,22,1025,38,5,1,smooth_gradual,clean
SYN-0074,24,1042,39,5,1,smooth_gradual,clean
SYN-0150,0,0,0,0,0,low_engagement_smooth,suspicious
SYN-0150,2,23,0,0,0,low_engagement_smooth,suspicious
SYN-0150,4,108,0,0,0,low_engagement_smooth,suspicious
SYN-0150,6,559,3,0,0,low_engagement_smooth,suspicious
SYN-0150,8,1262,6,1,0,low_engagement_smooth,suspicious
SYN-0150,10,2380,11,1,0,low_engagement_smooth,suspicious
SYN-0150,12,4044,18,2,0,low_engagement_smooth,suspicious
SYN-0150,14,5768,26,3,1,low_engagement_smooth,suspicious
SYN-0150,16,7457,34,4,1,low_engagement_smooth,suspicious
SYN-0150,18,8776,39,5,1,low_engagement_smooth,suspicious
SYN-0150,20,9532,43,6,1,low_engagement_smooth,suspicious
SYN-0150,22,9819,44,6,1,low_engagement_smooth,suspicious
SYN-0150,24,10000,45,6,1,low_engagement_smooth,suspicious
SYN-0125,0,0,0,0,0,late_like_spike,suspicious
SYN-0125,2,1851,17,1,1,late_like_spike,suspicious
SYN-0125,4,3306,32,1,2,late_like_spike,suspicious
SYN-0125,6,4685,46,2,2,late_like_spike,suspicious
SYN-0125,8,5938,58,3,3,late_like_spike,suspicious
SYN-0125,10,6830,68,3,4,late_like_spike,suspicious
SYN-0125,12,7413,77,3,4,late_like_spike,suspicious
SYN-0125,14,8224,86,4,5,late_like_spike,suspicious
SYN-0125,16,8566,93,4,5,late_like_spike,suspicious
SYN-0125,18,9152,99,4,5,late_like_spike,suspicious
SYN-0125,20,9359,105,5,6,late_like_spike,suspicious
SYN-0125,22,9809,110,5,6,late_like_spike,suspicious
SYN-0125,24,10000,114,5,6,late_like_spike,suspicious
SYN-0167,0,0,0,0,0,late_like_spike,suspicious
SYN-0167,2,114319,1374,25,4,late_like_spike,suspicious
SYN-0167,4,208935,1480,26,4,late_like_spike,suspicious
SYN-0167,6,292068,1585,28,5,late_like_spike,suspicious
SYN-0167,8,345149,1691,30,5,late_like_spike,suspicious
SYN-0167,10,411732,1797,32,5,late_like_spike,suspicious
SYN-0167,12,443901,1902,34,6,late_like_spike,suspicious
SYN-0167,14,493634,2008,36,6,late_like_spike,suspicious
SYN-0167,16,510206,2114,38,6,late_like_spike,suspicious
SYN-0167,18,541907,3171,57,9,late_like_spike,suspicious
SYN-0167,20,570329,6342,114,19,late_like_spike,suspicious
SYN-0167,22,576544,9512,170,28,late_like_spike,suspicious
SYN-0167,24,600000,12683,227,37,late_like_spike,suspicious
SYN-0210,0,0,0,0,0,flat_then_spike,botted
SYN-0210,2,4873,157,2,9,flat_then_spike,botted
SYN-0210,4,4873,295,4,17,flat_then_spike,botted
SYN-0210,6,6119,417,6,24,flat_then_spike,botted
SYN-0210,8,6119,525,8,30,flat_then_spike,botted
SYN-0210,10,6414,620,9,36,flat_then_spike,botted
SYN-0210,12,6414,704,10,41,flat_then_spike,botted
SYN-0210,14,6414,778,11,45,flat_then_spike,botted
SYN-0210,16,58044,843,12,49,flat_then_spike,botted
SYN-0210,18,95196,901,13,52,flat_then_spike,botted
SYN-0210,20,109075,951,14,55,flat_then_spike,botted
SYN-0210,22,120004,996,14,58,flat_then_spike,botted
SYN-0210,24,132196,1036,15,60,flat_then_spike,botted
SYN-0057,0,0,0,0,0,normal_viral_smooth,clean
SYN-0057,2,2,0,0,0,normal_viral_smooth,clean
SYN-0057,4,13,2,0,0,normal_viral_smooth,clean
SYN-0057,6,25,3,0,0,normal_viral_smooth,clean
SYN-0057,8,42,5,0,1,normal_viral_smooth,clean
SYN-0057,10,68,9,0,1,normal_viral_smooth,clean
SYN-0057,12,105,13,1,2,normal_viral_smooth,clean
SYN-0057,14,131,16,1,2,normal_viral_smooth,clean
SYN-0057,16,156,20,1,2,normal_viral_smooth,clean
SYN-0057,18,171,22,1,3,normal_viral_smooth,clean
SYN-0057,20,184,23,1,3,normal_viral_smooth,clean
SYN-0057,22,187,24,1,3,normal_viral_smooth,clean
SYN-0057,24,191,24,1,3,normal_viral_smooth,clean
SYN-0298,0,0,0,0,0,vertical_spike_no_engagement,botted
SYN-0298,2,3356,241,0,0,vertical_spike_no_engagement,botted
SYN-0298,4,3356,400,1,1,vertical_spike_no_engagement,botted
SYN-0298,6,3356,460,1,1,vertical_spike_no_engagement,botted
SYN-0298,8,3356,460,1,1,vertical_spike_no_engagement,botted
SYN-0298,10,3356,460,1,1,vertical_spike_no_engagement,botted
SYN-0298,12,4278,460,1,1,vertical_spike_no_engagement,botted
SYN-0298,14,4278,460,1,1,vertical_spike_no_engagement,botted
SYN-0298,16,4847,460,1,1,vertical_spike_no_engagement,botted
SYN-0298,18,89887,460,1,1,vertical_spike_no_engagement,botted
SYN-0298,20,113863,460,1,1,vertical_spike_no_engagement,botted
SYN-0298,22,120631,460,1,1,vertical_spike_no_engagement,botted
SYN-0298,24,128648,707,1,1,vertical_spike_no_engagement,botted
SYN-0190,0,0,0,0,0,step_like_batches,suspicious
SYN-0190,2,797,7,0,0,step_like_batches,suspicious
SYN-0190,4,991,8,1,0,step_like_batches,suspicious
SYN-0190,6,1374,11,1,0,step_like_batches,suspicious
SYN-0190,8,2310,19,1,1,step_like_batches,suspicious
SYN-0190,10,2460,21,1,1,step_like_batches,suspicious
SYN-0190,12,5290,44,3,2,step_like_batches,suspicious
SYN-0190,14,5375,45,3,2,step_like_batches,suspicious
SYN-0190,16,9939,83,6,3,step_like_batches,suspicious
SYN-0190,18,10614,89,6,4,step_like_batches,suspicious
SYN-0190,20,16255,136,9,6,step_like_batches,suspicious
SYN-0190,22,16423,137,9,6,step_like_batches,suspicious
SYN-0190,24,22755,190,13,8,step_like_batches,suspicious
SYN-0204,0,0,0,0,0,step_like_batches,botted
SYN-0204,2,622,34,0,0,step_like_batches,botted
SYN-0204,4,1574,64,1,1,step_like_batches,botted
SYN-0204,6,1948,90,1,1,step_like_batches,botted
SYN-0204,8,2948,113,2,1,step_like_batches,botted
SYN-0204,10,2948,134,2,1,step_like_batches,botted
SYN-0204,12,6298,152,2,1,step_like_batches,botted
SYN-0204,14,6804,168,2,2,step_like_batches,botted
SYN-0204,16,12845,182,2,2,step_like_batches,botted
SYN-0204,18,13068,195,3,2,step_like_batches,botted
SYN-0204,20,20126,206,3,2,step_like_batches,botted
SYN-0204,22,20796,215,3,2,step_like_batches,botted
SYN-0204,24,29183,224,3,2,step_like_batches,botted
SYN-0124,0,0,0,0,0,flat_then_spike,suspicious
SYN-0124,2,12250,1066,26,122,flat_then_spike,suspicious
SYN-0124,4,15571,2007,48,229,flat_then_spike,suspicious
SYN-0124,6,24922,2837,68,324,flat_then_spike,suspicious
SYN-0124,8,24922,3569,86,408,flat_then_spike,suspicious
SYN-0124,10,24922,4216,102,482,flat_then_spike,suspicious
SYN-0124,12,31155,4786,115,547,flat_then_spike,suspicious
SYN-0124,14,31155,5290,128,604,flat_then_spike,suspicious
SYN-0124,16,262435,5734,138,655,flat_then_spike,suspicious
SYN-0124,18,433397,6126,148,700,flat_then_spike,suspicious
SYN-0124,20,499380,6472,156,739,flat_then_spike,suspicious
SYN-0124,22,543337,6778,163,774,flat_then_spike,suspicious
SYN-0124,24,600000,7047,170,805,flat_then_spike,suspicious
SYN-0276,0,0,0,0,0,likes_freeze,botted
SYN-0276,2,304,727,1,2,likes_freeze,botted
SYN-0276,4,304,1207,1,4,likes_freeze,botted
SYN-0276,6,725,1387,1,5,likes_freeze,botted
SYN-0276,8,725,1387,1,5,likes_freeze,botted
SYN-0276,10,1007,1387,1,5,likes_freeze,botted
SYN-0276,12,1874,1387,1,5,likes_freeze,botted
SYN-0276,14,11784,1387,1,5,likes_freeze,botted
SYN-0276,16,19872,1387,1,5,likes_freeze,botted
SYN-0276,18,22198,1387,1,5,likes_freeze,botted
SYN-0276,20,24033,1387,1,5,likes_freeze,botted
SYN-0276,22,26191,1387,1,5,likes_freeze,botted
SYN-0276,24,28103,2134,2,7,likes_freeze,botted
SYN-0116,0,0,0,0,0,low_engagement_smooth,suspicious
SYN-0116,2,83,19,0,2,low_engagement_smooth,suspicious
SYN-0116,4,383,36,0,3,low_engagement_smooth,suspicious
SYN-0116,6,563,51,0,4,low_engagement_smooth,suspicious
SYN-0116,8,1174,64,1,5,low_engagement_smooth,suspicious
SYN-0116,10,2383,76,1,6,low_engagement_smooth,suspicious
SYN-0116,12,4048,86,1,7,low_engagement_smooth,suspicious
SYN-0116,14,5818,95,1,8,low_engagement_smooth,suspicious
SYN-0116,16,7551,103,1,8,low_engagement_smooth,suspicious
SYN-0116,18,8663,110,1,9,low_engagement_smooth,suspicious
SYN-0116,20,9569,117,1,9,low_engagement_smooth,suspicious
SYN-0116,22,9825,122,1,10,low_engagement_smooth,suspicious
SYN-0116,24,10000,127,1,10,low_engagement_smooth,suspicious
SYN-0200,0,0,0,0,0,low_engagement_smooth,suspicious
SYN-0200,2,0,0,0,0,low_engagement_smooth,suspicious
SYN-0200,4,13838,154,4,2,low_engagement_smooth,suspicious
SYN-0200,6,37538,417,11,6,low_engagement_smooth,suspicious
SYN-0200,8,68624,762,21,11,low_engagement_smooth,suspicious
SYN-0200,10,137694,1529,42,22,low_engagement_smooth,suspicious
SYN-0200,12,243266,2702,74,40,low_engagement_smooth,suspicious
SYN-0200,14,356870,3964,109,58,low_engagement_smooth,suspicious
SYN-0200,16,455273,5057,139,74,low_engagement_smooth,suspicious
SYN-0200,18,514581,5715,157,84,low_engagement_smooth,suspicious
SYN-0200,20,568461,6314,173,93,low_engagement_smooth,suspicious
SYN-0200,22,589429,6547,180,96,low_engagement_smooth,suspicious
SYN-0200,24,600000,6664,183,98,low_engagement_smooth,suspicious
SYN-0212,0,0,0,0,0,flat_then_spike,botted
SYN-0212,2,671,136,0,2,flat_then_spike,botted
SYN-0212,4,671,255,1,4,flat_then_spike,botted
SYN-0212,6,917,361,1,6,flat_then_spike,botted
SYN-0212,8,1059,454,1,7,flat_then_spike,botted
SYN-0212,10,1059,537,1,8,flat_then_spike,botted
SYN-0212,12,1059,609,1,10,flat_then_spike,botted
SYN-0212,14,1059,673,2,11,flat_then_spike,botted
SYN-0212,16,9592,730,2,11,flat_then_spike,botted
SYN-0212,18,15255,780,2,12,flat_then_spike,botted
SYN-0212,20,17372,824,2,13,flat_then_spike,botted
SYN-0212,22,19496,863,2,13,flat_then_spike,botted
SYN-0212,24,21261,897,2,14,flat_then_spike,botted
SYN-0136,0,0,0,0,0,low_engagement_smooth,suspicious
SYN-0136,2,202,36,0,2,low_engagement_smooth,suspicious
SYN-0136,4,310,69,0,4,low_engagement_smooth,suspicious
SYN-0136,6,454,97,0,5,low_engagement_smooth,suspicious
SYN-0136,8,1070,122,1,7,low_engagement_smooth,suspicious
SYN-0136,10,2336,144,1,8,low_engagement_smooth,suspicious
SYN-0136,12,3835,164,1,9,low_engagement_smooth,suspicious
SYN-0136,14,5858,181,1,10,low_engagement_smooth,suspicious
SYN-0136,16,7386,196,1,11,low_engagement_smooth,suspicious
SYN-0136,18,8837,210,1,11,low_engagement_smooth,suspicious
SYN-0136,20,9444,221,1,12,low_engagement_smooth,suspicious
SYN-0136,22,9780,232,1,13,low_engagement_smooth,suspicious
SYN-0136,24,10000,241,1,13,low_engagement_smooth,suspicious
SYN-0206,0,0,0,0,0,likes_freeze,botted
SYN-0206,2,115,16,1,5,likes_freeze,botted
SYN-0206,4,1305,26,2,9,likes_freeze,botted
SYN-0206,6,1690,30,3,10,likes_freeze,botted
SYN-0206,8,1690,30,3,10,likes_freeze,botted
SYN-0206,10,1779,30,3,10,likes_freeze,botted
SYN-0206,12,6211,30,3,10,likes_freeze,botted
SYN-0206,14,32173,30,3,10,likes_freeze,botted
SYN-0206,16,55903,30,3,10,likes_freeze,botted
SYN-0206,18,60531,30,3,10,likes_freeze,botted
SYN-0206,20,65528,30,3,10,likes_freeze,botted
SYN-0206,22,71692,30,3,10,likes_freeze,botted
SYN-0206,24,77456,46,4,16,likes_freeze,botted
SYN-0170,0,0,0,0,0,flat_then_spike,suspicious
SYN-0170,2,19860,543,0,3,flat_then_spike,suspicious
SYN-0170,4,19860,1022,0,6,flat_then_spike,suspicious
SYN-0170,6,21322,1445,0,9,flat_then_spike,suspicious
SYN-0170,8,21322,1818,1,11,flat_then_spike,suspicious
SYN-0170,10,21322,2148,1,13,flat_then_spike,suspicious
SYN-0170,12,30064,2438,1,15,flat_then_spike,suspicious
SYN-0170,14,30064,2695,1,17,flat_then_spike,suspicious
SYN-0170,16,241679,2921,1,18,flat_then_spike,suspicious
SYN-0170,18,409986,3121,1,19,flat_then_spike,suspicious
SYN-0170,20,448430,3297,1,20,flat_then_spike,suspicious
SYN-0170,22,504914,3453,1,21,flat_then_spike,suspicious
SYN-0170,24,553575,3590,1,22,flat_then_spike,suspicious
SYN-0090,0,0,0,0,0,normal_viral_smooth,clean
SYN-0090,2,2,0,0,0,normal_viral_smooth,clean
SYN-0090,4,3,0,0,0,normal_viral_smooth,clean
SYN-0090,6,8,1,0,0,normal_viral_smooth,clean
SYN-0090,8,15,1,0,0,normal_viral_smooth,clean
SYN-0090,10,24,2,0,0,normal_viral_smooth,clean
SYN-0090,12,35,3,0,0,normal_viral_smooth,clean
SYN-0090,14,46,3,0,0,normal_viral_smooth,clean
SYN-0090,16,54,4,0,0,normal_viral_smooth,clean
SYN-0090,18,60,5,0,0,normal_viral_smooth,clean
SYN-0090,20,63,5,0,0,normal_viral_smooth,clean
SYN-0090,22,66,5,0,0,normal_viral_smooth,clean
SYN-0090,24,66,5,0,0,normal_viral_smooth,clean
SYN-0146,0,0,0,0,0,flat_then_spike,suspicious
SYN-0146,2,3502,188,2,14,flat_then_spike,suspicious
SYN-0146,4,3502,354,3,26,flat_then_spike,suspicious
SYN-0146,6,3502,501,4,36,flat_then_spike,suspicious
SYN-0146,8,4690,631,5,46,flat_then_spike,suspicious
SYN-0146,10,4690,745,6,54,flat_then_spike,suspicious
SYN-0146,12,4776,846,7,61,flat_then_spike,suspicious
SYN-0146,14,4776,935,8,68,flat_then_spike,suspicious
SYN-0146,16,42261,1013,8,73,flat_then_spike,suspicious
SYN-0146,18,73062,1082,9,78,flat_then_spike,suspicious
SYN-0146,20,81172,1143,9,83,flat_then_spike,suspicious
SYN-0146,22,89255,1197,10,87,flat_then_spike,suspicious
SYN-0146,24,99100,1245,10,90,flat_then_spike,suspicious
SYN-0024,0,0,0,0,0,smooth_gradual,clean
SYN-0024,2,13085,595,67,105,smooth_gradual,clean
SYN-0024,4,22364,1016,114,180,smooth_gradual,clean
SYN-0024,6,29212,1327,148,235,smooth_gradual,clean
SYN-0024,8,35757,1625,182,288,smooth_gradual,clean
SYN-0024,10,39520,1796,201,318,smooth_gradual,clean
SYN-0024,12,43032,1955,219,346,smooth_gradual,clean
SYN-0024,14,45495,2067,231,366,smooth_gradual,clean
SYN-0024,16,47259,2148,240,380,smooth_gradual,clean
SYN-0024,18,49654,2256,252,399,smooth_gradual,clean
SYN-0024,20,49654,2256,252,399,smooth_gradual,clean
SYN-0024,22,51164,2325,260,411,smooth_gradual,clean
SYN-0024,24,51737,2351,263,416,smooth_gradual,clean
SYN-0188,0,0,0,0,0,flat_then_spike,suspicious
SYN-0188,2,15124,5051,3,366,flat_then_spike,suspicious
SYN-0188,4,21221,8380,5,608,flat_then_spike,suspicious
SYN-0188,6,21221,9634,6,699,flat_then_spike,suspicious
SYN-0188,8,21221,9634,6,699,flat_then_spike,suspicious
SYN-0188,10,21221,9634,6,699,flat_then_spike,suspicious
SYN-0188,12,30534,9634,6,699,flat_then_spike,suspicious
SYN-0188,14,34255,9634,6,699,flat_then_spike,suspicious
SYN-0188,16,259844,9634,6,699,flat_then_spike,suspicious
SYN-0188,18,444782,9634,6,699,flat_then_spike,suspicious
SYN-0188,20,497361,9634,6,699,flat_then_spike,suspicious
SYN-0188,22,543635,9634,6,699,flat_then_spike,suspicious
SYN-0188,24,600000,14822,9,1075,flat_then_spike,suspicious
SYN-0044,0,0,0,0,0,smooth_gradual,clean
SYN-0044,2,567,62,4,2,smooth_gradual,clean
SYN-0044,4,1003,110,7,3,smooth_gradual,clean
SYN-0044,6,1277,139,9,4,smooth_gradual,clean
SYN-0044,8,1556,170,11,5,smooth_gradual,clean
SYN-0044,10,1722,188,12,5,smooth_gradual,clean
SYN-0044,12,1881,205,13,6,smooth_gradual,clean
SYN-0044,14,2005,219,14,6,smooth_gradual,clean
SYN-0044,16,2087,228,15,6,smooth_gradual,clean
SYN-0044,18,2158,236,15,7,smooth_gradual,clean
SYN-0044,20,2207,241,15,7,smooth_gradual,clean
SYN-0044,22,2268,248,16,7,smooth_gradual,clean
SYN-0044,24,2281,249,16,7,smooth_gradual,clean
SYN-0155,0,0,0,0,0,flat_then_spike,suspicious
SYN-0155,2,7730,807,43,38,flat_then_spike,suspicious
SYN-0155,4,18569,1519,80,71,flat_then_spike,suspicious
SYN-0155,6,18569,2148,114,101,flat_then_spike,suspicious
SYN-0155,8,25426,2703,143,127,flat_then_spike,suspicious
SYN-0155,10,26663,3192,169,150,flat_then_spike,suspicious
SYN-0155,12,26663,3624,192,170,flat_then_spike,suspicious
SYN-0155,14,26663,4005,212,188,flat_then_spike,suspicious
SYN-0155,16,268026,4342,229,203,flat_then_spike,suspicious
SYN-0155,18,441314,4639,245,217,flat_then_spike,suspicious
SYN-0155,20,490171,4901,259,230,flat_then_spike,suspicious
SYN-0155,22,553900,5132,271,240,flat_then_spike,suspicious
SYN-0155,24,600000,5336,282,250,flat_then_spike,suspicious
SYN-0137,0,0,0,0,0,low_engagement_smooth,suspicious
SYN-0137,2,197,1,0,0,low_engagement_smooth,suspicious
SYN-0137,4,197,1,0,0,low_engagement_smooth,suspicious
SYN-0137,6,441,2,0,0,low_engagement_smooth,suspicious
SYN-0137,8,1136,5,1,1,low_engagement_smooth,suspicious
SYN-0137,10,2436,10,2,2,low_engagement_smooth,suspicious
SYN-0137,12,3856,16,3,4,low_engagement_smooth,suspicious
SYN-0137,14,5732,24,4,6,low_engagement_smooth,suspicious
SYN-0137,16,7645,31,5,8,low_engagement_smooth,suspicious
SYN-0137,18,8587,35,6,9,low_engagement_smooth,suspicious
SYN-0137,20,9356,38,7,9,low_engagement_smooth,suspicious
SYN-0137,22,9903,41,7,10,low_engagement_smooth,suspicious
SYN-0137,24,10000,41,7,10,low_engagement_smooth,suspicious
SYN-0182,0,0,0,0,0,step_like_batches,suspicious
SYN-0182,2,4060,11,2,6,step_like_batches,suspicious
SYN-0182,4,12046,33,5,18,step_like_batches,suspicious
SYN-0182,6,16489,45,6,24,step_like_batches,suspicious
SYN-0182,8,23578,65,9,35,step_like_batches,suspicious
SYN-0182,10,27174,75,11,40,step_like_batches,suspicious
SYN-0182,12,53420,147,21,79,step_like_batches,suspicious
SYN-0182,14,53420,147,21,79,step_like_batches,suspicious
SYN-0182,16,101969,280,40,151,step_like_batches,suspicious
SYN-0182,18,101969,280,40,151,step_like_batches,suspicious
SYN-0182,20,157677,434,62,234,step_like_batches,suspicious
SYN-0182,22,164150,452,65,244,step_like_batches,suspicious
SYN-0182,24,223573,615,88,332,step_like_batches,suspicious
SYN-0007,0,0,0,0,0,smooth_gradual,clean
SYN-0007,2,681,23,1,2,smooth_gradual,clean
SYN-0007,4,1226,42,2,3,smooth_gradual,clean
SYN-0007,6,1653,56,3,5,smooth_gradual,clean
SYN-0007,8,1946,66,3,5,smooth_gradual,clean
SYN-0007,10,2215,75,4,6,smooth_gradual,clean
SYN-0007,12,2359,80,4,7,smooth_gradual,clean
SYN-0007,14,2530,86,4,7,smooth_gradual,clean
SYN-0007,16,2627,89,5,7,smooth_gradual,clean
SYN-0007,18,2665,90,5,8,smooth_gradual,clean
SYN-0007,20,2775,94,5,8,smooth_gradual,clean
SYN-0007,22,2788,94,5,8,smooth_gradual,clean
SYN-0007,24,2833,96,5,8,smooth_gradual,clean
SYN-0292,0,0,0,0,0,step_like_batches,botted
SYN-0292,2,1047,40,0,3,step_like_batches,botted
SYN-0292,4,1641,67,1,6,step_like_batches,botted
SYN-0292,6,1910,77,1,6,step_like_batches,botted
SYN-0292,8,2748,77,1,6,step_like_batches,botted
SYN-0292,10,2768,77,1,6,step_like_batches,botted
SYN-0292,12,5751,77,1,6,step_like_batches,botted
SYN-0292,14,6144,77,1,6,step_like_batches,botted
SYN-0292,16,11458,77,1,6,step_like_batches,botted
SYN-0292,18,11803,77,1,6,step_like_batches,botted
SYN-0292,20,18521,77,1,6,step_like_batches,botted
SYN-0292,22,19194,77,1,6,step_like_batches,botted
SYN-0292,24,26318,118,1,10,step_like_batches,botted
SYN-0153,0,0,0,0,0,low_engagement_smooth,suspicious
SYN-0153,2,4331,38,2,6,low_engagement_smooth,suspicious
SYN-0153,4,7050,61,4,9,low_engagement_smooth,suspicious
SYN-0153,6,15100,132,8,20,low_engagement_smooth,suspicious
SYN-0153,8,26147,228,13,35,low_engagement_smooth,suspicious
SYN-0153,10,50166,437,26,67,low_engagement_smooth,suspicious
SYN-0153,12,92142,802,47,124,low_engagement_smooth,suspicious
SYN-0153,14,131282,1143,67,176,low_engagement_smooth,suspicious
SYN-0153,16,168801,1470,86,227,low_engagement_smooth,suspicious
SYN-0153,18,197807,1723,101,266,low_engagement_smooth,suspicious
SYN-0153,20,214041,1864,110,288,low_engagement_smooth,suspicious
SYN-0153,22,227527,1982,117,306,low_engagement_smooth,suspicious
SYN-0153,24,228489,1990,117,307,low_engagement_smooth,suspicious
SYN-0219,0,0,0,0,0,step_like_batches,botted
SYN-0219,2,33666,1089,5,18,step_like_batches,botted
SYN-0219,4,49225,1592,8,27,step_like_batches,botted
SYN-0219,6,60451,1955,9,33,step_like_batches,botted
SYN-0219,8,85228,2757,13,47,step_like_batches,botted
SYN-0219,10,85593,2768,13,47,step_like_batches,botted
SYN-0219,12,206148,6668,32,113,step_like_batches,botted
SYN-0219,14,206148,6668,32,113,step_like_batches,botted
SYN-0219,16,394415,12757,62,216,step_like_batches,botted
SYN-0219,18,394415,12757,62,216,step_like_batches,botted
SYN-0219,20,603884,19532,94,331,step_like_batches,botted
SYN-0219,22,617166,19962,97,338,step_like_batches,botted
SYN-0219,24,850000,27493,133,466,step_like_batches,botted
SYN-0293,0,0,0,0,0,likes_freeze,botted
SYN-0293,2,0,11874,0,44,likes_freeze,botted
SYN-0293,4,3834,19701,0,74,likes_freeze,botted
SYN-0293,6,7571,22649,0,84,likes_freeze,botted
SYN-0293,8,17878,22649,0,84,likes_freeze,botted
SYN-0293,10,23295,22649,0,84,likes_freeze,botted
SYN-0293,12,75907,22649,0,84,likes_freeze,botted
SYN-0293,14,341886,22649,0,84,likes_freeze,botted
SYN-0293,16,611683,22649,0,84,likes_freeze,botted
SYN-0293,18,668802,22649,0,84,likes_freeze,botted
SYN-0293,20,721706,22649,0,84,likes_freeze,botted
SYN-0293,22,784940,22649,0,84,likes_freeze,botted
SYN-0293,24,850000,34845,0,130,likes_freeze,botted
SYN-0023,0,0,0,0,0,smooth_gradual,clean
SYN-0023,2,29,4,0,0,smooth_gradual,clean
SYN-0023,4,52,7,0,1,smooth_gradual,clean
SYN-0023,6,69,9,1,1,smooth_gradual,clean
SYN-0023,8,82,10,1,1,smooth_gradual,clean
SYN-0023,10,89,11,1,2,smooth_gradual,clean
SYN-0023,12,100,13,1,2,smooth_gradual,clean
SYN-0023,14,103,13,1,2,smooth_gradual,clean
SYN-0023,16,108,14,1,2,smooth_gradual,clean
SYN-0023,18,111,14,1,2,smooth_gradual,clean
SYN-0023,20,115,15,1,2,smooth_gradual,clean
SYN-0023,22,116,15,1,2,smooth_gradual,clean
SYN-0023,24,118,15,1,2,smooth_gradual,clean
SYN-0175,0,0,0,0,0,low_engagement_smooth,suspicious
SYN-0175,2,90,0,0,0,low_engagement_smooth,suspicious
SYN-0175,4,386,2,0,0,low_engagement_smooth,suspicious
SYN-0175,6,680,4,0,1,low_engagement_smooth,suspicious
SYN-0175,8,1555,8,1,2,low_engagement_smooth,suspicious
SYN-0175,10,3101,17,2,4,low_engagement_smooth,suspicious
SYN-0175,12,4983,27,3,6,low_engagement_smooth,suspicious
SYN-0175,14,7364,40,5,9,low_engagement_smooth,suspicious
SYN-0175,16,9681,52,7,12,low_engagement_smooth,suspicious
SYN-0175,18,11429,62,8,14,low_engagement_smooth,suspicious
SYN-0175,20,12407,67,9,15,low_engagement_smooth,suspicious
SYN-0175,22,12798,69,9,16,low_engagement_smooth,suspicious
SYN-0175,24,12980,70,9,16,low_engagement_smooth,suspicious
SYN-0172,0,0,0,0,0,low_engagement_smooth,suspicious
SYN-0172,2,11948,121,7,10,low_engagement_smooth,suspicious
SYN-0172,4,18603,189,10,15,low_engagement_smooth,suspicious
SYN-0172,6,40980,416,23,34,low_engagement_smooth,suspicious
SYN-0172,8,79532,808,44,66,low_engagement_smooth,suspicious
SYN-0172,10,146707,1491,81,122,low_engagement_smooth,suspicious
SYN-0172,12,239380,2433,132,199,low_engagement_smooth,suspicious
SYN-0172,14,346104,3518,191,287,low_engagement_smooth,suspicious
SYN-0172,16,459393,4669,253,381,low_engagement_smooth,suspicious
SYN-0172,18,517936,5264,286,430,low_engagement_smooth,suspicious
SYN-0172,20,558744,5679,308,464,low_engagement_smooth,suspicious
SYN-0172,22,590250,5999,326,490,low_engagement_smooth,suspicious
SYN-0172,24,600000,6098,331,498,low_engagement_smooth,suspicious
SYN-0140,0,0,0,0,0,low_engagement_smooth,suspicious
SYN-0140,2,13332,326,0,19,low_engagement_smooth,suspicious
SYN-0140,4,17335,424,0,24,low_engagement_smooth,suspicious
SYN-0140,6,27864,681,1,39,low_engagement_smooth,suspicious
SYN-0140,8,78994,1931,2,110,low_engagement_smooth,suspicious
SYN-0140,10,131117,3206,3,182,low_engagement_smooth,suspicious
SYN-0140,12,233444,5707,5,324,low_engagement_smooth,suspicious
SYN-0140,14,357678,8745,8,497,low_engagement_smooth,suspicious
SYN-0140,16,452114,11053,11,628,low_engagement_smooth,suspicious
SYN-0140,18,523038,12787,12,727,low_engagement_smooth,suspicious
SYN-0140,20,563944,13787,13,784,low_engagement_smooth,suspicious
SYN-0140,22,581495,14217,14,808,low_engagement_smooth,suspicious
SYN-0140,24,600000,14669,14,834,low_engagement_smooth,suspicious
SYN-0053,0,0,0,0,0,smooth_gradual,clean
SYN-0053,2,96047,3177,98,14,smooth_gradual,clean
SYN-0053,4,168606,5578,172,24,smooth_gradual,clean
SYN-0053,6,226762,7502,231,32,smooth_gradual,clean
SYN-0053,8,269524,8916,275,38,smooth_gradual,clean
SYN-0053,10,300398,9938,306,43,smooth_gradual,clean
SYN-0053,12,327782,10844,334,47,smooth_gradual,clean
SYN-0053,14,340091,11251,347,49,smooth_gradual,clean
SYN-0053,16,361891,11972,369,52,smooth_gradual,clean
SYN-0053,18,377404,12485,385,54,smooth_gradual,clean
SYN-0053,20,378714,12529,386,54,smooth_gradual,clean
SYN-0053,22,386606,12790,394,55,smooth_gradual,clean
SYN-0053,24,392475,12984,400,56,smooth_gradual,clean
SYN-0265,0,0,0,0,0,step_like_batches,botted
SYN-0265,2,15848,104,2,7,step_like_batches,botted
SYN-0265,4,47167,311,7,22,step_like_batches,botted
SYN-0265,6,62181,410,9,29,step_like_batches,botted
SYN-0265,8,76742,506,11,36,step_like_batches,botted
SYN-0265,10,95919,632,13,45,step_like_batches,botted
SYN-0265,12,202701,1336,28,95,step_like_batches,botted
SYN-0265,14,202701,1336,28,95,step_like_batches,botted
SYN-0265,16,378525,2494,53,178,step_like_batches,botted
SYN-0265,18,402365,2651,56,189,step_like_batches,botted
SYN-0265,20,585085,3855,82,275,step_like_batches,botted
SYN-0265,22,616889,4065,86,290,step_like_batches,botted
SYN-0265,24,850000,5601,119,399,step_like_batches,botted
SYN-0066,0,0,0,0,0,smooth_gradual,clean
SYN-0066,2,107,1,0,0,smooth_gradual,clean
SYN-0066,4,181,2,0,0,smooth_gradual,clean
SYN-0066,6,249,3,0,1,smooth_gradual,clean
SYN-0066,8,290,3,0,1,smooth_gradual,clean
SYN-0066,10,334,4,0,1,smooth_gradual,clean
SYN-0066,12,356,4,0,1,smooth_gradual,clean
SYN-0066,14,383,4,0,1,smooth_gradual,clean
SYN-0066,16,392,5,0,1,smooth_gradual,clean
SYN-0066,18,413,5,0,1,smooth_gradual,clean
SYN-0066,20,416,5,0,1,smooth_gradual,clean
SYN-0066,22,422,5,0,1,smooth_gradual,clean
SYN-0066,24,430,5,0,1,smooth_gradual,clean
SYN-0011,0,0,0,0,0,normal_viral_smooth,clean
SYN-0011,2,160,3,0,0,normal_viral_smooth,clean
SYN-0011,4,600,10,2,0,normal_viral_smooth,clean
SYN-0011,6,1345,23,3,1,normal_viral_smooth,clean
SYN-0011,8,2450,42,6,2,normal_viral_smooth,clean
SYN-0011,10,3852,65,10,3,normal_viral_smooth,clean
SYN-0011,12,5904,100,15,4,normal_viral_smooth,clean
SYN-0011,14,7749,132,20,6,normal_viral_smooth,clean
SYN-0011,16,9118,155,23,7,normal_viral_smooth,clean
SYN-0011,18,9799,166,25,7,normal_viral_smooth,clean
SYN-0011,20,10351,176,27,8,normal_viral_smooth,clean
SYN-0011,22,10748,183,28,8,normal_viral_smooth,clean
SYN-0011,24,10894,185,28,8,normal_viral_smooth,clean
SYN-0282,0,0,0,0,0,step_like_batches,botted
SYN-0282,2,977,26,0,3,step_like_batches,botted
SYN-0282,4,2343,49,1,5,step_like_batches,botted
SYN-0282,6,3275,70,1,7,step_like_batches,botted
SYN-0282,8,4843,88,1,9,step_like_batches,botted
SYN-0282,10,4843,103,1,10,step_like_batches,botted
SYN-0282,12,10114,117,1,12,step_like_batches,botted
SYN-0282,14,11257,130,2,13,step_like_batches,botted
SYN-0282,16,19785,141,2,14,step_like_batches,botted
SYN-0282,18,21333,150,2,15,step_like_batches,botted
SYN-0282,20,31348,159,2,16,step_like_batches,botted
SYN-0282,22,32449,166,2,16,step_like_batches,botted
SYN-0282,24,44942,173,2,17,step_like_batches,botted
SYN-0099,0,0,0,0,0,smooth_gradual,clean
SYN-0099,2,28,3,0,0,smooth_gradual,clean
SYN-0099,4,49,5,0,0,smooth_gradual,clean
SYN-0099,6,68,6,0,1,smooth_gradual,clean
SYN-0099,8,81,8,0,1,smooth_gradual,clean
SYN-0099,10,89,8,0,1,smooth_gradual,clean
SYN-0099,12,97,9,0,1,smooth_gradual,clean
SYN-0099,14,103,10,0,1,smooth_gradual,clean
SYN-0099,16,106,10,0,1,smooth_gradual,clean
SYN-0099,18,111,10,0,1,smooth_gradual,clean
SYN-0099,20,115,11,0,1,smooth_gradual,clean
SYN-0099,22,115,11,0,1,smooth_gradual,clean
SYN-0099,24,117,11,0,1,smooth_gradual,clean
SYN-0248,0,0,0,0,0,step_like_batches,botted
SYN-0248,2,2059,55,0,2,step_like_batches,botted
SYN-0248,4,3112,103,0,4,step_like_batches,botted
SYN-0248,6,4005,145,0,5,step_like_batches,botted
SYN-0248,8,6447,183,0,7,step_like_batches,botted
SYN-0248,10,6629,216,0,8,step_like_batches,botted
SYN-0248,12,13801,245,0,9,step_like_batches,botted
SYN-0248,14,14084,271,0,10,step_like_batches,botted
SYN-0248,16,26138,294,0,11,step_like_batches,botted
SYN-0248,18,26721,314,0,11,step_like_batches,botted
SYN-0248,20,39441,332,0,12,step_like_batches,botted
SYN-0248,22,42128,347,0,13,step_like_batches,botted
SYN-0248,24,57492,361,0,13,step_like_batches,botted
SYN-0008,0,0,0,0,0,smooth_gradual,clean
SYN-0008,2,2260,185,2,14,smooth_gradual,clean
SYN-0008,4,4285,350,4,27,smooth_gradual,clean
SYN-0008,6,5582,456,6,36,smooth_gradual,clean
SYN-0008,8,6817,557,7,44,smooth_gradual,clean
SYN-0008,10,7615,623,8,49,smooth_gradual,clean
SYN-0008,12,8166,668,8,52,smooth_gradual,clean
SYN-0008,14,8657,708,9,55,smooth_gradual,clean
SYN-0008,16,9015,737,9,58,smooth_gradual,clean
SYN-0008,18,9300,760,9,59,smooth_gradual,clean
SYN-0008,20,9568,782,10,61,smooth_gradual,clean
SYN-0008,22,9589,784,10,61,smooth_gradual,clean
SYN-0008,24,9860,806,10,63,smooth_gradual,clean
SYN-0165,0,0,0,0,0,step_like_batches,suspicious
SYN-0165,2,313,33,0,3,step_like_batches,suspicious
SYN-0165,4,497,62,1,5,step_like_batches,suspicious
SYN-0165,6,573,87,1,7,step_like_batches,suspicious
SYN-0165,8,1021,109,1,9,step_like_batches,suspicious
SYN-0165,10,1240,129,1,10,step_like_batches,suspicious
SYN-0165,12,2389,147,1,12,step_like_batches,suspicious
SYN-0165,14,2389,162,2,13,step_like_batches,suspicious
SYN-0165,16,4377,176,2,14,step_like_batches,suspicious
SYN-0165,18,4679,188,2,15,step_like_batches,suspicious
SYN-0165,20,6867,198,2,16,step_like_batches,suspicious
SYN-0165,22,7144,208,2,16,step_like_batches,suspicious
SYN-0165,24,10000,216,2,17,step_like_batches,suspicious
SYN-0173,0,0,0,0,0,flat_then_spike,suspicious
SYN-0173,2,16329,1735,1,97,flat_then_spike,suspicious
SYN-0173,4,24560,3266,1,183,flat_then_spike,suspicious
SYN-0173,6,24560,4617,2,259,flat_then_spike,suspicious
SYN-0173,8,24560,5809,3,326,flat_then_spike,suspicious
SYN-0173,10,24560,6862,3,385,flat_then_spike,suspicious
SYN-0173,12,28822,7790,3,437,flat_then_spike,suspicious
SYN-0173,14,28822,8610,4,483,flat_then_spike,suspicious
SYN-0173,16,260125,9333,4,523,flat_then_spike,suspicious
SYN-0173,18,439029,9971,4,559,flat_then_spike,suspicious
SYN-0173,20,496500,10534,5,591,flat_then_spike,suspicious
SYN-0173,22,538881,11031,5,618,flat_then_spike,suspicious
SYN-0173,24,600000,11470,5,643,flat_then_spike,suspicious
SYN-0043,0,0,0,0,0,normal_viral_smooth,clean
SYN-0043,2,45,4,0,0,normal_viral_smooth,clean
SYN-0043,4,196,16,2,0,normal_viral_smooth,clean
SYN-0043,6,359,28,3,0,normal_viral_smooth,clean
SYN-0043,8,597,47,5,1,normal_viral_smooth,clean
SYN-0043,10,1044,83,9,1,normal_viral_smooth,clean
SYN-0043,12,1553,123,14,2,normal_viral_smooth,clean
SYN-0043,14,1988,157,17,2,normal_viral_smooth,clean
SYN-0043,16,2377,188,21,3,normal_viral_smooth,clean
SYN-0043,18,2614,207,23,3,normal_viral_smooth,clean
SYN-0043,20,2691,213,24,3,normal_viral_smooth,clean
SYN-0043,22,2767,219,24,3,normal_viral_smooth,clean
SYN-0043,24,2846,225,25,3,normal_viral_smooth,clean
SYN-0046,0,0,0,0,0,smooth_gradual,clean
SYN-0046,2,19679,2615,197,222,smooth_gradual,clean
SYN-0046,4,33810,4493,338,382,smooth_gradual,clean
SYN-0046,6,45811,6088,458,518,smooth_gradual,clean
SYN-0046,8,54707,7270,547,618,smooth_gradual,clean
SYN-0046,10,62393,8292,624,705,smooth_gradual,clean
SYN-0046,12,67358,8952,673,761,smooth_gradual,clean
SYN-0046,14,71357,9483,713,806,smooth_gradual,clean
SYN-0046,16,72732,9666,727,822,smooth_gradual,clean
SYN-0046,18,76762,10201,767,867,smooth_gradual,clean
SYN-0046,20,76762,10201,767,867,smooth_gradual,clean
SYN-0046,22,79200,10525,792,895,smooth_gradual,clean
SYN-0046,24,79920,10621,799,903,smooth_gradual,clean
SYN-0095,0,0,0,0,0,normal_viral_smooth,clean
SYN-0095,2,2755,78,7,0,normal_viral_smooth,clean
SYN-0095,4,10573,300,26,2,normal_viral_smooth,clean
SYN-0095,6,19537,554,48,3,normal_viral_smooth,clean
SYN-0095,8,34397,975,84,6,normal_viral_smooth,clean
SYN-0095,10,56059,1589,138,10,normal_viral_smooth,clean
SYN-0095,12,83091,2355,204,14,normal_viral_smooth,clean
SYN-0095,14,104340,2958,256,18,normal_viral_smooth,clean
SYN-0095,16,123586,3503,303,21,normal_viral_smooth,clean
SYN-0095,18,137412,3895,337,24,normal_viral_smooth,clean
SYN-0095,20,142912,4051,351,25,normal_viral_smooth,clean
SYN-0095,22,150146,4256,368,26,normal_viral_smooth,clean
SYN-0095,24,150357,4262,369,26,normal_viral_smooth,clean
SYN-0251,0,0,0,0,0,vertical_spike_no_engagement,botted
SYN-0251,2,454,172,0,2,vertical_spike_no_engagement,botted
SYN-0251,4,454,324,1,3,vertical_spike_no_engagement,botted
SYN-0251,6,454,458,1,5,vertical_spike_no_engagement,botted
SYN-0251,8,497,576,1,6,vertical_spike_no_engagement,botted
SYN-0251,10,526,681,1,7,vertical_spike_no_engagement,botted
SYN-0251,12,526,773,1,8,vertical_spike_no_engagement,botted
SYN-0251,14,526,854,2,9,vertical_spike_no_engagement,botted
SYN-0251,16,621,926,2,10,vertical_spike_no_engagement,botted
SYN-0251,18,12559,989,2,10,vertical_spike_no_engagement,botted
SYN-0251,20,16201,1045,2,11,vertical_spike_no_engagement,botted
SYN-0251,22,17439,1094,2,12,vertical_spike_no_engagement,botted
SYN-0251,24,18407,1138,2,12,vertical_spike_no_engagement,botted
SYN-0289,0,0,0,0,0,likes_freeze,botted
SYN-0289,2,0,95,4,51,likes_freeze,botted
SYN-0289,4,8008,158,7,85,likes_freeze,botted
SYN-0289,6,10238,181,8,98,likes_freeze,botted
SYN-0289,8,10238,181,8,98,likes_freeze,botted
SYN-0289,10,10238,181,8,98,likes_freeze,botted
SYN-0289,12,36012,181,8,98,likes_freeze,botted
SYN-0289,14,172382,181,8,98,likes_freeze,botted
SYN-0289,16,304838,181,8,98,likes_freeze,botted
SYN-0289,18,336826,181,8,98,likes_freeze,botted
SYN-0289,20,371845,181,8,98,likes_freeze,botted
SYN-0289,22,405180,181,8,98,likes_freeze,botted
SYN-0289,24,429417,279,13,150,likes_freeze,botted
SYN-0106,0,0,0,0,0,flat_then_spike,suspicious
SYN-0106,2,7688,747,2,99,flat_then_spike,suspicious
SYN-0106,4,25523,1407,4,186,flat_then_spike,suspicious
SYN-0106,6,25523,1989,5,263,flat_then_spike,suspicious
SYN-0106,8,25523,2503,7,331,flat_then_spike,suspicious
SYN-0106,10,32089,2956,8,391,flat_then_spike,suspicious
SYN-0106,12,32089,3357,9,444,flat_then_spike,suspicious
SYN-0106,14,32089,3710,10,490,flat_then_spike,suspicious
SYN-0106,16,259131,4021,11,531,flat_then_spike,suspicious
SYN-0106,18,435996,4296,11,568,flat_then_spike,suspicious
SYN-0106,20,489721,4539,12,600,flat_then_spike,suspicious
SYN-0106,22,539054,4753,13,628,flat_then_spike,suspicious
SYN-0106,24,600000,4942,13,653,flat_then_spike,suspicious
SYN-0102,0,0,0,0,0,smooth_gradual,clean
SYN-0102,2,4299,100,8,6,smooth_gradual,clean
SYN-0102,4,7291,170,13,11,smooth_gradual,clean
SYN-0102,6,9826,229,18,15,smooth_gradual,clean
SYN-0102,8,11239,261,20,17,smooth_gradual,clean
SYN-0102,10,13032,303,23,19,smooth_gradual,clean
SYN-0102,12,13799,321,25,21,smooth_gradual,clean
SYN-0102,14,14832,345,27,22,smooth_gradual,clean
SYN-0102,16,15311,356,27,23,smooth_gradual,clean
SYN-0102,18,15882,369,28,24,smooth_gradual,clean
SYN-0102,20,16420,382,29,25,smooth_gradual,clean
SYN-0102,22,16723,389,30,25,smooth_gradual,clean
SYN-0102,24,16723,389,30,25,smooth_gradual,clean
SYN-0078,0,0,0,0,0,normal_viral_smooth,clean
SYN-0078,2,14,2,0,0,normal_viral_smooth,clean
SYN-0078,4,36,4,0,0,normal_viral_smooth,clean
SYN-0078,6,76,9,1,0,normal_viral_smooth,clean
SYN-0078,8,140,17,1,0,normal_viral_smooth,clean
SYN-0078,10,225,27,2,0,normal_viral_smooth,clean
SYN-0078,12,322,38,3,1,normal_viral_smooth,clean
SYN-0078,14,427,51,4,1,normal_viral_smooth,clean
SYN-0078,16,497,59,5,1,normal_viral_smooth,clean
SYN-0078,18,543,64,5,1,normal_viral_smooth,clean
SYN-0078,20,569,67,6,1,normal_viral_smooth,clean
SYN-0078,22,588,70,6,1,normal_viral_smooth,clean
SYN-0078,24,599,71,6,1,normal_viral_smooth,clean
SYN-0130,0,0,0,0,0,step_like_batches,suspicious
SYN-0130,2,428,8,0,1,step_like_batches,suspicious
SYN-0130,4,428,8,0,1,step_like_batches,suspicious
SYN-0130,6,512,9,0,1,step_like_batches,suspicious
SYN-0130,8,871,15,1,1,step_like_batches,suspicious
SYN-0130,10,1110,20,1,1,step_like_batches,suspicious
SYN-0130,12,2444,43,1,3,step_like_batches,suspicious
SYN-0130,14,2494,44,1,3,step_like_batches,suspicious
SYN-0130,16,4524,80,3,5,step_like_batches,suspicious
SYN-0130,18,4734,84,3,6,step_like_batches,suspicious
SYN-0130,20,6869,122,4,8,step_like_batches,suspicious
SYN-0130,22,7215,128,4,9,step_like_batches,suspicious
SYN-0130,24,10000,177,6,12,step_like_batches,suspicious
SYN-0261,0,0,0,0,0,likes_freeze,botted
SYN-0261,2,131,115,1,1,likes_freeze,botted
SYN-0261,4,131,191,1,2,likes_freeze,botted
SYN-0261,6,131,220,1,2,likes_freeze,botted
SYN-0261,8,191,220,1,2,likes_freeze,botted
SYN-0261,10,281,220,1,2,likes_freeze,botted
SYN-0261,12,690,220,1,2,likes_freeze,botted
SYN-0261,14,4172,220,1,2,likes_freeze,botted
SYN-0261,16,7196,220,1,2,likes_freeze,botted
SYN-0261,18,7763,220,1,2,likes_freeze,botted
SYN-0261,20,8591,220,1,2,likes_freeze,botted
SYN-0261,22,9199,220,1,2,likes_freeze,botted
SYN-0261,24,10000,338,2,3,likes_freeze,botted
SYN-0113,0,0,0,0,0,low_engagement_smooth,suspicious
SYN-0113,2,6280,101,4,11,low_engagement_smooth,suspicious
SYN-0113,4,7349,118,5,12,low_engagement_smooth,suspicious
SYN-0113,6,34316,552,24,58,low_engagement_smooth,suspicious
SYN-0113,8,70140,1127,49,118,low_engagement_smooth,suspicious
SYN-0113,10,145315,2336,101,244,low_engagement_smooth,suspicious
SYN-0113,12,234264,3765,163,393,low_engagement_smooth,suspicious
SYN-0113,14,341913,5496,238,573,low_engagement_smooth,suspicious
SYN-0113,16,450043,7234,313,755,low_engagement_smooth,suspicious
SYN-0113,18,516396,8300,359,866,low_engagement_smooth,suspicious
SYN-0113,20,563058,9050,391,944,low_engagement_smooth,suspicious
SYN-0113,22,591798,9512,411,992,low_engagement_smooth,suspicious
SYN-0113,24,600000,9644,417,1006,low_engagement_smooth,suspicious
SYN-0193,0,0,0,0,0,late_like_spike,suspicious
SYN-0193,2,38848,148,14,6,late_like_spike,suspicious
SYN-0193,4,64172,160,16,6,late_like_spike,suspicious
SYN-0193,6,89974,171,17,7,late_like_spike,suspicious
SYN-0193,8,111116,182,18,7,late_like_spike,suspicious
SYN-0193,10,131223,194,19,8,late_like_spike,suspicious
SYN-0193,12,144734,205,20,8,late_like_spike,suspicious
SYN-0193,14,153454,217,21,8,late_like_spike,suspicious
SYN-0193,16,165326,228,22,9,late_like_spike,suspicious
SYN-0193,18,171667,342,33,13,late_like_spike,suspicious
SYN-0193,20,181258,684,67,27,late_like_spike,suspicious
SYN-0193,22,187264,1026,100,40,late_like_spike,suspicious
SYN-0193,24,191189,1368,133,53,late_like_spike,suspicious
SYN-0071,0,0,0,0,0,smooth_gradual,clean
SYN-0071,2,563,7,1,2,smooth_gradual,clean
SYN-0071,4,1007,12,2,4,smooth_gradual,clean
SYN-0071,6,1316,16,2,6,smooth_gradual,clean
SYN-0071,8,1551,18,3,7,smooth_gradual,clean
SYN-0071,10,1723,21,3,8,smooth_gradual,clean
SYN-0071,12,1898,23,3,8,smooth_gradual,clean
SYN-0071,14,1978,24,3,9,smooth_gradual,clean
SYN-0071,16,2117,25,4,9,smooth_gradual,clean
SYN-0071,18,2128,25,4,9,smooth_gradual,clean
SYN-0071,20,2206,26,4,10,smooth_gradual,clean
SYN-0071,22,2210,26,4,10,smooth_gradual,clean
SYN-0071,24,2269,27,4,10,smooth_gradual,clean
SYN-0143,0,0,0,0,0,flat_then_spike,suspicious
SYN-0143,2,21482,457,2,15,flat_then_spike,suspicious
SYN-0143,4,21482,861,3,28,flat_then_spike,suspicious
SYN-0143,6,21482,1217,4,39,flat_then_spike,suspicious
SYN-0143,8,21482,1532,5,50,flat_then_spike,suspicious
SYN-0143,10,21482,1809,6,59,flat_then_spike,suspicious
SYN-0143,12,32532,2054,7,67,flat_then_spike,suspicious
SYN-0143,14,32532,2270,8,74,flat_then_spike,suspicious
SYN-0143,16,263096,2461,8,80,flat_then_spike,suspicious
SYN-0143,18,435872,2629,9,85,flat_then_spike,suspicious
SYN-0143,20,485667,2777,9,90,flat_then_spike,suspicious
SYN-0143,22,550438,2908,10,94,flat_then_spike,suspicious
SYN-0143,24,600000,3024,10,98,flat_then_spike,suspicious
SYN-0235,0,0,0,0,0,step_like_batches,botted
SYN-0235,2,751,27,0,2,step_like_batches,botted
SYN-0235,4,1988,51,0,5,step_like_batches,botted
SYN-0235,6,2543,72,0,6,step_like_batches,botted
SYN-0235,8,4376,91,1,8,step_like_batches,botted
SYN-0235,10,5003,108,1,10,step_like_batches,botted
SYN-0235,12,9900,122,1,11,step_like_batches,botted
SYN-0235,14,10774,135,1,12,step_like_batches,botted
SYN-0235,16,19958,146,1,13,step_like_batches,botted
SYN-0235,18,20441,156,1,14,step_like_batches,botted
SYN-0235,20,31782,165,1,15,step_like_batches,botted
SYN-0235,22,32384,173,1,15,step_like_batches,botted
SYN-0235,24,44648,180,1,16,step_like_batches,botted
SYN-0245,0,0,0,0,0,step_like_batches,botted
SYN-0245,2,380,13,0,1,step_like_batches,botted
SYN-0245,4,550,21,1,1,step_like_batches,botted
SYN-0245,6,608,25,1,1,step_like_batches,botted
SYN-0245,8,880,25,1,1,step_like_batches,botted
SYN-0245,10,951,25,1,1,step_like_batches,botted
SYN-0245,12,2350,25,1,1,step_like_batches,botted
SYN-0245,14,2350,25,1,1,step_like_batches,botted
SYN-0245,16,4576,25,1,1,step_like_batches,botted
SYN-0245,18,4720,25,1,1,step_like_batches,botted
SYN-0245,20,6959,25,1,1,step_like_batches,botted
SYN-0245,22,7075,25,1,1,step_like_batches,botted
SYN-0245,24,10000,38,1,2,step_like_batches,botted
SYN-0089,0,0,0,0,0,normal_viral_smooth,clean
SYN-0089,2,7185,130,10,33,normal_viral_smooth,clean
SYN-0089,4,28972,523,38,133,normal_viral_smooth,clean
SYN-0089,6,63151,1141,84,290,normal_viral_smooth,clean
SYN-0089,8,120990,2185,161,556,normal_viral_smooth,clean
SYN-0089,10,202072,3650,268,928,normal_viral_smooth,clean
SYN-0089,12,286747,5179,381,1317,normal_viral_smooth,clean
SYN-0089,14,369155,6668,490,1696,normal_viral_smooth,clean
SYN-0089,16,429679,7761,571,1974,normal_viral_smooth,clean
SYN-0089,18,477405,8623,634,2193,normal_viral_smooth,clean
SYN-0089,20,507839,9172,674,2333,normal_viral_smooth,clean
SYN-0089,22,515226,9306,684,2367,normal_viral_smooth,clean
SYN-0089,24,527911,9535,701,2425,normal_viral_smooth,clean
SYN-0270,0,0,0,0,0,flat_then_spike,botted
SYN-0270,2,257,79,0,1,flat_then_spike,botted
SYN-0270,4,257,148,0,2,flat_then_spike,botted
SYN-0270,6,295,209,0,2,flat_then_spike,botted
SYN-0270,8,361,263,1,3,flat_then_spike,botted
SYN-0270,10,460,311,1,4,flat_then_spike,botted
SYN-0270,12,460,353,1,4,flat_then_spike,botted
SYN-0270,14,460,390,1,5,flat_then_spike,botted
SYN-0270,16,4428,423,1,5,flat_then_spike,botted
SYN-0270,18,7185,452,1,5,flat_then_spike,botted
SYN-0270,20,8094,478,1,6,flat_then_spike,botted
SYN-0270,22,8996,500,1,6,flat_then_spike,botted
SYN-0270,24,10000,520,1,6,flat_then_spike,botted
SYN-0234,0,0,0,0,0,likes_freeze,botted
SYN-0234,2,64,24,0,1,likes_freeze,botted
SYN-0234,4,64,40,1,1,likes_freeze,botted
SYN-0234,6,64,46,1,1,likes_freeze,botted
SYN-0234,8,410,46,1,1,likes_freeze,botted
SYN-0234,10,410,46,1,1,likes_freeze,botted
SYN-0234,12,1076,46,1,1,likes_freeze,botted
SYN-0234,14,5544,46,1,1,likes_freeze,botted
SYN-0234,16,9966,46,1,1,likes_freeze,botted
SYN-0234,18,10935,46,1,1,likes_freeze,botted
SYN-0234,20,11964,46,1,1,likes_freeze,botted
SYN-0234,22,12766,46,1,1,likes_freeze,botted
SYN-0234,24,13879,70,1,2,likes_freeze,botted
SYN-0299,0,0,0,0,0,vertical_spike_no_engagement,botted
SYN-0299,2,2367,248,2,8,vertical_spike_no_engagement,botted
SYN-0299,4,4751,467,3,14,vertical_spike_no_engagement,botted
SYN-0299,6,4751,661,5,20,vertical_spike_no_engagement,botted
SYN-0299,8,4751,831,6,25,vertical_spike_no_engagement,botted
SYN-0299,10,4751,982,7,30,vertical_spike_no_engagement,botted
SYN-0299,12,7347,1115,8,34,vertical_spike_no_engagement,botted
SYN-0299,14,7347,1232,9,38,vertical_spike_no_engagement,botted
SYN-0299,16,7834,1335,10,41,vertical_spike_no_engagement,botted
SYN-0299,18,148605,1427,10,43,vertical_spike_no_engagement,botted
SYN-0299,20,191576,1507,11,46,vertical_spike_no_engagement,botted
SYN-0299,22,199980,1578,12,48,vertical_spike_no_engagement,botted
SYN-0299,24,216462,1641,12,50,vertical_spike_no_engagement,botted
SYN-0096,0,0,0,0,0,smooth_gradual,clean
SYN-0096,2,174,9,1,1,smooth_gradual,clean
SYN-0096,4,324,18,2,3,smooth_gradual,clean
SYN-0096,6,423,23,2,3,smooth_gradual,clean
SYN-0096,8,499,27,3,4,smooth_gradual,clean
SYN-0096,10,571,31,3,5,smooth_gradual,clean
SYN-0096,12,600,33,3,5,smooth_gradual,clean
SYN-0096,14,650,35,4,5,smooth_gradual,clean
SYN-0096,16,682,37,4,6,smooth_gradual,clean
SYN-0096,18,704,38,4,6,smooth_gradual,clean
SYN-0096,20,704,38,4,6,smooth_gradual,clean
SYN-0096,22,721,39,4,6,smooth_gradual,clean
SYN-0096,24,733,40,4,6,smooth_gradual,clean
SYN-0191,0,0,0,0,0,step_like_batches,suspicious
SYN-0191,2,17633,150,4,20,step_like_batches,suspicious
SYN-0191,4,27053,229,5,31,step_like_batches,suspicious
SYN-0191,6,30432,258,6,35,step_like_batches,suspicious
SYN-0191,8,62238,528,13,71,step_like_batches,suspicious
SYN-0191,10,68547,581,14,78,step_like_batches,suspicious
SYN-0191,12,134537,1141,27,154,step_like_batches,suspicious
SYN-0191,14,143839,1220,29,164,step_like_batches,suspicious
SYN-0191,16,264889,2247,54,302,step_like_batches,suspicious
SYN-0191,18,265656,2253,54,303,step_like_batches,suspicious
SYN-0191,20,403586,3423,82,461,step_like_batches,suspicious
SYN-0191,22,427431,3626,86,488,step_like_batches,suspicious
SYN-0191,24,583449,4949,118,666,step_like_batches,suspicious
SYN-0085,0,0,0,0,0,smooth_gradual,clean
SYN-0085,2,11217,421,6,56,smooth_gradual,clean
SYN-0085,4,21398,804,12,107,smooth_gradual,clean
SYN-0085,6,27193,1021,15,136,smooth_gradual,clean
SYN-0085,8,33745,1267,19,168,smooth_gradual,clean
SYN-0085,10,37683,1415,21,188,smooth_gradual,clean
SYN-0085,12,40824,1533,23,203,smooth_gradual,clean
SYN-0085,14,43141,1620,24,215,smooth_gradual,clean
SYN-0085,16,44358,1666,25,221,smooth_gradual,clean
SYN-0085,18,46747,1756,26,233,smooth_gradual,clean
SYN-0085,20,46777,1757,26,233,smooth_gradual,clean
SYN-0085,22,47659,1790,26,237,smooth_gradual,clean
SYN-0085,24,48562,1824,27,242,smooth_gradual,clean
SYN-0229,0,0,0,0,0,step_like_batches,botted
SYN-0229,2,2543,175,0,0,step_like_batches,botted
SYN-0229,4,4331,298,0,0,step_like_batches,botted
SYN-0229,6,6617,456,1,1,step_like_batches,botted
SYN-0229,8,9932,684,1,1,step_like_batches,botted
SYN-0229,10,9932,684,1,1,step_like_batches,botted
SYN-0229,12,19691,1356,2,2,step_like_batches,botted
SYN-0229,14,22564,1553,2,2,step_like_batches,botted
SYN-0229,16,39598,2726,4,4,step_like_batches,botted
SYN-0229,18,41515,2858,4,4,step_like_batches,botted
SYN-0229,20,62621,4311,6,6,step_like_batches,botted
SYN-0229,22,62779,4322,6,6,step_like_batches,botted
SYN-0229,24,88928,6122,9,8,step_like_batches,botted
SYN-0144,0,0,0,0,0,step_like_batches,suspicious
SYN-0144,2,415,17,1,0,step_like_batches,suspicious
SYN-0144,4,415,33,1,1,step_like_batches,suspicious
SYN-0144,6,671,46,2,1,step_like_batches,suspicious
SYN-0144,8,1127,58,3,1,step_like_batches,suspicious
SYN-0144,10,1127,69,3,1,step_like_batches,suspicious
SYN-0144,12,2403,78,3,1,step_like_batches,suspicious
SYN-0144,14,2403,86,4,2,step_like_batches,suspicious
SYN-0144,16,4442,94,4,2,step_like_batches,suspicious
SYN-0144,18,4498,100,4,2,step_like_batches,suspicious
SYN-0144,20,7063,106,5,2,step_like_batches,suspicious
SYN-0144,22,7063,111,5,2,step_like_batches,suspicious
SYN-0144,24,10000,115,5,2,step_like_batches,suspicious
SYN-0216,0,0,0,0,0,step_like_batches,botted
SYN-0216,2,26278,30,4,3,step_like_batches,botted
SYN-0216,4,27534,31,4,3,step_like_batches,botted
SYN-0216,6,39076,44,5,4,step_like_batches,botted
SYN-0216,8,51084,57,7,6,step_like_batches,botted
SYN-0216,10,63024,71,9,7,step_like_batches,botted
SYN-0216,12,129936,146,18,14,step_like_batches,botted
SYN-0216,14,136088,153,19,15,step_like_batches,botted
SYN-0216,16,259511,292,36,28,step_like_batches,botted
SYN-0216,18,277884,313,38,30,step_like_batches,botted
SYN-0216,20,412479,464,57,45,step_like_batches,botted
SYN-0216,22,423870,477,58,46,step_like_batches,botted
SYN-0216,24,594667,669,82,65,step_like_batches,botted
SYN-0117,0,0,0,0,0,late_like_spike,suspicious
SYN-0117,2,24106,402,1,4,late_like_spike,suspicious
SYN-0117,4,43698,757,1,8,late_like_spike,suspicious
SYN-0117,6,56996,1070,2,12,late_like_spike,suspicious
SYN-0117,8,73027,1346,3,15,late_like_spike,suspicious
SYN-0117,10,82388,1590,3,17,late_like_spike,suspicious
SYN-0117,12,92500,1805,3,20,late_like_spike,suspicious
SYN-0117,14,98652,1995,4,22,late_like_spike,suspicious
SYN-0117,16,106670,2163,4,24,late_like_spike,suspicious
SYN-0117,18,109891,2311,4,25,late_like_spike,suspicious
SYN-0117,20,114658,2441,5,27,late_like_spike,suspicious
SYN-0117,22,119795,2556,5,28,late_like_spike,suspicious
SYN-0117,24,122495,2658,5,29,late_like_spike,suspicious
SYN-0256,0,0,0,0,0,likes_freeze,botted
SYN-0256,2,10677,1602,14,137,likes_freeze,botted
SYN-0256,4,14315,2658,23,227,likes_freeze,botted
SYN-0256,6,14315,3056,26,261,likes_freeze,botted
SYN-0256,8,25065,3056,26,261,likes_freeze,botted
SYN-0256,10,29532,3056,26,261,likes_freeze,botted
SYN-0256,12,77329,3056,26,261,likes_freeze,botted
SYN-0256,14,338610,3056,26,261,likes_freeze,botted
SYN-0256,16,596825,3056,26,261,likes_freeze,botted
SYN-0256,18,655356,3056,26,261,likes_freeze,botted
SYN-0256,20,725481,3056,26,261,likes_freeze,botted
SYN-0256,22,794615,3056,26,261,likes_freeze,botted
SYN-0256,24,850000,4701,40,401,likes_freeze,botted
SYN-0203,0,0,0,0,0,step_like_batches,botted
SYN-0203,2,21434,35,0,8,step_like_batches,botted
SYN-0203,4,47693,79,0,18,step_like_batches,botted
SYN-0203,6,47693,79,0,18,step_like_batches,botted
SYN-0203,8,79447,131,1,31,step_like_batches,botted
SYN-0203,10,91563,151,1,35,step_like_batches,botted
SYN-0203,12,189004,312,2,73,step_like_batches,botted
SYN-0203,14,213356,353,2,82,step_like_batches,botted
SYN-0203,16,377592,624,3,145,step_like_batches,botted
SYN-0203,18,386603,639,3,149,step_like_batches,botted
SYN-0203,20,600299,992,5,231,step_like_batches,botted
SYN-0203,22,605559,1001,5,233,step_like_batches,botted
SYN-0203,24,850000,1405,7,327,step_like_batches,botted
SYN-0063,0,0,0,0,0,normal_viral_smooth,clean
SYN-0063,2,10,1,0,0,normal_viral_smooth,clean
SYN-0063,4,23,2,0,0,normal_viral_smooth,clean
SYN-0063,6,58,5,1,1,normal_viral_smooth,clean
SYN-0063,8,103,9,1,2,normal_viral_smooth,clean
SYN-0063,10,167,15,2,3,normal_viral_smooth,clean
SYN-0063,12,252,23,3,4,normal_viral_smooth,clean
SYN-0063,14,328,30,4,5,normal_viral_smooth,clean
SYN-0063,16,386,35,5,6,normal_viral_smooth,clean
SYN-0063,18,422,38,5,6,normal_viral_smooth,clean
SYN-0063,20,441,40,6,7,normal_viral_smooth,clean
SYN-0063,22,452,41,6,7,normal_viral_smooth,clean
SYN-0063,24,463,42,6,7,normal_viral_smooth,clean
SYN-0232,0,0,0,0,0,step_like_batches,botted
SYN-0232,2,22540,37,3,5,step_like_batches,botted
SYN-0232,4,36187,59,5,8,step_like_batches,botted
SYN-0232,6,41083,67,6,9,step_like_batches,botted
SYN-0232,8,83519,135,11,18,step_like_batches,botted
SYN-0232,10,86753,141,12,19,step_like_batches,botted
SYN-0232,12,207936,337,28,46,step_like_batches,botted
SYN-0232,14,215190,349,29,47,step_like_batches,botted
SYN-0232,16,383545,621,51,84,step_like_batches,botted
SYN-0232,18,385233,624,52,85,step_like_batches,botted
SYN-0232,20,597238,968,80,131,step_like_batches,botted
SYN-0232,22,616167,998,83,136,step_like_batches,botted
SYN-0232,24,850000,1377,114,187,step_like_batches,botted
SYN-0257,0,0,0,0,0,likes_freeze,botted
SYN-0257,2,0,1781,1,98,likes_freeze,botted
SYN-0257,4,6975,2955,2,163,likes_freeze,botted
SYN-0257,6,18978,3398,2,188,likes_freeze,botted
SYN-0257,8,18978,3398,2,188,likes_freeze,botted
SYN-0257,10,18978,3398,2,188,likes_freeze,botted
SYN-0257,12,72005,3398,2,188,likes_freeze,botted
SYN-0257,14,342727,3398,2,188,likes_freeze,botted
SYN-0257,16,614211,3398,2,188,likes_freeze,botted
SYN-0257,18,665896,3398,2,188,likes_freeze,botted
SYN-0257,20,736802,3398,2,188,likes_freeze,botted
SYN-0257,22,797437,3398,2,188,likes_freeze,botted
SYN-0257,24,850000,5227,3,289,likes_freeze,botted
SYN-0187,0,0,0,0,0,flat_then_spike,suspicious
SYN-0187,2,1862,132,6,1,flat_then_spike,suspicious
SYN-0187,4,1862,249,12,2,flat_then_spike,suspicious
SYN-0187,6,3748,351,17,3,flat_then_spike,suspicious
SYN-0187,8,3748,442,21,4,flat_then_spike,suspicious
SYN-0187,10,3748,522,25,5,flat_then_spike,suspicious
SYN-0187,12,4216,593,29,5,flat_then_spike,suspicious
SYN-0187,14,5185,655,32,6,flat_then_spike,suspicious
SYN-0187,16,37120,710,34,7,flat_then_spike,suspicious
SYN-0187,18,60850,759,37,7,flat_then_spike,suspicious
SYN-0187,20,67824,802,39,7,flat_then_spike,suspicious
SYN-0187,22,75292,840,40,8,flat_then_spike,suspicious
SYN-0187,24,83630,873,42,8,flat_then_spike,suspicious
SYN-0269,0,0,0,0,0,step_like_batches,botted
SYN-0269,2,302,1,0,0,step_like_batches,botted
SYN-0269,4,361,2,0,1,step_like_batches,botted
SYN-0269,6,616,3,0,1,step_like_batches,botted
SYN-0269,8,1087,4,1,2,step_like_batches,botted
SYN-0269,10,1168,5,1,2,step_like_batches,botted
SYN-0269,12,2176,5,1,2,step_like_batches,botted
SYN-0269,14,2533,6,1,2,step_like_batches,botted
SYN-0269,16,4435,7,1,2,step_like_batches,botted
SYN-0269,18,4726,7,1,3,step_like_batches,botted
SYN-0269,20,6901,7,1,3,step_like_batches,botted
SYN-0269,22,7164,8,1,3,step_like_batches,botted
SYN-0269,24,10000,8,1,3,step_like_batches,botted
SYN-0050,0,0,0,0,0,smooth_gradual,clean
SYN-0050,2,49,5,0,1,smooth_gradual,clean
SYN-0050,4,81,9,0,1,smooth_gradual,clean
SYN-0050,6,109,11,1,1,smooth_gradual,clean
SYN-0050,8,129,14,1,1,smooth_gradual,clean
SYN-0050,10,144,15,1,2,smooth_gradual,clean
SYN-0050,12,160,17,1,2,smooth_gradual,clean
SYN-0050,14,169,18,1,2,smooth_gradual,clean
SYN-0050,16,176,19,1,2,smooth_gradual,clean
SYN-0050,18,181,19,1,2,smooth_gradual,clean
SYN-0050,20,184,19,1,2,smooth_gradual,clean
SYN-0050,22,185,19,1,2,smooth_gradual,clean
SYN-0050,24,190,20,1,2,smooth_gradual,clean
SYN-0273,0,0,0,0,0,vertical_spike_no_engagement,botted
SYN-0273,2,928,80,1,3,vertical_spike_no_engagement,botted
SYN-0273,4,928,151,2,5,vertical_spike_no_engagement,botted
SYN-0273,6,928,214,3,7,vertical_spike_no_engagement,botted
SYN-0273,8,3397,269,4,9,vertical_spike_no_engagement,botted
SYN-0273,10,3397,318,5,11,vertical_spike_no_engagement,botted
SYN-0273,12,3397,361,5,12,vertical_spike_no_engagement,botted
SYN-0273,14,3397,399,6,14,vertical_spike_no_engagement,botted
SYN-0273,16,4588,433,7,15,vertical_spike_no_engagement,botted
SYN-0273,18,95040,462,7,16,vertical_spike_no_engagement,botted
SYN-0273,20,116125,489,7,17,vertical_spike_no_engagement,botted
SYN-0273,22,125697,512,8,17,vertical_spike_no_engagement,botted
SYN-0273,24,134531,532,8,18,vertical_spike_no_engagement,botted
SYN-0022,0,0,0,0,0,normal_viral_smooth,clean
SYN-0022,2,8074,610,10,6,normal_viral_smooth,clean
SYN-0022,4,27056,2044,34,22,normal_viral_smooth,clean
SYN-0022,6,63587,4804,79,51,normal_viral_smooth,clean
SYN-0022,8,122077,9224,152,98,normal_viral_smooth,clean
SYN-0022,10,202006,15263,252,162,normal_viral_smooth,clean
SYN-0022,12,291645,22036,364,235,normal_viral_smooth,clean
SYN-0022,14,366671,27704,458,295,normal_viral_smooth,clean
SYN-0022,16,427436,32296,534,344,normal_viral_smooth,clean
SYN-0022,18,476646,36014,595,383,normal_viral_smooth,clean
SYN-0022,20,497120,37561,621,400,normal_viral_smooth,clean
SYN-0022,22,515439,38945,643,415,normal_viral_smooth,clean
SYN-0022,24,527115,39827,658,424,normal_viral_smooth,clean
SYN-0178,0,0,0,0,0,low_engagement_smooth,suspicious
SYN-0178,2,7177,61,5,12,low_engagement_smooth,suspicious
SYN-0178,4,10269,87,7,17,low_engagement_smooth,suspicious
SYN-0178,6,31730,270,22,51,low_engagement_smooth,suspicious
SYN-0178,8,69033,587,48,112,low_engagement_smooth,suspicious
SYN-0178,10,145407,1237,100,235,low_engagement_smooth,suspicious
SYN-0178,12,231582,1971,159,374,low_engagement_smooth,suspicious
SYN-0178,14,355554,3026,245,575,low_engagement_smooth,suspicious
SYN-0178,16,447633,3809,308,724,low_engagement_smooth,suspicious
SYN-0178,18,530269,4513,365,857,low_engagement_smooth,suspicious
SYN-0178,20,559794,4764,385,905,low_engagement_smooth,suspicious
SYN-0178,22,582700,4959,401,942,low_engagement_smooth,suspicious
SYN-0178,24,600000,5106,413,970,low_engagement_smooth,suspicious
SYN-0171,0,0,0,0,0,step_like_batches,suspicious
SYN-0171,2,469,2,0,0,step_like_batches,suspicious
SYN-0171,4,906,3,0,1,step_like_batches,suspicious
SYN-0171,6,1227,4,0,1,step_like_batches,suspicious
SYN-0171,8,2405,9,1,2,step_like_batches,suspicious
SYN-0171,10,2784,10,1,3,step_like_batches,suspicious
SYN-0171,12,5472,20,2,5,step_like_batches,suspicious
SYN-0171,14,5561,20,2,6,step_like_batches,suspicious
SYN-0171,16,10832,39,4,11,step_like_batches,suspicious
SYN-0171,18,10832,39,4,11,step_like_batches,suspicious
SYN-0171,20,17061,62,6,17,step_like_batches,suspicious
SYN-0171,22,17141,62,6,17,step_like_batches,suspicious
SYN-0171,24,24034,87,8,24,step_like_batches,suspicious
SYN-0073,0,0,0,0,0,normal_viral_smooth,clean
SYN-0073,2,56,7,0,1,normal_viral_smooth,clean
SYN-0073,4,90,12,0,1,normal_viral_smooth,clean
SYN-0073,6,231,30,1,3,normal_viral_smooth,clean
SYN-0073,8,418,54,1,6,normal_viral_smooth,clean
SYN-0073,10,643,82,2,9,normal_viral_smooth,clean
SYN-0073,12,952,122,3,14,normal_viral_smooth,clean
SYN-0073,14,1236,159,4,18,normal_viral_smooth,clean
SYN-0073,16,1439,185,4,21,normal_viral_smooth,clean
SYN-0073,18,1602,205,5,23,normal_viral_smooth,clean
SYN-0073,20,1692,217,5,24,normal_viral_smooth,clean
SYN-0073,22,1714,220,5,24,normal_viral_smooth,clean
SYN-0073,24,1754,225,5,25,normal_viral_smooth,clean
